2026/09/06 15:29:44 maxprocs: Leaving GOMAXPROCS=12: CPU quota undefined
I0906 15:29:44.299472       1 flags.go:57] FLAG: --add-dir-header="false"
I0906 15:29:44.299487       1 flags.go:57] FLAG: --alsologtostderr="false"
I0906 15:29:44.299490       1 flags.go:57] FLAG: --alsologtostderrthreshold="0"
I0906 15:29:44.299492       1 flags.go:57] FLAG: --ca-cert-file=""
I0906 15:29:44.299494       1 flags.go:57] FLAG: --cache-dump-dir="/tmp"
I0906 15:29:44.299496       1 flags.go:57] FLAG: --cache-dumper="true"
I0906 15:29:44.299499       1 flags.go:57] FLAG: --csi-storage="false"
I0906 15:29:44.299501       1 flags.go:57] FLAG: --default-queue="default"
I0906 15:29:44.299503       1 flags.go:57] FLAG: --disable-default-scheduler-config="false"
I0906 15:29:44.299505       1 flags.go:57] FLAG: --enable-healthz="true"
I0906 15:29:44.299506       1 flags.go:57] FLAG: --enable-metrics="true"
I0906 15:29:44.299508       1 flags.go:57] FLAG: --enable-pprof="false"
I0906 15:29:44.299510       1 flags.go:57] FLAG: --feature-gates=""
I0906 15:29:44.299526       1 flags.go:57] FLAG: --gate-removal-worker-num="5"
I0906 15:29:44.299529       1 flags.go:57] FLAG: --healthz-address=":11251"
I0906 15:29:44.299531       1 flags.go:57] FLAG: --ignored-provisioners="[]"
I0906 15:29:44.299535       1 flags.go:57] FLAG: --kube-api-burst="2000"
I0906 15:29:44.299537       1 flags.go:57] FLAG: --kube-api-qps="2000"
I0906 15:29:44.299540       1 flags.go:57] FLAG: --kubeconfig=""
I0906 15:29:44.299542       1 flags.go:57] FLAG: --leader-elect="false"
I0906 15:29:44.299544       1 flags.go:57] FLAG: --leader-elect-lease-duration="15s"
I0906 15:29:44.299546       1 flags.go:57] FLAG: --leader-elect-renew-deadline="10s"
I0906 15:29:44.299548       1 flags.go:57] FLAG: --leader-elect-resource-lock="leases"
I0906 15:29:44.299550       1 flags.go:57] FLAG: --leader-elect-resource-name="volcano"
I0906 15:29:44.299552       1 flags.go:57] FLAG: --leader-elect-resource-namespace="volcano-system"
I0906 15:29:44.299555       1 flags.go:57] FLAG: --leader-elect-retry-period="2s"
I0906 15:29:44.299558       1 flags.go:57] FLAG: --legacy-stderr-threshold-behavior="false"
I0906 15:29:44.299561       1 flags.go:57] FLAG: --listen-address=":8080"
I0906 15:29:44.299564       1 flags.go:57] FLAG: --lock-object-namespace=""
I0906 15:29:44.299567       1 flags.go:57] FLAG: --log-backtrace-at=":0"
I0906 15:29:44.299571       1 flags.go:57] FLAG: --log-dir=""
I0906 15:29:44.299573       1 flags.go:57] FLAG: --log-file=""
I0906 15:29:44.299574       1 flags.go:57] FLAG: --log-file-max-size="1800"
I0906 15:29:44.299581       1 flags.go:57] FLAG: --log-flush-frequency="5s"
I0906 15:29:44.299583       1 flags.go:57] FLAG: --logtostderr="true"
I0906 15:29:44.299585       1 flags.go:57] FLAG: --master=""
I0906 15:29:44.299587       1 flags.go:57] FLAG: --minimum-feasible-nodes="100"
I0906 15:29:44.299593       1 flags.go:57] FLAG: --minimum-percentage-nodes-to-find="5"
I0906 15:29:44.299595       1 flags.go:57] FLAG: --node-selector="[]"
I0906 15:29:44.299598       1 flags.go:57] FLAG: --node-worker-threads="20"
I0906 15:29:44.299601       1 flags.go:57] FLAG: --one-output="false"
I0906 15:29:44.299603       1 flags.go:57] FLAG: --percentage-nodes-to-find="0"
I0906 15:29:44.299605       1 flags.go:57] FLAG: --plugins-dir=""
I0906 15:29:44.299607       1 flags.go:57] FLAG: --priority-class="true"
I0906 15:29:44.299608       1 flags.go:57] FLAG: --resource-sync-timeout="1m0s"
I0906 15:29:44.299610       1 flags.go:57] FLAG: --resync-period="0s"
I0906 15:29:44.299612       1 flags.go:57] FLAG: --schedule-period="1s"
I0906 15:29:44.299614       1 flags.go:57] FLAG: --scheduler-conf="/volcano.scheduler/volcano-scheduler.conf"
I0906 15:29:44.299616       1 flags.go:57] FLAG: --scheduler-name="[volcano]"
I0906 15:29:44.299620       1 flags.go:57] FLAG: --scheduler-sharding-mode="none"
I0906 15:29:44.299623       1 flags.go:57] FLAG: --scheduler-sharding-name="volcano"
I0906 15:29:44.299626       1 flags.go:57] FLAG: --skip-headers="false"
I0906 15:29:44.299629       1 flags.go:57] FLAG: --skip-log-headers="false"
I0906 15:29:44.299632       1 flags.go:57] FLAG: --stderrthreshold="0"
I0906 15:29:44.299634       1 flags.go:57] FLAG: --tls-cert-file=""
I0906 15:29:44.299637       1 flags.go:57] FLAG: --tls-private-key-file=""
I0906 15:29:44.299640       1 flags.go:57] FLAG: --v="3"
I0906 15:29:44.299643       1 flags.go:57] FLAG: --version="false"
I0906 15:29:44.299646       1 flags.go:57] FLAG: --vmodule=""
W0906 15:29:44.299671       1 client_config.go:682] Neither --kubeconfig nor --master was specified.  Using the inClusterConfig.  This might not work.
I0906 15:29:44.304038       1 registry.go:397] setting kube:feature gate emulation version to 1.35, min compatibility version to 1.34
I0906 15:29:44.304379       1 cache.go:537] Creating default queue and root queue
I0906 15:29:44.306153       1 cache.go:469] Queue root already exists, skip creating.
I0906 15:29:44.307282       1 cache.go:469] Queue default already exists, skip creating.
I0906 15:29:44.307511       1 cache.go:598] no registered bind method, new a default one
I0906 15:29:44.308475       1 scheduler.go:159] Finished loading scheduler config. Final state: actions=[enqueue reclaim allocate backfill preempt], plugins=[priority gang conformance drf predicates proportion nodeorder binpack deviceshare]
I0906 15:29:44.308572       1 reflector.go:367] "Starting reflector" type="*v1.PodDisruptionBudget" resyncPeriod="0s" reflector="pkg/mod/k8s.io/client-go@v0.35.3/tools/cache/reflector.go:289"
I0906 15:29:44.308582       1 reflector.go:411] "Listing and watching" type="*v1.PodDisruptionBudget" reflector="pkg/mod/k8s.io/client-go@v0.35.3/tools/cache/reflector.go:289"
I0906 15:29:44.308652       1 reflector.go:367] "Starting reflector" type="*v1.Namespace" resyncPeriod="0s" reflector="pkg/mod/k8s.io/client-go@v0.35.3/tools/cache/reflector.go:289"
I0906 15:29:44.308670       1 reflector.go:367] "Starting reflector" type="*v1.Service" resyncPeriod="0s" reflector="pkg/mod/k8s.io/client-go@v0.35.3/tools/cache/reflector.go:289"
I0906 15:29:44.308667       1 reflector.go:411] "Listing and watching" type="*v1.Namespace" reflector="pkg/mod/k8s.io/client-go@v0.35.3/tools/cache/reflector.go:289"
I0906 15:29:44.308681       1 reflector.go:367] "Starting reflector" type="*v1.ReplicationController" resyncPeriod="0s" reflector="pkg/mod/k8s.io/client-go@v0.35.3/tools/cache/reflector.go:289"
I0906 15:29:44.308686       1 reflector.go:411] "Listing and watching" type="*v1.Service" reflector="pkg/mod/k8s.io/client-go@v0.35.3/tools/cache/reflector.go:289"
I0906 15:29:44.308691       1 reflector.go:411] "Listing and watching" type="*v1.ReplicationController" reflector="pkg/mod/k8s.io/client-go@v0.35.3/tools/cache/reflector.go:289"
I0906 15:29:44.308679       1 reflector.go:367] "Starting reflector" type="*v1alpha1.Numatopology" resyncPeriod="0s" reflector="pkg/mod/k8s.io/client-go@v0.35.3/tools/cache/reflector.go:289"
I0906 15:29:44.308698       1 reflector.go:367] "Starting reflector" type="*v1.PersistentVolumeClaim" resyncPeriod="0s" reflector="pkg/mod/k8s.io/client-go@v0.35.3/tools/cache/reflector.go:289"
I0906 15:29:44.308695       1 reflector.go:367] "Starting reflector" type="*v1.CSINode" resyncPeriod="0s" reflector="pkg/mod/k8s.io/client-go@v0.35.3/tools/cache/reflector.go:289"
I0906 15:29:44.308713       1 reflector.go:411] "Listing and watching" type="*v1alpha1.Numatopology" reflector="pkg/mod/k8s.io/client-go@v0.35.3/tools/cache/reflector.go:289"
I0906 15:29:44.308733       1 reflector.go:367] "Starting reflector" type="*v1beta1.Queue" resyncPeriod="0s" reflector="pkg/mod/k8s.io/client-go@v0.35.3/tools/cache/reflector.go:289"
I0906 15:29:44.308761       1 reflector.go:367] "Starting reflector" type="*v1.PriorityClass" resyncPeriod="0s" reflector="pkg/mod/k8s.io/client-go@v0.35.3/tools/cache/reflector.go:289"
I0906 15:29:44.308754       1 reflector.go:367] "Starting reflector" type="*v1.StatefulSet" resyncPeriod="0s" reflector="pkg/mod/k8s.io/client-go@v0.35.3/tools/cache/reflector.go:289"
I0906 15:29:44.308767       1 reflector.go:367] "Starting reflector" type="*v1beta1.PodGroup" resyncPeriod="0s" reflector="pkg/mod/k8s.io/client-go@v0.35.3/tools/cache/reflector.go:289"
I0906 15:29:44.308770       1 reflector.go:411] "Listing and watching" type="*v1.PriorityClass" reflector="pkg/mod/k8s.io/client-go@v0.35.3/tools/cache/reflector.go:289"
I0906 15:29:44.308773       1 reflector.go:411] "Listing and watching" type="*v1.StatefulSet" reflector="pkg/mod/k8s.io/client-go@v0.35.3/tools/cache/reflector.go:289"
I0906 15:29:44.308781       1 reflector.go:411] "Listing and watching" type="*v1beta1.PodGroup" reflector="pkg/mod/k8s.io/client-go@v0.35.3/tools/cache/reflector.go:289"
I0906 15:29:44.308795       1 reflector.go:367] "Starting reflector" type="*v1alpha1.HyperNode" resyncPeriod="0s" reflector="pkg/mod/k8s.io/client-go@v0.35.3/tools/cache/reflector.go:289"
I0906 15:29:44.308806       1 reflector.go:367] "Starting reflector" type="*v1.PersistentVolume" resyncPeriod="0s" reflector="pkg/mod/k8s.io/client-go@v0.35.3/tools/cache/reflector.go:289"
I0906 15:29:44.308813       1 reflector.go:411] "Listing and watching" type="*v1.PersistentVolume" reflector="pkg/mod/k8s.io/client-go@v0.35.3/tools/cache/reflector.go:289"
I0906 15:29:44.308814       1 reflector.go:367] "Starting reflector" type="*v1.DeviceClass" resyncPeriod="0s" reflector="pkg/mod/k8s.io/client-go@v0.35.3/tools/cache/reflector.go:289"
I0906 15:29:44.308810       1 reflector.go:411] "Listing and watching" type="*v1alpha1.HyperNode" reflector="pkg/mod/k8s.io/client-go@v0.35.3/tools/cache/reflector.go:289"
I0906 15:29:44.308822       1 reflector.go:411] "Listing and watching" type="*v1.DeviceClass" reflector="pkg/mod/k8s.io/client-go@v0.35.3/tools/cache/reflector.go:289"
I0906 15:29:44.308824       1 reflector.go:367] "Starting reflector" type="*v1.Node" resyncPeriod="0s" reflector="pkg/mod/k8s.io/client-go@v0.35.3/tools/cache/reflector.go:289"
I0906 15:29:44.308831       1 reflector.go:367] "Starting reflector" type="*v1.ResourceClaim" resyncPeriod="0s" reflector="pkg/mod/k8s.io/client-go@v0.35.3/tools/cache/reflector.go:289"
I0906 15:29:44.308839       1 reflector.go:411] "Listing and watching" type="*v1.ResourceClaim" reflector="pkg/mod/k8s.io/client-go@v0.35.3/tools/cache/reflector.go:289"
I0906 15:29:44.308763       1 reflector.go:367] "Starting reflector" type="*v1.ResourceSlice" resyncPeriod="0s" reflector="pkg/mod/k8s.io/client-go@v0.35.3/tools/cache/reflector.go:289"
I0906 15:29:44.308851       1 reflector.go:411] "Listing and watching" type="*v1.ResourceSlice" reflector="pkg/mod/k8s.io/client-go@v0.35.3/tools/cache/reflector.go:289"
I0906 15:29:44.308717       1 reflector.go:411] "Listing and watching" type="*v1.PersistentVolumeClaim" reflector="pkg/mod/k8s.io/client-go@v0.35.3/tools/cache/reflector.go:289"
I0906 15:29:44.308872       1 reflector.go:367] "Starting reflector" type="*v1.Pod" resyncPeriod="0s" reflector="pkg/mod/k8s.io/client-go@v0.35.3/tools/cache/reflector.go:289"
I0906 15:29:44.308878       1 reflector.go:411] "Listing and watching" type="*v1.Pod" reflector="pkg/mod/k8s.io/client-go@v0.35.3/tools/cache/reflector.go:289"
I0906 15:29:44.308840       1 reflector.go:411] "Listing and watching" type="*v1.Node" reflector="pkg/mod/k8s.io/client-go@v0.35.3/tools/cache/reflector.go:289"
I0906 15:29:44.308889       1 reflector.go:367] "Starting reflector" type="*v1.ResourceQuota" resyncPeriod="0s" reflector="pkg/mod/k8s.io/client-go@v0.35.3/tools/cache/reflector.go:289"
I0906 15:29:44.308729       1 reflector.go:367] "Starting reflector" type="*v1.VolumeAttachment" resyncPeriod="0s" reflector="pkg/mod/k8s.io/client-go@v0.35.3/tools/cache/reflector.go:289"
I0906 15:29:44.308896       1 reflector.go:411] "Listing and watching" type="*v1.ResourceQuota" reflector="pkg/mod/k8s.io/client-go@v0.35.3/tools/cache/reflector.go:289"
I0906 15:29:44.308728       1 reflector.go:411] "Listing and watching" type="*v1.CSINode" reflector="pkg/mod/k8s.io/client-go@v0.35.3/tools/cache/reflector.go:289"
I0906 15:29:44.308857       1 reflector.go:367] "Starting reflector" type="*v1.StorageClass" resyncPeriod="0s" reflector="pkg/mod/k8s.io/client-go@v0.35.3/tools/cache/reflector.go:289"
I0906 15:29:44.308944       1 reflector.go:411] "Listing and watching" type="*v1.StorageClass" reflector="pkg/mod/k8s.io/client-go@v0.35.3/tools/cache/reflector.go:289"
I0906 15:29:44.308653       1 reflector.go:367] "Starting reflector" type="*v1.ReplicaSet" resyncPeriod="0s" reflector="pkg/mod/k8s.io/client-go@v0.35.3/tools/cache/reflector.go:289"
I0906 15:29:44.308762       1 reflector.go:411] "Listing and watching" type="*v1beta1.Queue" reflector="pkg/mod/k8s.io/client-go@v0.35.3/tools/cache/reflector.go:289"
I0906 15:29:44.308901       1 reflector.go:411] "Listing and watching" type="*v1.VolumeAttachment" reflector="pkg/mod/k8s.io/client-go@v0.35.3/tools/cache/reflector.go:289"
I0906 15:29:44.309038       1 reflector.go:411] "Listing and watching" type="*v1.ReplicaSet" reflector="pkg/mod/k8s.io/client-go@v0.35.3/tools/cache/reflector.go:289"
I0906 15:29:44.311629       1 reflector.go:446] "Caches populated" type="*v1.ReplicationController" reflector="pkg/mod/k8s.io/client-go@v0.35.3/tools/cache/reflector.go:289"
I0906 15:29:44.311765       1 reflector.go:446] "Caches populated" type="*v1.StatefulSet" reflector="pkg/mod/k8s.io/client-go@v0.35.3/tools/cache/reflector.go:289"
I0906 15:29:44.311770       1 reflector.go:446] "Caches populated" type="*v1.PriorityClass" reflector="pkg/mod/k8s.io/client-go@v0.35.3/tools/cache/reflector.go:289"
I0906 15:29:44.311825       1 reflector.go:446] "Caches populated" type="*v1.ResourceClaim" reflector="pkg/mod/k8s.io/client-go@v0.35.3/tools/cache/reflector.go:289"
I0906 15:29:44.311873       1 reflector.go:446] "Caches populated" type="*v1.PodDisruptionBudget" reflector="pkg/mod/k8s.io/client-go@v0.35.3/tools/cache/reflector.go:289"
I0906 15:29:44.311969       1 reflector.go:446] "Caches populated" type="*v1alpha1.Numatopology" reflector="pkg/mod/k8s.io/client-go@v0.35.3/tools/cache/reflector.go:289"
I0906 15:29:44.312003       1 reflector.go:446] "Caches populated" type="*v1.Namespace" reflector="pkg/mod/k8s.io/client-go@v0.35.3/tools/cache/reflector.go:289"
I0906 15:29:44.312017       1 reflector.go:446] "Caches populated" type="*v1.ResourceSlice" reflector="pkg/mod/k8s.io/client-go@v0.35.3/tools/cache/reflector.go:289"
I0906 15:29:44.312296       1 reflector.go:446] "Caches populated" type="*v1.ResourceQuota" reflector="pkg/mod/k8s.io/client-go@v0.35.3/tools/cache/reflector.go:289"
I0906 15:29:44.312386       1 reflector.go:446] "Caches populated" type="*v1.CSINode" reflector="pkg/mod/k8s.io/client-go@v0.35.3/tools/cache/reflector.go:289"
I0906 15:29:44.312748       1 reflector.go:446] "Caches populated" type="*v1alpha1.HyperNode" reflector="pkg/mod/k8s.io/client-go@v0.35.3/tools/cache/reflector.go:289"
I0906 15:29:44.312798       1 reflector.go:446] "Caches populated" type="*v1.PersistentVolumeClaim" reflector="pkg/mod/k8s.io/client-go@v0.35.3/tools/cache/reflector.go:289"
I0906 15:29:44.312839       1 reflector.go:446] "Caches populated" type="*v1.StorageClass" reflector="pkg/mod/k8s.io/client-go@v0.35.3/tools/cache/reflector.go:289"
I0906 15:29:44.312894       1 reflector.go:446] "Caches populated" type="*v1.VolumeAttachment" reflector="pkg/mod/k8s.io/client-go@v0.35.3/tools/cache/reflector.go:289"
I0906 15:29:44.312894       1 reflector.go:446] "Caches populated" type="*v1.PersistentVolume" reflector="pkg/mod/k8s.io/client-go@v0.35.3/tools/cache/reflector.go:289"
I0906 15:29:44.312928       1 reflector.go:446] "Caches populated" type="*v1.Service" reflector="pkg/mod/k8s.io/client-go@v0.35.3/tools/cache/reflector.go:289"
I0906 15:29:44.312952       1 reflector.go:446] "Caches populated" type="*v1.DeviceClass" reflector="pkg/mod/k8s.io/client-go@v0.35.3/tools/cache/reflector.go:289"
I0906 15:29:44.313061       1 reflector.go:446] "Caches populated" type="*v1beta1.PodGroup" reflector="pkg/mod/k8s.io/client-go@v0.35.3/tools/cache/reflector.go:289"
I0906 15:29:44.313228       1 reflector.go:446] "Caches populated" type="*v1.Node" reflector="pkg/mod/k8s.io/client-go@v0.35.3/tools/cache/reflector.go:289"
I0906 15:29:44.313596       1 reflector.go:446] "Caches populated" type="*v1beta1.Queue" reflector="pkg/mod/k8s.io/client-go@v0.35.3/tools/cache/reflector.go:289"
I0906 15:29:44.314773       1 reflector.go:446] "Caches populated" type="*v1.ReplicaSet" reflector="pkg/mod/k8s.io/client-go@v0.35.3/tools/cache/reflector.go:289"
I0906 15:29:44.315580       1 reflector.go:446] "Caches populated" type="*v1.Pod" reflector="pkg/mod/k8s.io/client-go@v0.35.3/tools/cache/reflector.go:289"
W0906 15:29:44.315686       1 node_info.go:359] received argument of nil node, no need to set other resources for
W0906 15:29:44.315694       1 node_info.go:254] the argument node is null.
I0906 15:29:44.315703       1 event_handlers.go:421] Added pod <volcano-system/volcano-scheduler-75847d877-kglkg> into cache.
W0906 15:29:44.315713       1 node_info.go:359] received argument of nil node, no need to set other resources for
W0906 15:29:44.315717       1 node_info.go:254] the argument node is null.
I0906 15:29:44.315723       1 event_handlers.go:421] Added pod <volcano-system/volcano-scheduler-c7d5bf6df-hhh7c> into cache.
W0906 15:29:44.315740       1 node_info.go:359] received argument of nil node, no need to set other resources for
W0906 15:29:44.315744       1 node_info.go:254] the argument node is null.
I0906 15:29:44.315749       1 event_handlers.go:421] Added pod <kube-system/etcd-volcano-lab-control-plane> into cache.
I0906 15:29:44.315758       1 event_handlers.go:421] Added pod <kube-system/kindnet-5whpw> into cache.
I0906 15:29:44.315775       1 event_handlers.go:421] Added pod <kube-system/kube-controller-manager-volcano-lab-control-plane> into cache.
I0906 15:29:44.315786       1 event_handlers.go:421] Added pod <local-path-storage/local-path-provisioner-67b8995b4b-cs4p4> into cache.
I0906 15:29:44.315795       1 event_handlers.go:421] Added pod <mock-system/mock2-nvml-mock-mtnbp> into cache.
I0906 15:29:44.315803       1 event_handlers.go:421] Added pod <volcano-system/prometheus-deployment-7cb9b4545b-h2fz4> into cache.
I0906 15:29:44.315814       1 event_handlers.go:421] Added pod <kube-system/coredns-7d764666f9-vzd7n> into cache.
I0906 15:29:44.315822       1 event_handlers.go:421] Added pod <kube-system/kube-apiserver-volcano-lab-control-plane> into cache.
I0906 15:29:44.315830       1 event_handlers.go:421] Added pod <kube-system/kube-proxy-5ckcv> into cache.
I0906 15:29:44.315837       1 event_handlers.go:421] Added pod <volcano-system/kube-state-metrics-5ffcdf767c-gf9d5> into cache.
I0906 15:29:44.315845       1 event_handlers.go:421] Added pod <volcano-system/volcano-admission-5b979dc8f6-8rdzl> into cache.
I0906 15:29:44.315855       1 event_handlers.go:421] Added pod <kube-system/kube-scheduler-volcano-lab-control-plane> into cache.
I0906 15:29:44.315864       1 event_handlers.go:421] Added pod <kube-system/coredns-7d764666f9-d2csr> into cache.
I0906 15:29:44.315872       1 event_handlers.go:421] Added pod <kube-system/kindnet-k2m7h> into cache.
I0906 15:29:44.315881       1 event_handlers.go:421] Added pod <kube-system/kindnet-xp5ff> into cache.
I0906 15:29:44.315895       1 event_handlers.go:421] Added pod <kube-system/kube-proxy-btcmr> into cache.
I0906 15:29:44.315904       1 event_handlers.go:421] Added pod <kube-system/kube-proxy-gwssg> into cache.
I0906 15:29:44.315912       1 event_handlers.go:421] Added pod <volcano-system/grafana-7c5659d458-xrbnn> into cache.
I0906 15:29:44.315919       1 event_handlers.go:421] Added pod <volcano-system/volcano-controllers-5b976c6d4b-rkqw6> into cache.
I0906 15:29:44.315928       1 event_handlers.go:421] Added pod <kube-system/volcano-device-plugin-2sg22> into cache.
I0906 15:29:44.315937       1 event_handlers.go:421] Added pod <kube-system/volcano-device-plugin-jj26z> into cache.
I0906 15:29:44.315946       1 event_handlers.go:421] Added pod <mock-system/mock1-nvml-mock-9rgh9> into cache.
I0906 15:29:44.408752       1 cache.go:877] Start metrics collection, metricsConf is map[]
I0906 15:29:44.408787       1 cache.go:882] The interval for querying metrics data is 30s
I0906 15:29:44.408840       1 cache.go:885] scheduler wait for handlers sync
W0906 15:29:44.408925       1 node_info.go:359] received argument of nil node, no need to set other resources for
W0906 15:29:44.408988       1 node_info.go:254] the argument node is null.
I0906 15:29:44.408989       1 hyper_node_info.go:477] "HyperNode not exists in cache, maybe not created or not be watched, will set parent first" name="rack-a" parent="fabric"
I0906 15:29:44.409029       1 hyper_node_info.go:477] "HyperNode not exists in cache, maybe not created or not be watched, will set parent first" name="rack-b" parent="fabric"
I0906 15:29:44.408918       1 cache.go:1758] The metrics type is not set in the volcano scheduler configmap file. As a result, the CPU and memory load information of the node is not collected.
I0906 15:29:44.409137       1 hyper_node_info.go:332] "Successfully built RealNodesSet with members" name="fabric" nodeSets={}
W0906 15:29:44.409174       1 node_info.go:359] received argument of nil node, no need to set other resources for
I0906 15:29:44.409178       1 hyper_node_info.go:332] "Successfully built RealNodesSet with members" name="rack-a" nodeSets={"volcano-lab-worker":{}}
W0906 15:29:44.409186       1 node_info.go:254] the argument node is null.
I0906 15:29:44.409201       1 hyper_node_info.go:332] "Successfully built RealNodesSet with members" name="fabric" nodeSets={"volcano-lab-worker":{}}
I0906 15:29:44.409222       1 hyper_node_info.go:332] "Successfully built RealNodesSet with members" name="rack-b" nodeSets={"volcano-lab-worker2":{}}
I0906 15:29:44.409236       1 hyper_node_info.go:332] "Successfully built RealNodesSet with members" name="fabric" nodeSets={"volcano-lab-worker":{},"volcano-lab-worker2":{}}
I0906 15:29:44.409250       1 event_handlers.go:765] "No need to update hyperNode cache when node added or deleted"
I0906 15:29:44.409261       1 event_handlers.go:765] "No need to update hyperNode cache when node added or deleted"
I0906 15:29:44.409270       1 event_handlers.go:765] "No need to update hyperNode cache when node added or deleted"
W0906 15:29:44.409349       1 node_info.go:359] received argument of nil node, no need to set other resources for
W0906 15:29:44.409357       1 node_info.go:254] the argument node is null.
I0906 15:29:44.509765       1 cache.go:887] scheduler finished handlers sync
I0906 15:29:44.509794       1 scheduler.go:114] Scheduler completes Initialization and start to run
I0906 15:29:44.510514       1 cache.go:1581] "SnapShot for scheduling" jobNum=0 QueueNum=3 NodeNum=3
I0906 15:29:44.510573       1 session.go:1036] Start adjusting jobs' network topology spec according to hyperNodeTierNameMap map[]
I0906 15:29:44.510598       1 session.go:1079] Finish adjusting jobs' network topology spec according to hyperNodeTierNameMap map[]
I0906 15:29:44.510619       1 session.go:279] Open Session 18cb83dd-ec5e-4725-8878-53d39325ee5b with <0> Job and <3> Queues. HyperNodesReadyToSchedule: true
I0906 15:29:44.514125       1 config.go:164] "Initializing volcano device config" device-configs={"NvidiaConfig":{"ResourceCountName":"volcano.sh/vgpu-number","ResourceMemoryName":"volcano.sh/vgpu-memory","ResourceCoreName":"volcano.sh/vgpu-cores","ResourceMemoryPercentageName":"volcano.sh/vgpu-memory-percentage","ResourcePriority":"","OverwriteEnv":false,"DefaultMemory":0,"DefaultCores":0,"DefaultGPUNum":1,"DeviceSplitCount":10,"DeviceMemoryScaling":1,"DeviceCoreScaling":1,"DisableCoreLimit":false,"MigGeometriesList":[{"Models":["A30"],"Geometries":[{"Group":"group1","Instances":[{"Name":"1g.6gb","Memory":6144,"Count":4}]},{"Group":"group2","Instances":[{"Name":"2g.12gb","Memory":12288,"Count":2}]},{"Group":"group3","Instances":[{"Name":"4g.24gb","Memory":24576,"Count":1}]}]},{"Models":["A100-SXM4-40GB","A100-40GB-PCIe","A100-PCIE-40GB","A100-SXM4-40GB"],"Geometries":[{"Group":"group1","Instances":[{"Name":"1g.5gb","Memory":5120,"Count":7}]},{"Group":"group2","Instances":[{"Name":"2g.10gb","Memory":10240,"Count":3},{"Name":"1g.5gb","Memory":5120,"Count":1}]},{"Group":"group3","Instances":[{"Name":"3g.20gb","Memory":20480,"Count":2}]},{"Group":"group4","Instances":[{"Name":"7g.40gb","Memory":40960,"Count":1}]}]},{"Models":["A100-SXM4-80GB","A100-80GB-PCIe","A100-PCIE-80GB"],"Geometries":[{"Group":"group1","Instances":[{"Name":"1g.10gb","Memory":9728,"Count":7}]},{"Group":"group2","Instances":[{"Name":"2g.20gb","Memory":19968,"Count":3},{"Name":"1g.10gb","Memory":9728,"Count":1}]},{"Group":"group3","Instances":[{"Name":"3g.40gb","Memory":40192,"Count":2}]},{"Group":"group4","Instances":[{"Name":"7g.80gb","Memory":80896,"Count":1}]}]}],"GPUMemoryFactor":100},"VNPUs":null}
I0906 15:29:44.514153       1 gpuexclusive.go:437] gpuexclusive: no rules configured, skipping GPU exclusivity wrapping
I0906 15:29:44.514173       1 enqueue.go:79] Try to enqueue PodGroup to 0 Queues
I0906 15:29:44.514190       1 reclaim.go:68] There are <0> Jobs and <3> Queues in total for scheduling.
I0906 15:29:44.514200       1 allocate.go:138] Try to allocate resource to 0 Queues
I0906 15:29:44.514266       1 session.go:577] Close Session 18cb83dd-ec5e-4725-8878-53d39325ee5b
I0906 15:29:45.514648       1 device_info.go:111] GPU sharing mode:  hami-core
I0906 15:29:45.514800       1 device_info.go:113] "Nvidia Device registered name" name="volcano-lab-worker" val={"ID":0,"Node":"volcano-lab-worker","UUID":"GPU-12345678-1234-1234-1234-123456780000","PodMap":{},"Memory":409,"Number":10,"Type":"NVIDIA-NVIDIA A100-SXM4-40GB","Health":true,"UsedNum":0,"UsedMem":0,"UsedCore":0,"MigTemplate":[],"MigUsage":{"Index":-1,"UsageList":null}}
I0906 15:29:45.514845       1 device_info.go:113] "Nvidia Device registered name" name="volcano-lab-worker" val={"ID":1,"Node":"volcano-lab-worker","UUID":"GPU-12345678-1234-1234-1234-123456780001","PodMap":{},"Memory":409,"Number":10,"Type":"NVIDIA-NVIDIA A100-SXM4-40GB","Health":true,"UsedNum":0,"UsedMem":0,"UsedCore":0,"MigTemplate":[],"MigUsage":{"Index":-1,"UsageList":null}}
I0906 15:29:45.514870       1 device_info.go:111] GPU sharing mode:  hami-core
I0906 15:29:45.514889       1 device_info.go:113] "Nvidia Device registered name" name="volcano-lab-worker" val={"ID":0,"Node":"volcano-lab-worker","UUID":"GPU-12345678-1234-1234-1234-123456780000","PodMap":{},"Memory":409,"Number":10,"Type":"NVIDIA-NVIDIA A100-SXM4-40GB","Health":true,"UsedNum":0,"UsedMem":0,"UsedCore":0,"MigTemplate":[],"MigUsage":{"Index":-1,"UsageList":null}}
I0906 15:29:45.514933       1 device_info.go:113] "Nvidia Device registered name" name="volcano-lab-worker" val={"ID":1,"Node":"volcano-lab-worker","UUID":"GPU-12345678-1234-1234-1234-123456780001","PodMap":{},"Memory":409,"Number":10,"Type":"NVIDIA-NVIDIA A100-SXM4-40GB","Health":true,"UsedNum":0,"UsedMem":0,"UsedCore":0,"MigTemplate":[],"MigUsage":{"Index":-1,"UsageList":null}}
E0906 15:29:45.514963       1 device_info.go:189] pod kindnet-k2m7h has no annotation volcano.sh/devices-to-allocate
E0906 15:29:45.515007       1 device_info.go:189] pod kube-proxy-btcmr has no annotation volcano.sh/devices-to-allocate
E0906 15:29:45.515017       1 device_info.go:189] pod grafana-7c5659d458-xrbnn has no annotation volcano.sh/devices-to-allocate
E0906 15:29:45.515027       1 device_info.go:189] pod volcano-device-plugin-2sg22 has no annotation volcano.sh/devices-to-allocate
E0906 15:29:45.515038       1 device_info.go:189] pod mock1-nvml-mock-9rgh9 has no annotation volcano.sh/devices-to-allocate
I0906 15:29:45.515117       1 device_info.go:111] GPU sharing mode:  hami-core
I0906 15:29:45.515136       1 device_info.go:113] "Nvidia Device registered name" name="volcano-lab-worker2" val={"ID":0,"Node":"volcano-lab-worker2","UUID":"GPU-22345678-1234-1234-1234-123456780000","PodMap":{},"Memory":409,"Number":10,"Type":"NVIDIA-NVIDIA A100-SXM4-40GB","Health":true,"UsedNum":0,"UsedMem":0,"UsedCore":0,"MigTemplate":[],"MigUsage":{"Index":-1,"UsageList":null}}
I0906 15:29:45.515158       1 device_info.go:113] "Nvidia Device registered name" name="volcano-lab-worker2" val={"ID":1,"Node":"volcano-lab-worker2","UUID":"GPU-22345678-1234-1234-1234-123456780001","PodMap":{},"Memory":409,"Number":10,"Type":"NVIDIA-NVIDIA A100-SXM4-40GB","Health":true,"UsedNum":0,"UsedMem":0,"UsedCore":0,"MigTemplate":[],"MigUsage":{"Index":-1,"UsageList":null}}
I0906 15:29:45.515176       1 device_info.go:111] GPU sharing mode:  hami-core
I0906 15:29:45.515187       1 device_info.go:113] "Nvidia Device registered name" name="volcano-lab-worker2" val={"ID":0,"Node":"volcano-lab-worker2","UUID":"GPU-22345678-1234-1234-1234-123456780000","PodMap":{},"Memory":409,"Number":10,"Type":"NVIDIA-NVIDIA A100-SXM4-40GB","Health":true,"UsedNum":0,"UsedMem":0,"UsedCore":0,"MigTemplate":[],"MigUsage":{"Index":-1,"UsageList":null}}
I0906 15:29:45.515212       1 device_info.go:113] "Nvidia Device registered name" name="volcano-lab-worker2" val={"ID":1,"Node":"volcano-lab-worker2","UUID":"GPU-22345678-1234-1234-1234-123456780001","PodMap":{},"Memory":409,"Number":10,"Type":"NVIDIA-NVIDIA A100-SXM4-40GB","Health":true,"UsedNum":0,"UsedMem":0,"UsedCore":0,"MigTemplate":[],"MigUsage":{"Index":-1,"UsageList":null}}
E0906 15:29:45.515229       1 device_info.go:189] pod kindnet-5whpw has no annotation volcano.sh/devices-to-allocate
E0906 15:29:45.515241       1 device_info.go:189] pod mock2-nvml-mock-mtnbp has no annotation volcano.sh/devices-to-allocate
E0906 15:29:45.515252       1 device_info.go:189] pod kube-state-metrics-5ffcdf767c-gf9d5 has no annotation volcano.sh/devices-to-allocate
E0906 15:29:45.515261       1 device_info.go:189] pod volcano-device-plugin-jj26z has no annotation volcano.sh/devices-to-allocate
E0906 15:29:45.515270       1 device_info.go:189] pod prometheus-deployment-7cb9b4545b-h2fz4 has no annotation volcano.sh/devices-to-allocate
E0906 15:29:45.515279       1 device_info.go:189] pod volcano-admission-5b979dc8f6-8rdzl has no annotation volcano.sh/devices-to-allocate
E0906 15:29:45.515288       1 device_info.go:189] pod kube-proxy-gwssg has no annotation volcano.sh/devices-to-allocate
E0906 15:29:45.515297       1 device_info.go:189] pod volcano-controllers-5b976c6d4b-rkqw6 has no annotation volcano.sh/devices-to-allocate
E0906 15:29:45.515307       1 device_info.go:189] pod volcano-scheduler-c7d5bf6df-hhh7c has no annotation volcano.sh/devices-to-allocate
I0906 15:29:45.515437       1 cache.go:1581] "SnapShot for scheduling" jobNum=1 QueueNum=3 NodeNum=3
I0906 15:29:45.515449       1 session.go:1036] Start adjusting jobs' network topology spec according to hyperNodeTierNameMap map[]
I0906 15:29:45.515455       1 session.go:1079] Finish adjusting jobs' network topology spec according to hyperNodeTierNameMap map[]
I0906 15:29:45.515462       1 session.go:279] Open Session 0f9da7a6-bd8e-43b0-8d30-3e249b8eeac8 with <1> Job and <3> Queues. HyperNodesReadyToSchedule: true
I0906 15:29:45.515761       1 gpuexclusive.go:437] gpuexclusive: no rules configured, skipping GPU exclusivity wrapping
I0906 15:29:45.515775       1 enqueue.go:79] Try to enqueue PodGroup to 1 Queues
I0906 15:29:45.515791       1 reclaim.go:68] There are <1> Jobs and <3> Queues in total for scheduling.
I0906 15:29:45.515799       1 allocate.go:138] Try to allocate resource to 0 Queues
I0906 15:29:45.523874       1 session.go:577] Close Session 0f9da7a6-bd8e-43b0-8d30-3e249b8eeac8
I0906 15:29:45.536073       1 event_handlers.go:421] Added pod <volcano-tests/early-1-worker-1> into cache.
I0906 15:29:45.536108       1 event_handlers.go:421] Added pod <volcano-tests/early-1-worker-0> into cache.
I0906 15:29:46.167521       1 event_handlers.go:476] Deleted pod <volcano-system/volcano-scheduler-75847d877-kglkg> from cache.
I0906 15:29:46.524280       1 device_info.go:111] GPU sharing mode:  hami-core
I0906 15:29:46.524384       1 device_info.go:113] "Nvidia Device registered name" name="volcano-lab-worker" val={"ID":0,"Node":"volcano-lab-worker","UUID":"GPU-12345678-1234-1234-1234-123456780000","PodMap":{},"Memory":409,"Number":10,"Type":"NVIDIA-NVIDIA A100-SXM4-40GB","Health":true,"UsedNum":0,"UsedMem":0,"UsedCore":0,"MigTemplate":[],"MigUsage":{"Index":-1,"UsageList":null}}
I0906 15:29:46.524443       1 device_info.go:113] "Nvidia Device registered name" name="volcano-lab-worker" val={"ID":1,"Node":"volcano-lab-worker","UUID":"GPU-12345678-1234-1234-1234-123456780001","PodMap":{},"Memory":409,"Number":10,"Type":"NVIDIA-NVIDIA A100-SXM4-40GB","Health":true,"UsedNum":0,"UsedMem":0,"UsedCore":0,"MigTemplate":[],"MigUsage":{"Index":-1,"UsageList":null}}
I0906 15:29:46.524478       1 device_info.go:111] GPU sharing mode:  hami-core
I0906 15:29:46.524502       1 device_info.go:113] "Nvidia Device registered name" name="volcano-lab-worker" val={"ID":0,"Node":"volcano-lab-worker","UUID":"GPU-12345678-1234-1234-1234-123456780000","PodMap":{},"Memory":409,"Number":10,"Type":"NVIDIA-NVIDIA A100-SXM4-40GB","Health":true,"UsedNum":0,"UsedMem":0,"UsedCore":0,"MigTemplate":[],"MigUsage":{"Index":-1,"UsageList":null}}
I0906 15:29:46.524533       1 device_info.go:113] "Nvidia Device registered name" name="volcano-lab-worker" val={"ID":1,"Node":"volcano-lab-worker","UUID":"GPU-12345678-1234-1234-1234-123456780001","PodMap":{},"Memory":409,"Number":10,"Type":"NVIDIA-NVIDIA A100-SXM4-40GB","Health":true,"UsedNum":0,"UsedMem":0,"UsedCore":0,"MigTemplate":[],"MigUsage":{"Index":-1,"UsageList":null}}
E0906 15:29:46.524567       1 device_info.go:189] pod mock1-nvml-mock-9rgh9 has no annotation volcano.sh/devices-to-allocate
E0906 15:29:46.524587       1 device_info.go:189] pod kindnet-k2m7h has no annotation volcano.sh/devices-to-allocate
E0906 15:29:46.524602       1 device_info.go:189] pod kube-proxy-btcmr has no annotation volcano.sh/devices-to-allocate
E0906 15:29:46.524617       1 device_info.go:189] pod grafana-7c5659d458-xrbnn has no annotation volcano.sh/devices-to-allocate
E0906 15:29:46.524631       1 device_info.go:189] pod volcano-device-plugin-2sg22 has no annotation volcano.sh/devices-to-allocate
I0906 15:29:46.524707       1 device_info.go:111] GPU sharing mode:  hami-core
I0906 15:29:46.524734       1 device_info.go:113] "Nvidia Device registered name" name="volcano-lab-worker2" val={"ID":0,"Node":"volcano-lab-worker2","UUID":"GPU-22345678-1234-1234-1234-123456780000","PodMap":{},"Memory":409,"Number":10,"Type":"NVIDIA-NVIDIA A100-SXM4-40GB","Health":true,"UsedNum":0,"UsedMem":0,"UsedCore":0,"MigTemplate":[],"MigUsage":{"Index":-1,"UsageList":null}}
I0906 15:29:46.524778       1 device_info.go:113] "Nvidia Device registered name" name="volcano-lab-worker2" val={"ID":1,"Node":"volcano-lab-worker2","UUID":"GPU-22345678-1234-1234-1234-123456780001","PodMap":{},"Memory":409,"Number":10,"Type":"NVIDIA-NVIDIA A100-SXM4-40GB","Health":true,"UsedNum":0,"UsedMem":0,"UsedCore":0,"MigTemplate":[],"MigUsage":{"Index":-1,"UsageList":null}}
I0906 15:29:46.524805       1 device_info.go:111] GPU sharing mode:  hami-core
I0906 15:29:46.524828       1 device_info.go:113] "Nvidia Device registered name" name="volcano-lab-worker2" val={"ID":0,"Node":"volcano-lab-worker2","UUID":"GPU-22345678-1234-1234-1234-123456780000","PodMap":{},"Memory":409,"Number":10,"Type":"NVIDIA-NVIDIA A100-SXM4-40GB","Health":true,"UsedNum":0,"UsedMem":0,"UsedCore":0,"MigTemplate":[],"MigUsage":{"Index":-1,"UsageList":null}}
I0906 15:29:46.524862       1 device_info.go:113] "Nvidia Device registered name" name="volcano-lab-worker2" val={"ID":1,"Node":"volcano-lab-worker2","UUID":"GPU-22345678-1234-1234-1234-123456780001","PodMap":{},"Memory":409,"Number":10,"Type":"NVIDIA-NVIDIA A100-SXM4-40GB","Health":true,"UsedNum":0,"UsedMem":0,"UsedCore":0,"MigTemplate":[],"MigUsage":{"Index":-1,"UsageList":null}}
E0906 15:29:46.524927       1 device_info.go:189] pod kube-proxy-gwssg has no annotation volcano.sh/devices-to-allocate
E0906 15:29:46.524944       1 device_info.go:189] pod volcano-controllers-5b976c6d4b-rkqw6 has no annotation volcano.sh/devices-to-allocate
E0906 15:29:46.524962       1 device_info.go:189] pod volcano-scheduler-c7d5bf6df-hhh7c has no annotation volcano.sh/devices-to-allocate
E0906 15:29:46.524978       1 device_info.go:189] pod kindnet-5whpw has no annotation volcano.sh/devices-to-allocate
E0906 15:29:46.524992       1 device_info.go:189] pod mock2-nvml-mock-mtnbp has no annotation volcano.sh/devices-to-allocate
E0906 15:29:46.525040       1 device_info.go:189] pod kube-state-metrics-5ffcdf767c-gf9d5 has no annotation volcano.sh/devices-to-allocate
E0906 15:29:46.525075       1 device_info.go:189] pod volcano-device-plugin-jj26z has no annotation volcano.sh/devices-to-allocate
E0906 15:29:46.525090       1 device_info.go:189] pod prometheus-deployment-7cb9b4545b-h2fz4 has no annotation volcano.sh/devices-to-allocate
E0906 15:29:46.525103       1 device_info.go:189] pod volcano-admission-5b979dc8f6-8rdzl has no annotation volcano.sh/devices-to-allocate
I0906 15:29:46.525334       1 cache.go:1581] "SnapShot for scheduling" jobNum=1 QueueNum=3 NodeNum=3
I0906 15:29:46.525384       1 session.go:1036] Start adjusting jobs' network topology spec according to hyperNodeTierNameMap map[]
I0906 15:29:46.525410       1 session.go:1079] Finish adjusting jobs' network topology spec according to hyperNodeTierNameMap map[]
I0906 15:29:46.525441       1 session.go:279] Open Session 9f5044b2-bb58-4d1d-bd94-9860d8472d62 with <1> Job and <3> Queues. HyperNodesReadyToSchedule: true
I0906 15:29:46.526521       1 gpuexclusive.go:437] gpuexclusive: no rules configured, skipping GPU exclusivity wrapping
I0906 15:29:46.526545       1 enqueue.go:79] Try to enqueue PodGroup to 0 Queues
I0906 15:29:46.526553       1 reclaim.go:68] There are <1> Jobs and <3> Queues in total for scheduling.
I0906 15:29:46.526571       1 reclaim.go:140] Considering reclaim for 2 tasks of job <volcano-tests/early-1-b8a05368-c0d6-42a6-bf07-62ca955ce09c>.
I0906 15:29:46.526648       1 predicate_helper.go:115] Predicates failed: task volcano-tests/early-1-worker-0 on node volcano-lab-control-plane fit failed: node(s) had untolerated taint(s)
W0906 15:29:46.526669       1 deviceshare.go:256] Devices hamivgpu assertion conversion failed, skip
W0906 15:29:46.526673       1 deviceshare.go:256] Devices hamivgpu assertion conversion failed, skip
I0906 15:29:46.526693       1 reclaim.go:185] Considering Task <volcano-tests/early-1-worker-0> on Node <volcano-lab-worker>.
I0906 15:29:46.526700       1 reclaim.go:185] Considering Task <volcano-tests/early-1-worker-0> on Node <volcano-lab-worker2>.
I0906 15:29:46.526707       1 reclaim.go:140] Considering reclaim for 1 tasks of job <volcano-tests/early-1-b8a05368-c0d6-42a6-bf07-62ca955ce09c>.
I0906 15:29:46.526740       1 predicate_helper.go:115] Predicates failed: task volcano-tests/early-1-worker-1 on node volcano-lab-control-plane fit failed: node(s) had untolerated taint(s)
W0906 15:29:46.526751       1 deviceshare.go:256] Devices hamivgpu assertion conversion failed, skip
W0906 15:29:46.526755       1 deviceshare.go:256] Devices hamivgpu assertion conversion failed, skip
I0906 15:29:46.526764       1 reclaim.go:185] Considering Task <volcano-tests/early-1-worker-1> on Node <volcano-lab-worker>.
I0906 15:29:46.526769       1 reclaim.go:185] Considering Task <volcano-tests/early-1-worker-1> on Node <volcano-lab-worker2>.
I0906 15:29:46.526774       1 reclaim.go:135] No preemptor task in job <volcano-tests/early-1-b8a05368-c0d6-42a6-bf07-62ca955ce09c>.
I0906 15:29:46.526779       1 statement.go:366] Discarding operations ...
I0906 15:29:46.526792       1 allocate.go:138] Try to allocate resource to 1 Queues
I0906 15:29:46.526807       1 allocate.go:328] "Try to allocate resource" queue="lab" job="volcano-tests/early-1-b8a05368-c0d6-42a6-bf07-62ca955ce09c" taskNum=2
I0906 15:29:46.526818       1 allocate.go:757] There are <3> nodes for Job <volcano-tests/early-1-b8a05368-c0d6-42a6-bf07-62ca955ce09c>
I0906 15:29:46.526846       1 predicate_helper.go:115] Predicates failed: task volcano-tests/early-1-worker-0 on node volcano-lab-control-plane fit failed: Insufficient volcano.sh/vgpu-memory
W0906 15:29:46.526858       1 deviceshare.go:256] Devices hamivgpu assertion conversion failed, skip
W0906 15:29:46.526869       1 deviceshare.go:256] Devices hamivgpu assertion conversion failed, skip
I0906 15:29:46.526991       1 allocate.go:934] Binding Task <volcano-tests/early-1-worker-0> to node <volcano-lab-worker>
I0906 15:29:46.527004       1 statement.go:277] After allocated Task <volcano-tests/early-1-worker-0> to Node <volcano-lab-worker>: idle <cpu 11290.00, memory 27959619584.00, ephemeral-storage 1005867986944000.00, hugepages-1Gi 0.00, hugepages-2Mi 0.00, pods 104.00, volcano.sh/vgpu-cores 180000.00, volcano.sh/vgpu-memory 788000.00, volcano.sh/vgpu-number 19000.00>, used <cpu 710.00, memory 1193279488.00, pods 6.00, volcano.sh/vgpu-cores 20000.00, volcano.sh/vgpu-memory 30000.00, volcano.sh/vgpu-number 1000.00>, releasing <cpu 0.00, memory 0.00>
W0906 15:29:46.527074       1 predicates.go:249] Devices hamivgpu assertion conversion failed, skip
I0906 15:29:46.527110       1 statement.go:307] Allocating operations ...
I0906 15:29:46.527126       1 allocate.go:757] There are <3> nodes for Job <volcano-tests/early-1-b8a05368-c0d6-42a6-bf07-62ca955ce09c>
W0906 15:29:46.527165       1 deviceshare.go:256] Devices hamivgpu assertion conversion failed, skip
W0906 15:29:46.527165       1 deviceshare.go:256] Devices hamivgpu assertion conversion failed, skip
I0906 15:29:46.527238       1 allocate.go:934] Binding Task <volcano-tests/early-1-worker-1> to node <volcano-lab-worker>
I0906 15:29:46.527249       1 statement.go:277] After allocated Task <volcano-tests/early-1-worker-1> to Node <volcano-lab-worker>: idle <cpu 11190.00, memory 27926065152.00, ephemeral-storage 1005867986944000.00, hugepages-1Gi 0.00, hugepages-2Mi 0.00, pods 103.00, volcano.sh/vgpu-cores 160000.00, volcano.sh/vgpu-memory 758000.00, volcano.sh/vgpu-number 18000.00>, used <cpu 810.00, memory 1226833920.00, pods 7.00, volcano.sh/vgpu-cores 40000.00, volcano.sh/vgpu-memory 60000.00, volcano.sh/vgpu-number 2000.00>, releasing <cpu 0.00, memory 0.00>
W0906 15:29:46.527279       1 predicates.go:249] Devices hamivgpu assertion conversion failed, skip
I0906 15:29:46.527295       1 statement.go:307] Allocating operations ...
I0906 15:29:46.527309       1 allocate.go:833] "SubJob ready, return statement" job="volcano-tests/early-1-b8a05368-c0d6-42a6-bf07-62ca955ce09c" subJob="volcano-tests/early-1-b8a05368-c0d6-42a6-bf07-62ca955ce09c"
I0906 15:29:46.527315       1 statement.go:393] Committing operations ...
I0906 15:29:46.527345       1 proportion.go:326] Queue <lab> is overused: deserved <cpu 200.00, memory 67108864.00, ephemeral-storage 0.00, hugepages-1Gi 0.00, hugepages-2Mi 0.00, pods 2.00, volcano.sh/vgpu-cores 40000.00, volcano.sh/vgpu-memory 60000.00, volcano.sh/vgpu-number 2000.00>, allocated <cpu 200.00, memory 67108864.00, pods 2.00, volcano.sh/vgpu-cores 40000.00, volcano.sh/vgpu-memory 60000.00, volcano.sh/vgpu-number 2000.00>, share <1>
I0906 15:29:46.527358       1 allocate.go:295] Queue <lab> is overused, ignore it.
I0906 15:29:46.551247       1 cache.go:992] bind ok, latency 21.141089ms
I0906 15:29:46.551507       1 cache.go:992] bind ok, latency 21.355421ms
I0906 15:29:46.560919       1 session.go:577] Close Session 9f5044b2-bb58-4d1d-bd94-9860d8472d62
I0906 15:29:46.622196       1 cache.go:1126] Try to delete Job <volcano-tests/early-1-b8a05368-c0d6-42a6-bf07-62ca955ce09c:volcano-tests/early-1-b8a05368-c0d6-42a6-bf07-62ca955ce09c>
I0906 15:29:46.622218       1 cache.go:1171] Retry to delete Job <volcano-tests/early-1-b8a05368-c0d6-42a6-bf07-62ca955ce09c:volcano-tests/early-1-b8a05368-c0d6-42a6-bf07-62ca955ce09c>
I0906 15:29:46.627434       1 cache.go:1171] Retry to delete Job <volcano-tests/early-1-b8a05368-c0d6-42a6-bf07-62ca955ce09c:volcano-tests/early-1-b8a05368-c0d6-42a6-bf07-62ca955ce09c>
I0906 15:29:46.637793       1 cache.go:1171] Retry to delete Job <volcano-tests/early-1-b8a05368-c0d6-42a6-bf07-62ca955ce09c:volcano-tests/early-1-b8a05368-c0d6-42a6-bf07-62ca955ce09c>
I0906 15:29:46.658173       1 cache.go:1171] Retry to delete Job <volcano-tests/early-1-b8a05368-c0d6-42a6-bf07-62ca955ce09c:volcano-tests/early-1-b8a05368-c0d6-42a6-bf07-62ca955ce09c>
I0906 15:29:46.698658       1 cache.go:1171] Retry to delete Job <volcano-tests/early-1-b8a05368-c0d6-42a6-bf07-62ca955ce09c:volcano-tests/early-1-b8a05368-c0d6-42a6-bf07-62ca955ce09c>
I0906 15:29:46.779451       1 cache.go:1171] Retry to delete Job <volcano-tests/early-1-b8a05368-c0d6-42a6-bf07-62ca955ce09c:volcano-tests/early-1-b8a05368-c0d6-42a6-bf07-62ca955ce09c>
I0906 15:29:46.939845       1 cache.go:1171] Retry to delete Job <volcano-tests/early-1-b8a05368-c0d6-42a6-bf07-62ca955ce09c:volcano-tests/early-1-b8a05368-c0d6-42a6-bf07-62ca955ce09c>
I0906 15:29:47.260483       1 cache.go:1171] Retry to delete Job <volcano-tests/early-1-b8a05368-c0d6-42a6-bf07-62ca955ce09c:volcano-tests/early-1-b8a05368-c0d6-42a6-bf07-62ca955ce09c>
I0906 15:29:47.494888       1 event_handlers.go:476] Deleted pod <volcano-tests/early-1-worker-1> from cache.
I0906 15:29:47.496688       1 cache.go:1126] Try to delete Job <volcano-tests/early-1-b8a05368-c0d6-42a6-bf07-62ca955ce09c:volcano-tests/early-1-b8a05368-c0d6-42a6-bf07-62ca955ce09c>
I0906 15:29:47.496715       1 event_handlers.go:476] Deleted pod <volcano-tests/early-1-worker-0> from cache.
I0906 15:29:47.496735       1 cache.go:1166] Job <volcano-tests/early-1-b8a05368-c0d6-42a6-bf07-62ca955ce09c:volcano-tests/early-1-b8a05368-c0d6-42a6-bf07-62ca955ce09c> was deleted.
I0906 15:29:47.561406       1 device_info.go:111] GPU sharing mode:  hami-core
I0906 15:29:47.561431       1 device_info.go:113] "Nvidia Device registered name" name="volcano-lab-worker" val={"ID":0,"Node":"volcano-lab-worker","UUID":"GPU-12345678-1234-1234-1234-123456780000","PodMap":{},"Memory":409,"Number":10,"Type":"NVIDIA-NVIDIA A100-SXM4-40GB","Health":true,"UsedNum":0,"UsedMem":0,"UsedCore":0,"MigTemplate":[],"MigUsage":{"Index":-1,"UsageList":null}}
I0906 15:29:47.561452       1 device_info.go:113] "Nvidia Device registered name" name="volcano-lab-worker" val={"ID":1,"Node":"volcano-lab-worker","UUID":"GPU-12345678-1234-1234-1234-123456780001","PodMap":{},"Memory":409,"Number":10,"Type":"NVIDIA-NVIDIA A100-SXM4-40GB","Health":true,"UsedNum":0,"UsedMem":0,"UsedCore":0,"MigTemplate":[],"MigUsage":{"Index":-1,"UsageList":null}}
I0906 15:29:47.561461       1 device_info.go:111] GPU sharing mode:  hami-core
I0906 15:29:47.561466       1 device_info.go:113] "Nvidia Device registered name" name="volcano-lab-worker" val={"ID":0,"Node":"volcano-lab-worker","UUID":"GPU-12345678-1234-1234-1234-123456780000","PodMap":{},"Memory":409,"Number":10,"Type":"NVIDIA-NVIDIA A100-SXM4-40GB","Health":true,"UsedNum":0,"UsedMem":0,"UsedCore":0,"MigTemplate":[],"MigUsage":{"Index":-1,"UsageList":null}}
I0906 15:29:47.561471       1 device_info.go:113] "Nvidia Device registered name" name="volcano-lab-worker" val={"ID":1,"Node":"volcano-lab-worker","UUID":"GPU-12345678-1234-1234-1234-123456780001","PodMap":{},"Memory":409,"Number":10,"Type":"NVIDIA-NVIDIA A100-SXM4-40GB","Health":true,"UsedNum":0,"UsedMem":0,"UsedCore":0,"MigTemplate":[],"MigUsage":{"Index":-1,"UsageList":null}}
E0906 15:29:47.561485       1 device_info.go:189] pod volcano-device-plugin-2sg22 has no annotation volcano.sh/devices-to-allocate
E0906 15:29:47.561494       1 device_info.go:189] pod mock1-nvml-mock-9rgh9 has no annotation volcano.sh/devices-to-allocate
E0906 15:29:47.561498       1 device_info.go:189] pod kindnet-k2m7h has no annotation volcano.sh/devices-to-allocate
E0906 15:29:47.561502       1 device_info.go:189] pod kube-proxy-btcmr has no annotation volcano.sh/devices-to-allocate
E0906 15:29:47.561506       1 device_info.go:189] pod grafana-7c5659d458-xrbnn has no annotation volcano.sh/devices-to-allocate
I0906 15:29:47.561531       1 device_info.go:111] GPU sharing mode:  hami-core
I0906 15:29:47.561537       1 device_info.go:113] "Nvidia Device registered name" name="volcano-lab-worker2" val={"ID":0,"Node":"volcano-lab-worker2","UUID":"GPU-22345678-1234-1234-1234-123456780000","PodMap":{},"Memory":409,"Number":10,"Type":"NVIDIA-NVIDIA A100-SXM4-40GB","Health":true,"UsedNum":0,"UsedMem":0,"UsedCore":0,"MigTemplate":[],"MigUsage":{"Index":-1,"UsageList":null}}
I0906 15:29:47.561547       1 device_info.go:113] "Nvidia Device registered name" name="volcano-lab-worker2" val={"ID":1,"Node":"volcano-lab-worker2","UUID":"GPU-22345678-1234-1234-1234-123456780001","PodMap":{},"Memory":409,"Number":10,"Type":"NVIDIA-NVIDIA A100-SXM4-40GB","Health":true,"UsedNum":0,"UsedMem":0,"UsedCore":0,"MigTemplate":[],"MigUsage":{"Index":-1,"UsageList":null}}
I0906 15:29:47.561553       1 device_info.go:111] GPU sharing mode:  hami-core
I0906 15:29:47.561560       1 device_info.go:113] "Nvidia Device registered name" name="volcano-lab-worker2" val={"ID":1,"Node":"volcano-lab-worker2","UUID":"GPU-22345678-1234-1234-1234-123456780001","PodMap":{},"Memory":409,"Number":10,"Type":"NVIDIA-NVIDIA A100-SXM4-40GB","Health":true,"UsedNum":0,"UsedMem":0,"UsedCore":0,"MigTemplate":[],"MigUsage":{"Index":-1,"UsageList":null}}
I0906 15:29:47.561565       1 device_info.go:113] "Nvidia Device registered name" name="volcano-lab-worker2" val={"ID":0,"Node":"volcano-lab-worker2","UUID":"GPU-22345678-1234-1234-1234-123456780000","PodMap":{},"Memory":409,"Number":10,"Type":"NVIDIA-NVIDIA A100-SXM4-40GB","Health":true,"UsedNum":0,"UsedMem":0,"UsedCore":0,"MigTemplate":[],"MigUsage":{"Index":-1,"UsageList":null}}
E0906 15:29:47.561575       1 device_info.go:189] pod kube-proxy-gwssg has no annotation volcano.sh/devices-to-allocate
E0906 15:29:47.561580       1 device_info.go:189] pod volcano-controllers-5b976c6d4b-rkqw6 has no annotation volcano.sh/devices-to-allocate
E0906 15:29:47.561585       1 device_info.go:189] pod volcano-scheduler-c7d5bf6df-hhh7c has no annotation volcano.sh/devices-to-allocate
E0906 15:29:47.561588       1 device_info.go:189] pod kindnet-5whpw has no annotation volcano.sh/devices-to-allocate
E0906 15:29:47.561592       1 device_info.go:189] pod mock2-nvml-mock-mtnbp has no annotation volcano.sh/devices-to-allocate
E0906 15:29:47.561595       1 device_info.go:189] pod kube-state-metrics-5ffcdf767c-gf9d5 has no annotation volcano.sh/devices-to-allocate
E0906 15:29:47.561599       1 device_info.go:189] pod volcano-device-plugin-jj26z has no annotation volcano.sh/devices-to-allocate
E0906 15:29:47.561603       1 device_info.go:189] pod prometheus-deployment-7cb9b4545b-h2fz4 has no annotation volcano.sh/devices-to-allocate
E0906 15:29:47.561607       1 device_info.go:189] pod volcano-admission-5b979dc8f6-8rdzl has no annotation volcano.sh/devices-to-allocate
I0906 15:29:47.561673       1 cache.go:1581] "SnapShot for scheduling" jobNum=0 QueueNum=3 NodeNum=3
I0906 15:29:47.561684       1 session.go:1036] Start adjusting jobs' network topology spec according to hyperNodeTierNameMap map[]
I0906 15:29:47.561692       1 session.go:1079] Finish adjusting jobs' network topology spec according to hyperNodeTierNameMap map[]
I0906 15:29:47.561700       1 session.go:279] Open Session 742d8ad1-9831-413d-b7ae-30a822e8b8e5 with <0> Job and <3> Queues. HyperNodesReadyToSchedule: true
I0906 15:29:47.561952       1 gpuexclusive.go:437] gpuexclusive: no rules configured, skipping GPU exclusivity wrapping
I0906 15:29:47.561965       1 enqueue.go:79] Try to enqueue PodGroup to 0 Queues
I0906 15:29:47.561972       1 reclaim.go:68] There are <0> Jobs and <3> Queues in total for scheduling.
I0906 15:29:47.561978       1 allocate.go:138] Try to allocate resource to 0 Queues
I0906 15:29:47.575704       1 session.go:577] Close Session 742d8ad1-9831-413d-b7ae-30a822e8b8e5
I0906 15:29:47.901360       1 cache.go:1154] Failed to find Job <volcano-tests/early-1-b8a05368-c0d6-42a6-bf07-62ca955ce09c>, ignore it
I0906 15:29:48.576751       1 device_info.go:111] GPU sharing mode:  hami-core
I0906 15:29:48.576797       1 device_info.go:113] "Nvidia Device registered name" name="volcano-lab-worker" val={"ID":1,"Node":"volcano-lab-worker","UUID":"GPU-12345678-1234-1234-1234-123456780001","PodMap":{},"Memory":409,"Number":10,"Type":"NVIDIA-NVIDIA A100-SXM4-40GB","Health":true,"UsedNum":0,"UsedMem":0,"UsedCore":0,"MigTemplate":[],"MigUsage":{"Index":-1,"UsageList":null}}
I0906 15:29:48.576833       1 device_info.go:113] "Nvidia Device registered name" name="volcano-lab-worker" val={"ID":0,"Node":"volcano-lab-worker","UUID":"GPU-12345678-1234-1234-1234-123456780000","PodMap":{},"Memory":409,"Number":10,"Type":"NVIDIA-NVIDIA A100-SXM4-40GB","Health":true,"UsedNum":0,"UsedMem":0,"UsedCore":0,"MigTemplate":[],"MigUsage":{"Index":-1,"UsageList":null}}
I0906 15:29:48.576856       1 device_info.go:111] GPU sharing mode:  hami-core
I0906 15:29:48.576867       1 device_info.go:113] "Nvidia Device registered name" name="volcano-lab-worker" val={"ID":0,"Node":"volcano-lab-worker","UUID":"GPU-12345678-1234-1234-1234-123456780000","PodMap":{},"Memory":409,"Number":10,"Type":"NVIDIA-NVIDIA A100-SXM4-40GB","Health":true,"UsedNum":0,"UsedMem":0,"UsedCore":0,"MigTemplate":[],"MigUsage":{"Index":-1,"UsageList":null}}
I0906 15:29:48.576878       1 device_info.go:113] "Nvidia Device registered name" name="volcano-lab-worker" val={"ID":1,"Node":"volcano-lab-worker","UUID":"GPU-12345678-1234-1234-1234-123456780001","PodMap":{},"Memory":409,"Number":10,"Type":"NVIDIA-NVIDIA A100-SXM4-40GB","Health":true,"UsedNum":0,"UsedMem":0,"UsedCore":0,"MigTemplate":[],"MigUsage":{"Index":-1,"UsageList":null}}
E0906 15:29:48.576899       1 device_info.go:189] pod kube-proxy-btcmr has no annotation volcano.sh/devices-to-allocate
E0906 15:29:48.576942       1 device_info.go:189] pod grafana-7c5659d458-xrbnn has no annotation volcano.sh/devices-to-allocate
E0906 15:29:48.576955       1 device_info.go:189] pod volcano-device-plugin-2sg22 has no annotation volcano.sh/devices-to-allocate
E0906 15:29:48.576966       1 device_info.go:189] pod mock1-nvml-mock-9rgh9 has no annotation volcano.sh/devices-to-allocate
E0906 15:29:48.576978       1 device_info.go:189] pod kindnet-k2m7h has no annotation volcano.sh/devices-to-allocate
I0906 15:29:48.577032       1 device_info.go:111] GPU sharing mode:  hami-core
I0906 15:29:48.577083       1 device_info.go:113] "Nvidia Device registered name" name="volcano-lab-worker2" val={"ID":0,"Node":"volcano-lab-worker2","UUID":"GPU-22345678-1234-1234-1234-123456780000","PodMap":{},"Memory":409,"Number":10,"Type":"NVIDIA-NVIDIA A100-SXM4-40GB","Health":true,"UsedNum":0,"UsedMem":0,"UsedCore":0,"MigTemplate":[],"MigUsage":{"Index":-1,"UsageList":null}}
I0906 15:29:48.577105       1 device_info.go:113] "Nvidia Device registered name" name="volcano-lab-worker2" val={"ID":1,"Node":"volcano-lab-worker2","UUID":"GPU-22345678-1234-1234-1234-123456780001","PodMap":{},"Memory":409,"Number":10,"Type":"NVIDIA-NVIDIA A100-SXM4-40GB","Health":true,"UsedNum":0,"UsedMem":0,"UsedCore":0,"MigTemplate":[],"MigUsage":{"Index":-1,"UsageList":null}}
I0906 15:29:48.577115       1 device_info.go:111] GPU sharing mode:  hami-core
I0906 15:29:48.577123       1 device_info.go:113] "Nvidia Device registered name" name="volcano-lab-worker2" val={"ID":0,"Node":"volcano-lab-worker2","UUID":"GPU-22345678-1234-1234-1234-123456780000","PodMap":{},"Memory":409,"Number":10,"Type":"NVIDIA-NVIDIA A100-SXM4-40GB","Health":true,"UsedNum":0,"UsedMem":0,"UsedCore":0,"MigTemplate":[],"MigUsage":{"Index":-1,"UsageList":null}}
I0906 15:29:48.577129       1 device_info.go:113] "Nvidia Device registered name" name="volcano-lab-worker2" val={"ID":1,"Node":"volcano-lab-worker2","UUID":"GPU-22345678-1234-1234-1234-123456780001","PodMap":{},"Memory":409,"Number":10,"Type":"NVIDIA-NVIDIA A100-SXM4-40GB","Health":true,"UsedNum":0,"UsedMem":0,"UsedCore":0,"MigTemplate":[],"MigUsage":{"Index":-1,"UsageList":null}}
E0906 15:29:48.577152       1 device_info.go:189] pod kindnet-5whpw has no annotation volcano.sh/devices-to-allocate
E0906 15:29:48.577158       1 device_info.go:189] pod mock2-nvml-mock-mtnbp has no annotation volcano.sh/devices-to-allocate
E0906 15:29:48.577162       1 device_info.go:189] pod kube-state-metrics-5ffcdf767c-gf9d5 has no annotation volcano.sh/devices-to-allocate
E0906 15:29:48.577166       1 device_info.go:189] pod volcano-device-plugin-jj26z has no annotation volcano.sh/devices-to-allocate
E0906 15:29:48.577169       1 device_info.go:189] pod prometheus-deployment-7cb9b4545b-h2fz4 has no annotation volcano.sh/devices-to-allocate
E0906 15:29:48.577173       1 device_info.go:189] pod volcano-admission-5b979dc8f6-8rdzl has no annotation volcano.sh/devices-to-allocate
E0906 15:29:48.577176       1 device_info.go:189] pod kube-proxy-gwssg has no annotation volcano.sh/devices-to-allocate
E0906 15:29:48.577180       1 device_info.go:189] pod volcano-controllers-5b976c6d4b-rkqw6 has no annotation volcano.sh/devices-to-allocate
E0906 15:29:48.577186       1 device_info.go:189] pod volcano-scheduler-c7d5bf6df-hhh7c has no annotation volcano.sh/devices-to-allocate
I0906 15:29:48.577257       1 cache.go:1581] "SnapShot for scheduling" jobNum=0 QueueNum=3 NodeNum=3
I0906 15:29:48.577274       1 session.go:1036] Start adjusting jobs' network topology spec according to hyperNodeTierNameMap map[]
I0906 15:29:48.577280       1 session.go:1079] Finish adjusting jobs' network topology spec according to hyperNodeTierNameMap map[]
I0906 15:29:48.577287       1 session.go:279] Open Session e65a2a5e-d406-46fe-87d7-6d5a22e65475 with <0> Job and <3> Queues. HyperNodesReadyToSchedule: true
I0906 15:29:48.577550       1 gpuexclusive.go:437] gpuexclusive: no rules configured, skipping GPU exclusivity wrapping
I0906 15:29:48.577562       1 enqueue.go:79] Try to enqueue PodGroup to 0 Queues
I0906 15:29:48.577570       1 reclaim.go:68] There are <0> Jobs and <3> Queues in total for scheduling.
I0906 15:29:48.577577       1 allocate.go:138] Try to allocate resource to 0 Queues
I0906 15:29:48.577605       1 session.go:577] Close Session e65a2a5e-d406-46fe-87d7-6d5a22e65475
I0906 15:29:49.578757       1 device_info.go:111] GPU sharing mode:  hami-core
I0906 15:29:49.578805       1 device_info.go:113] "Nvidia Device registered name" name="volcano-lab-worker" val={"ID":0,"Node":"volcano-lab-worker","UUID":"GPU-12345678-1234-1234-1234-123456780000","PodMap":{},"Memory":409,"Number":10,"Type":"NVIDIA-NVIDIA A100-SXM4-40GB","Health":true,"UsedNum":0,"UsedMem":0,"UsedCore":0,"MigTemplate":[],"MigUsage":{"Index":-1,"UsageList":null}}
I0906 15:29:49.578840       1 device_info.go:113] "Nvidia Device registered name" name="volcano-lab-worker" val={"ID":1,"Node":"volcano-lab-worker","UUID":"GPU-12345678-1234-1234-1234-123456780001","PodMap":{},"Memory":409,"Number":10,"Type":"NVIDIA-NVIDIA A100-SXM4-40GB","Health":true,"UsedNum":0,"UsedMem":0,"UsedCore":0,"MigTemplate":[],"MigUsage":{"Index":-1,"UsageList":null}}
I0906 15:29:49.578861       1 device_info.go:111] GPU sharing mode:  hami-core
I0906 15:29:49.578876       1 device_info.go:113] "Nvidia Device registered name" name="volcano-lab-worker" val={"ID":0,"Node":"volcano-lab-worker","UUID":"GPU-12345678-1234-1234-1234-123456780000","PodMap":{},"Memory":409,"Number":10,"Type":"NVIDIA-NVIDIA A100-SXM4-40GB","Health":true,"UsedNum":0,"UsedMem":0,"UsedCore":0,"MigTemplate":[],"MigUsage":{"Index":-1,"UsageList":null}}
I0906 15:29:49.578907       1 device_info.go:113] "Nvidia Device registered name" name="volcano-lab-worker" val={"ID":1,"Node":"volcano-lab-worker","UUID":"GPU-12345678-1234-1234-1234-123456780001","PodMap":{},"Memory":409,"Number":10,"Type":"NVIDIA-NVIDIA A100-SXM4-40GB","Health":true,"UsedNum":0,"UsedMem":0,"UsedCore":0,"MigTemplate":[],"MigUsage":{"Index":-1,"UsageList":null}}
E0906 15:29:49.578960       1 device_info.go:189] pod kindnet-k2m7h has no annotation volcano.sh/devices-to-allocate
E0906 15:29:49.578977       1 device_info.go:189] pod kube-proxy-btcmr has no annotation volcano.sh/devices-to-allocate
E0906 15:29:49.578991       1 device_info.go:189] pod grafana-7c5659d458-xrbnn has no annotation volcano.sh/devices-to-allocate
E0906 15:29:49.579006       1 device_info.go:189] pod volcano-device-plugin-2sg22 has no annotation volcano.sh/devices-to-allocate
E0906 15:29:49.579022       1 device_info.go:189] pod mock1-nvml-mock-9rgh9 has no annotation volcano.sh/devices-to-allocate
I0906 15:29:49.579139       1 device_info.go:111] GPU sharing mode:  hami-core
I0906 15:29:49.579163       1 device_info.go:113] "Nvidia Device registered name" name="volcano-lab-worker2" val={"ID":0,"Node":"volcano-lab-worker2","UUID":"GPU-22345678-1234-1234-1234-123456780000","PodMap":{},"Memory":409,"Number":10,"Type":"NVIDIA-NVIDIA A100-SXM4-40GB","Health":true,"UsedNum":0,"UsedMem":0,"UsedCore":0,"MigTemplate":[],"MigUsage":{"Index":-1,"UsageList":null}}
I0906 15:29:49.579193       1 device_info.go:113] "Nvidia Device registered name" name="volcano-lab-worker2" val={"ID":1,"Node":"volcano-lab-worker2","UUID":"GPU-22345678-1234-1234-1234-123456780001","PodMap":{},"Memory":409,"Number":10,"Type":"NVIDIA-NVIDIA A100-SXM4-40GB","Health":true,"UsedNum":0,"UsedMem":0,"UsedCore":0,"MigTemplate":[],"MigUsage":{"Index":-1,"UsageList":null}}
I0906 15:29:49.579223       1 device_info.go:111] GPU sharing mode:  hami-core
I0906 15:29:49.579248       1 device_info.go:113] "Nvidia Device registered name" name="volcano-lab-worker2" val={"ID":0,"Node":"volcano-lab-worker2","UUID":"GPU-22345678-1234-1234-1234-123456780000","PodMap":{},"Memory":409,"Number":10,"Type":"NVIDIA-NVIDIA A100-SXM4-40GB","Health":true,"UsedNum":0,"UsedMem":0,"UsedCore":0,"MigTemplate":[],"MigUsage":{"Index":-1,"UsageList":null}}
I0906 15:29:49.579275       1 device_info.go:113] "Nvidia Device registered name" name="volcano-lab-worker2" val={"ID":1,"Node":"volcano-lab-worker2","UUID":"GPU-22345678-1234-1234-1234-123456780001","PodMap":{},"Memory":409,"Number":10,"Type":"NVIDIA-NVIDIA A100-SXM4-40GB","Health":true,"UsedNum":0,"UsedMem":0,"UsedCore":0,"MigTemplate":[],"MigUsage":{"Index":-1,"UsageList":null}}
E0906 15:29:49.579308       1 device_info.go:189] pod prometheus-deployment-7cb9b4545b-h2fz4 has no annotation volcano.sh/devices-to-allocate
E0906 15:29:49.579321       1 device_info.go:189] pod volcano-admission-5b979dc8f6-8rdzl has no annotation volcano.sh/devices-to-allocate
E0906 15:29:49.579331       1 device_info.go:189] pod kube-proxy-gwssg has no annotation volcano.sh/devices-to-allocate
E0906 15:29:49.579340       1 device_info.go:189] pod volcano-controllers-5b976c6d4b-rkqw6 has no annotation volcano.sh/devices-to-allocate
E0906 15:29:49.579350       1 device_info.go:189] pod volcano-scheduler-c7d5bf6df-hhh7c has no annotation volcano.sh/devices-to-allocate
E0906 15:29:49.579359       1 device_info.go:189] pod kindnet-5whpw has no annotation volcano.sh/devices-to-allocate
E0906 15:29:49.579368       1 device_info.go:189] pod mock2-nvml-mock-mtnbp has no annotation volcano.sh/devices-to-allocate
E0906 15:29:49.579379       1 device_info.go:189] pod kube-state-metrics-5ffcdf767c-gf9d5 has no annotation volcano.sh/devices-to-allocate
E0906 15:29:49.579389       1 device_info.go:189] pod volcano-device-plugin-jj26z has no annotation volcano.sh/devices-to-allocate
I0906 15:29:49.579516       1 cache.go:1581] "SnapShot for scheduling" jobNum=0 QueueNum=3 NodeNum=3
I0906 15:29:49.579542       1 session.go:1036] Start adjusting jobs' network topology spec according to hyperNodeTierNameMap map[]
I0906 15:29:49.579556       1 session.go:1079] Finish adjusting jobs' network topology spec according to hyperNodeTierNameMap map[]
I0906 15:29:49.579575       1 session.go:279] Open Session e32a8f84-7897-4a59-8b9e-cde4da7cbddd with <0> Job and <3> Queues. HyperNodesReadyToSchedule: true
I0906 15:29:49.580027       1 gpuexclusive.go:437] gpuexclusive: no rules configured, skipping GPU exclusivity wrapping
I0906 15:29:49.580038       1 enqueue.go:79] Try to enqueue PodGroup to 0 Queues
I0906 15:29:49.580044       1 reclaim.go:68] There are <0> Jobs and <3> Queues in total for scheduling.
I0906 15:29:49.580064       1 allocate.go:138] Try to allocate resource to 0 Queues
I0906 15:29:49.580094       1 session.go:577] Close Session e32a8f84-7897-4a59-8b9e-cde4da7cbddd
I0906 15:29:50.580571       1 device_info.go:111] GPU sharing mode:  hami-core
I0906 15:29:50.580610       1 device_info.go:113] "Nvidia Device registered name" name="volcano-lab-worker" val={"ID":0,"Node":"volcano-lab-worker","UUID":"GPU-12345678-1234-1234-1234-123456780000","PodMap":{},"Memory":409,"Number":10,"Type":"NVIDIA-NVIDIA A100-SXM4-40GB","Health":true,"UsedNum":0,"UsedMem":0,"UsedCore":0,"MigTemplate":[],"MigUsage":{"Index":-1,"UsageList":null}}
I0906 15:29:50.580636       1 device_info.go:113] "Nvidia Device registered name" name="volcano-lab-worker" val={"ID":1,"Node":"volcano-lab-worker","UUID":"GPU-12345678-1234-1234-1234-123456780001","PodMap":{},"Memory":409,"Number":10,"Type":"NVIDIA-NVIDIA A100-SXM4-40GB","Health":true,"UsedNum":0,"UsedMem":0,"UsedCore":0,"MigTemplate":[],"MigUsage":{"Index":-1,"UsageList":null}}
I0906 15:29:50.580661       1 device_info.go:111] GPU sharing mode:  hami-core
I0906 15:29:50.580678       1 device_info.go:113] "Nvidia Device registered name" name="volcano-lab-worker" val={"ID":0,"Node":"volcano-lab-worker","UUID":"GPU-12345678-1234-1234-1234-123456780000","PodMap":{},"Memory":409,"Number":10,"Type":"NVIDIA-NVIDIA A100-SXM4-40GB","Health":true,"UsedNum":0,"UsedMem":0,"UsedCore":0,"MigTemplate":[],"MigUsage":{"Index":-1,"UsageList":null}}
I0906 15:29:50.580690       1 device_info.go:113] "Nvidia Device registered name" name="volcano-lab-worker" val={"ID":1,"Node":"volcano-lab-worker","UUID":"GPU-12345678-1234-1234-1234-123456780001","PodMap":{},"Memory":409,"Number":10,"Type":"NVIDIA-NVIDIA A100-SXM4-40GB","Health":true,"UsedNum":0,"UsedMem":0,"UsedCore":0,"MigTemplate":[],"MigUsage":{"Index":-1,"UsageList":null}}
E0906 15:29:50.580709       1 device_info.go:189] pod grafana-7c5659d458-xrbnn has no annotation volcano.sh/devices-to-allocate
E0906 15:29:50.580718       1 device_info.go:189] pod volcano-device-plugin-2sg22 has no annotation volcano.sh/devices-to-allocate
E0906 15:29:50.580727       1 device_info.go:189] pod mock1-nvml-mock-9rgh9 has no annotation volcano.sh/devices-to-allocate
E0906 15:29:50.580742       1 device_info.go:189] pod kindnet-k2m7h has no annotation volcano.sh/devices-to-allocate
E0906 15:29:50.580751       1 device_info.go:189] pod kube-proxy-btcmr has no annotation volcano.sh/devices-to-allocate
I0906 15:29:50.580796       1 device_info.go:111] GPU sharing mode:  hami-core
I0906 15:29:50.580808       1 device_info.go:113] "Nvidia Device registered name" name="volcano-lab-worker2" val={"ID":1,"Node":"volcano-lab-worker2","UUID":"GPU-22345678-1234-1234-1234-123456780001","PodMap":{},"Memory":409,"Number":10,"Type":"NVIDIA-NVIDIA A100-SXM4-40GB","Health":true,"UsedNum":0,"UsedMem":0,"UsedCore":0,"MigTemplate":[],"MigUsage":{"Index":-1,"UsageList":null}}
I0906 15:29:50.580827       1 device_info.go:113] "Nvidia Device registered name" name="volcano-lab-worker2" val={"ID":0,"Node":"volcano-lab-worker2","UUID":"GPU-22345678-1234-1234-1234-123456780000","PodMap":{},"Memory":409,"Number":10,"Type":"NVIDIA-NVIDIA A100-SXM4-40GB","Health":true,"UsedNum":0,"UsedMem":0,"UsedCore":0,"MigTemplate":[],"MigUsage":{"Index":-1,"UsageList":null}}
I0906 15:29:50.580841       1 device_info.go:111] GPU sharing mode:  hami-core
I0906 15:29:50.580851       1 device_info.go:113] "Nvidia Device registered name" name="volcano-lab-worker2" val={"ID":0,"Node":"volcano-lab-worker2","UUID":"GPU-22345678-1234-1234-1234-123456780000","PodMap":{},"Memory":409,"Number":10,"Type":"NVIDIA-NVIDIA A100-SXM4-40GB","Health":true,"UsedNum":0,"UsedMem":0,"UsedCore":0,"MigTemplate":[],"MigUsage":{"Index":-1,"UsageList":null}}
I0906 15:29:50.580861       1 device_info.go:113] "Nvidia Device registered name" name="volcano-lab-worker2" val={"ID":1,"Node":"volcano-lab-worker2","UUID":"GPU-22345678-1234-1234-1234-123456780001","PodMap":{},"Memory":409,"Number":10,"Type":"NVIDIA-NVIDIA A100-SXM4-40GB","Health":true,"UsedNum":0,"UsedMem":0,"UsedCore":0,"MigTemplate":[],"MigUsage":{"Index":-1,"UsageList":null}}
E0906 15:29:50.580875       1 device_info.go:189] pod volcano-scheduler-c7d5bf6df-hhh7c has no annotation volcano.sh/devices-to-allocate
E0906 15:29:50.580883       1 device_info.go:189] pod kindnet-5whpw has no annotation volcano.sh/devices-to-allocate
E0906 15:29:50.580893       1 device_info.go:189] pod mock2-nvml-mock-mtnbp has no annotation volcano.sh/devices-to-allocate
E0906 15:29:50.580903       1 device_info.go:189] pod kube-state-metrics-5ffcdf767c-gf9d5 has no annotation volcano.sh/devices-to-allocate
E0906 15:29:50.580916       1 device_info.go:189] pod volcano-device-plugin-jj26z has no annotation volcano.sh/devices-to-allocate
E0906 15:29:50.580926       1 device_info.go:189] pod prometheus-deployment-7cb9b4545b-h2fz4 has no annotation volcano.sh/devices-to-allocate
E0906 15:29:50.580936       1 device_info.go:189] pod volcano-admission-5b979dc8f6-8rdzl has no annotation volcano.sh/devices-to-allocate
E0906 15:29:50.580946       1 device_info.go:189] pod kube-proxy-gwssg has no annotation volcano.sh/devices-to-allocate
E0906 15:29:50.580954       1 device_info.go:189] pod volcano-controllers-5b976c6d4b-rkqw6 has no annotation volcano.sh/devices-to-allocate
I0906 15:29:50.581100       1 cache.go:1581] "SnapShot for scheduling" jobNum=0 QueueNum=3 NodeNum=3
I0906 15:29:50.581119       1 session.go:1036] Start adjusting jobs' network topology spec according to hyperNodeTierNameMap map[]
I0906 15:29:50.581132       1 session.go:1079] Finish adjusting jobs' network topology spec according to hyperNodeTierNameMap map[]
I0906 15:29:50.581150       1 session.go:279] Open Session 1cde877f-2e80-403f-bc60-7c69441c64b4 with <0> Job and <3> Queues. HyperNodesReadyToSchedule: true
I0906 15:29:50.581493       1 gpuexclusive.go:437] gpuexclusive: no rules configured, skipping GPU exclusivity wrapping
I0906 15:29:50.581511       1 enqueue.go:79] Try to enqueue PodGroup to 0 Queues
I0906 15:29:50.581525       1 reclaim.go:68] There are <0> Jobs and <3> Queues in total for scheduling.
I0906 15:29:50.581540       1 allocate.go:138] Try to allocate resource to 0 Queues
I0906 15:29:50.581585       1 session.go:577] Close Session 1cde877f-2e80-403f-bc60-7c69441c64b4
I0906 15:29:51.582908       1 device_info.go:111] GPU sharing mode:  hami-core
I0906 15:29:51.582998       1 device_info.go:113] "Nvidia Device registered name" name="volcano-lab-worker" val={"ID":0,"Node":"volcano-lab-worker","UUID":"GPU-12345678-1234-1234-1234-123456780000","PodMap":{},"Memory":409,"Number":10,"Type":"NVIDIA-NVIDIA A100-SXM4-40GB","Health":true,"UsedNum":0,"UsedMem":0,"UsedCore":0,"MigTemplate":[],"MigUsage":{"Index":-1,"UsageList":null}}
I0906 15:29:51.583036       1 device_info.go:113] "Nvidia Device registered name" name="volcano-lab-worker" val={"ID":1,"Node":"volcano-lab-worker","UUID":"GPU-12345678-1234-1234-1234-123456780001","PodMap":{},"Memory":409,"Number":10,"Type":"NVIDIA-NVIDIA A100-SXM4-40GB","Health":true,"UsedNum":0,"UsedMem":0,"UsedCore":0,"MigTemplate":[],"MigUsage":{"Index":-1,"UsageList":null}}
I0906 15:29:51.583069       1 device_info.go:111] GPU sharing mode:  hami-core
I0906 15:29:51.583086       1 device_info.go:113] "Nvidia Device registered name" name="volcano-lab-worker" val={"ID":0,"Node":"volcano-lab-worker","UUID":"GPU-12345678-1234-1234-1234-123456780000","PodMap":{},"Memory":409,"Number":10,"Type":"NVIDIA-NVIDIA A100-SXM4-40GB","Health":true,"UsedNum":0,"UsedMem":0,"UsedCore":0,"MigTemplate":[],"MigUsage":{"Index":-1,"UsageList":null}}
I0906 15:29:51.583111       1 device_info.go:113] "Nvidia Device registered name" name="volcano-lab-worker" val={"ID":1,"Node":"volcano-lab-worker","UUID":"GPU-12345678-1234-1234-1234-123456780001","PodMap":{},"Memory":409,"Number":10,"Type":"NVIDIA-NVIDIA A100-SXM4-40GB","Health":true,"UsedNum":0,"UsedMem":0,"UsedCore":0,"MigTemplate":[],"MigUsage":{"Index":-1,"UsageList":null}}
E0906 15:29:51.583136       1 device_info.go:189] pod grafana-7c5659d458-xrbnn has no annotation volcano.sh/devices-to-allocate
E0906 15:29:51.583150       1 device_info.go:189] pod volcano-device-plugin-2sg22 has no annotation volcano.sh/devices-to-allocate
E0906 15:29:51.583168       1 device_info.go:189] pod mock1-nvml-mock-9rgh9 has no annotation volcano.sh/devices-to-allocate
E0906 15:29:51.583178       1 device_info.go:189] pod kindnet-k2m7h has no annotation volcano.sh/devices-to-allocate
E0906 15:29:51.583187       1 device_info.go:189] pod kube-proxy-btcmr has no annotation volcano.sh/devices-to-allocate
I0906 15:29:51.583293       1 device_info.go:111] GPU sharing mode:  hami-core
I0906 15:29:51.583311       1 device_info.go:113] "Nvidia Device registered name" name="volcano-lab-worker2" val={"ID":1,"Node":"volcano-lab-worker2","UUID":"GPU-22345678-1234-1234-1234-123456780001","PodMap":{},"Memory":409,"Number":10,"Type":"NVIDIA-NVIDIA A100-SXM4-40GB","Health":true,"UsedNum":0,"UsedMem":0,"UsedCore":0,"MigTemplate":[],"MigUsage":{"Index":-1,"UsageList":null}}
I0906 15:29:51.583344       1 device_info.go:113] "Nvidia Device registered name" name="volcano-lab-worker2" val={"ID":0,"Node":"volcano-lab-worker2","UUID":"GPU-22345678-1234-1234-1234-123456780000","PodMap":{},"Memory":409,"Number":10,"Type":"NVIDIA-NVIDIA A100-SXM4-40GB","Health":true,"UsedNum":0,"UsedMem":0,"UsedCore":0,"MigTemplate":[],"MigUsage":{"Index":-1,"UsageList":null}}
I0906 15:29:51.583361       1 device_info.go:111] GPU sharing mode:  hami-core
I0906 15:29:51.583375       1 device_info.go:113] "Nvidia Device registered name" name="volcano-lab-worker2" val={"ID":0,"Node":"volcano-lab-worker2","UUID":"GPU-22345678-1234-1234-1234-123456780000","PodMap":{},"Memory":409,"Number":10,"Type":"NVIDIA-NVIDIA A100-SXM4-40GB","Health":true,"UsedNum":0,"UsedMem":0,"UsedCore":0,"MigTemplate":[],"MigUsage":{"Index":-1,"UsageList":null}}
I0906 15:29:51.583396       1 device_info.go:113] "Nvidia Device registered name" name="volcano-lab-worker2" val={"ID":1,"Node":"volcano-lab-worker2","UUID":"GPU-22345678-1234-1234-1234-123456780001","PodMap":{},"Memory":409,"Number":10,"Type":"NVIDIA-NVIDIA A100-SXM4-40GB","Health":true,"UsedNum":0,"UsedMem":0,"UsedCore":0,"MigTemplate":[],"MigUsage":{"Index":-1,"UsageList":null}}
E0906 15:29:51.583712       1 device_info.go:189] pod volcano-scheduler-c7d5bf6df-hhh7c has no annotation volcano.sh/devices-to-allocate
E0906 15:29:51.583723       1 device_info.go:189] pod kindnet-5whpw has no annotation volcano.sh/devices-to-allocate
E0906 15:29:51.583728       1 device_info.go:189] pod mock2-nvml-mock-mtnbp has no annotation volcano.sh/devices-to-allocate
E0906 15:29:51.583732       1 device_info.go:189] pod kube-state-metrics-5ffcdf767c-gf9d5 has no annotation volcano.sh/devices-to-allocate
E0906 15:29:51.583735       1 device_info.go:189] pod volcano-device-plugin-jj26z has no annotation volcano.sh/devices-to-allocate
E0906 15:29:51.583739       1 device_info.go:189] pod prometheus-deployment-7cb9b4545b-h2fz4 has no annotation volcano.sh/devices-to-allocate
E0906 15:29:51.583742       1 device_info.go:189] pod volcano-admission-5b979dc8f6-8rdzl has no annotation volcano.sh/devices-to-allocate
E0906 15:29:51.583745       1 device_info.go:189] pod kube-proxy-gwssg has no annotation volcano.sh/devices-to-allocate
E0906 15:29:51.583748       1 device_info.go:189] pod volcano-controllers-5b976c6d4b-rkqw6 has no annotation volcano.sh/devices-to-allocate
I0906 15:29:51.583802       1 cache.go:1581] "SnapShot for scheduling" jobNum=0 QueueNum=3 NodeNum=3
I0906 15:29:51.583814       1 session.go:1036] Start adjusting jobs' network topology spec according to hyperNodeTierNameMap map[]
I0906 15:29:51.583820       1 session.go:1079] Finish adjusting jobs' network topology spec according to hyperNodeTierNameMap map[]
I0906 15:29:51.583827       1 session.go:279] Open Session cffd9863-04f7-4e1e-801b-16e205ce2bee with <0> Job and <3> Queues. HyperNodesReadyToSchedule: true
I0906 15:29:51.584019       1 gpuexclusive.go:437] gpuexclusive: no rules configured, skipping GPU exclusivity wrapping
I0906 15:29:51.584029       1 enqueue.go:79] Try to enqueue PodGroup to 0 Queues
I0906 15:29:51.584034       1 reclaim.go:68] There are <0> Jobs and <3> Queues in total for scheduling.
I0906 15:29:51.584040       1 allocate.go:138] Try to allocate resource to 0 Queues
I0906 15:29:51.584081       1 session.go:577] Close Session cffd9863-04f7-4e1e-801b-16e205ce2bee
I0906 15:29:52.584663       1 device_info.go:111] GPU sharing mode:  hami-core
I0906 15:29:52.584732       1 device_info.go:113] "Nvidia Device registered name" name="volcano-lab-worker" val={"ID":0,"Node":"volcano-lab-worker","UUID":"GPU-12345678-1234-1234-1234-123456780000","PodMap":{},"Memory":409,"Number":10,"Type":"NVIDIA-NVIDIA A100-SXM4-40GB","Health":true,"UsedNum":0,"UsedMem":0,"UsedCore":0,"MigTemplate":[],"MigUsage":{"Index":-1,"UsageList":null}}
I0906 15:29:52.584772       1 device_info.go:113] "Nvidia Device registered name" name="volcano-lab-worker" val={"ID":1,"Node":"volcano-lab-worker","UUID":"GPU-12345678-1234-1234-1234-123456780001","PodMap":{},"Memory":409,"Number":10,"Type":"NVIDIA-NVIDIA A100-SXM4-40GB","Health":true,"UsedNum":0,"UsedMem":0,"UsedCore":0,"MigTemplate":[],"MigUsage":{"Index":-1,"UsageList":null}}
I0906 15:29:52.584805       1 device_info.go:111] GPU sharing mode:  hami-core
I0906 15:29:52.584831       1 device_info.go:113] "Nvidia Device registered name" name="volcano-lab-worker" val={"ID":0,"Node":"volcano-lab-worker","UUID":"GPU-12345678-1234-1234-1234-123456780000","PodMap":{},"Memory":409,"Number":10,"Type":"NVIDIA-NVIDIA A100-SXM4-40GB","Health":true,"UsedNum":0,"UsedMem":0,"UsedCore":0,"MigTemplate":[],"MigUsage":{"Index":-1,"UsageList":null}}
I0906 15:29:52.584877       1 device_info.go:113] "Nvidia Device registered name" name="volcano-lab-worker" val={"ID":1,"Node":"volcano-lab-worker","UUID":"GPU-12345678-1234-1234-1234-123456780001","PodMap":{},"Memory":409,"Number":10,"Type":"NVIDIA-NVIDIA A100-SXM4-40GB","Health":true,"UsedNum":0,"UsedMem":0,"UsedCore":0,"MigTemplate":[],"MigUsage":{"Index":-1,"UsageList":null}}
E0906 15:29:52.584914       1 device_info.go:189] pod mock1-nvml-mock-9rgh9 has no annotation volcano.sh/devices-to-allocate
E0906 15:29:52.584932       1 device_info.go:189] pod kindnet-k2m7h has no annotation volcano.sh/devices-to-allocate
E0906 15:29:52.584943       1 device_info.go:189] pod kube-proxy-btcmr has no annotation volcano.sh/devices-to-allocate
E0906 15:29:52.584958       1 device_info.go:189] pod grafana-7c5659d458-xrbnn has no annotation volcano.sh/devices-to-allocate
E0906 15:29:52.584974       1 device_info.go:189] pod volcano-device-plugin-2sg22 has no annotation volcano.sh/devices-to-allocate
I0906 15:29:52.585063       1 device_info.go:111] GPU sharing mode:  hami-core
I0906 15:29:52.585088       1 device_info.go:113] "Nvidia Device registered name" name="volcano-lab-worker2" val={"ID":0,"Node":"volcano-lab-worker2","UUID":"GPU-22345678-1234-1234-1234-123456780000","PodMap":{},"Memory":409,"Number":10,"Type":"NVIDIA-NVIDIA A100-SXM4-40GB","Health":true,"UsedNum":0,"UsedMem":0,"UsedCore":0,"MigTemplate":[],"MigUsage":{"Index":-1,"UsageList":null}}
I0906 15:29:52.585111       1 device_info.go:113] "Nvidia Device registered name" name="volcano-lab-worker2" val={"ID":1,"Node":"volcano-lab-worker2","UUID":"GPU-22345678-1234-1234-1234-123456780001","PodMap":{},"Memory":409,"Number":10,"Type":"NVIDIA-NVIDIA A100-SXM4-40GB","Health":true,"UsedNum":0,"UsedMem":0,"UsedCore":0,"MigTemplate":[],"MigUsage":{"Index":-1,"UsageList":null}}
I0906 15:29:52.585149       1 device_info.go:111] GPU sharing mode:  hami-core
I0906 15:29:52.585172       1 device_info.go:113] "Nvidia Device registered name" name="volcano-lab-worker2" val={"ID":0,"Node":"volcano-lab-worker2","UUID":"GPU-22345678-1234-1234-1234-123456780000","PodMap":{},"Memory":409,"Number":10,"Type":"NVIDIA-NVIDIA A100-SXM4-40GB","Health":true,"UsedNum":0,"UsedMem":0,"UsedCore":0,"MigTemplate":[],"MigUsage":{"Index":-1,"UsageList":null}}
I0906 15:29:52.585188       1 device_info.go:113] "Nvidia Device registered name" name="volcano-lab-worker2" val={"ID":1,"Node":"volcano-lab-worker2","UUID":"GPU-22345678-1234-1234-1234-123456780001","PodMap":{},"Memory":409,"Number":10,"Type":"NVIDIA-NVIDIA A100-SXM4-40GB","Health":true,"UsedNum":0,"UsedMem":0,"UsedCore":0,"MigTemplate":[],"MigUsage":{"Index":-1,"UsageList":null}}
E0906 15:29:52.585217       1 device_info.go:189] pod volcano-scheduler-c7d5bf6df-hhh7c has no annotation volcano.sh/devices-to-allocate
E0906 15:29:52.585243       1 device_info.go:189] pod kindnet-5whpw has no annotation volcano.sh/devices-to-allocate
E0906 15:29:52.585258       1 device_info.go:189] pod mock2-nvml-mock-mtnbp has no annotation volcano.sh/devices-to-allocate
E0906 15:29:52.585269       1 device_info.go:189] pod kube-state-metrics-5ffcdf767c-gf9d5 has no annotation volcano.sh/devices-to-allocate
E0906 15:29:52.585279       1 device_info.go:189] pod volcano-device-plugin-jj26z has no annotation volcano.sh/devices-to-allocate
E0906 15:29:52.585288       1 device_info.go:189] pod prometheus-deployment-7cb9b4545b-h2fz4 has no annotation volcano.sh/devices-to-allocate
E0906 15:29:52.585297       1 device_info.go:189] pod volcano-admission-5b979dc8f6-8rdzl has no annotation volcano.sh/devices-to-allocate
E0906 15:29:52.585306       1 device_info.go:189] pod kube-proxy-gwssg has no annotation volcano.sh/devices-to-allocate
E0906 15:29:52.585315       1 device_info.go:189] pod volcano-controllers-5b976c6d4b-rkqw6 has no annotation volcano.sh/devices-to-allocate
I0906 15:29:52.585475       1 cache.go:1581] "SnapShot for scheduling" jobNum=0 QueueNum=3 NodeNum=3
I0906 15:29:52.585514       1 session.go:1036] Start adjusting jobs' network topology spec according to hyperNodeTierNameMap map[]
I0906 15:29:52.585531       1 session.go:1079] Finish adjusting jobs' network topology spec according to hyperNodeTierNameMap map[]
I0906 15:29:52.585558       1 session.go:279] Open Session 9b0d112c-fb79-4854-95cb-7134d3d2c422 with <0> Job and <3> Queues. HyperNodesReadyToSchedule: true
I0906 15:29:52.586078       1 gpuexclusive.go:437] gpuexclusive: no rules configured, skipping GPU exclusivity wrapping
I0906 15:29:52.586089       1 enqueue.go:79] Try to enqueue PodGroup to 0 Queues
I0906 15:29:52.586095       1 reclaim.go:68] There are <0> Jobs and <3> Queues in total for scheduling.
I0906 15:29:52.586104       1 allocate.go:138] Try to allocate resource to 0 Queues
I0906 15:29:52.586134       1 session.go:577] Close Session 9b0d112c-fb79-4854-95cb-7134d3d2c422
I0906 15:29:53.586495       1 device_info.go:111] GPU sharing mode:  hami-core
I0906 15:29:53.586539       1 device_info.go:113] "Nvidia Device registered name" name="volcano-lab-worker" val={"ID":1,"Node":"volcano-lab-worker","UUID":"GPU-12345678-1234-1234-1234-123456780001","PodMap":{},"Memory":409,"Number":10,"Type":"NVIDIA-NVIDIA A100-SXM4-40GB","Health":true,"UsedNum":0,"UsedMem":0,"UsedCore":0,"MigTemplate":[],"MigUsage":{"Index":-1,"UsageList":null}}
I0906 15:29:53.586571       1 device_info.go:113] "Nvidia Device registered name" name="volcano-lab-worker" val={"ID":0,"Node":"volcano-lab-worker","UUID":"GPU-12345678-1234-1234-1234-123456780000","PodMap":{},"Memory":409,"Number":10,"Type":"NVIDIA-NVIDIA A100-SXM4-40GB","Health":true,"UsedNum":0,"UsedMem":0,"UsedCore":0,"MigTemplate":[],"MigUsage":{"Index":-1,"UsageList":null}}
I0906 15:29:53.586595       1 device_info.go:111] GPU sharing mode:  hami-core
I0906 15:29:53.586609       1 device_info.go:113] "Nvidia Device registered name" name="volcano-lab-worker" val={"ID":0,"Node":"volcano-lab-worker","UUID":"GPU-12345678-1234-1234-1234-123456780000","PodMap":{},"Memory":409,"Number":10,"Type":"NVIDIA-NVIDIA A100-SXM4-40GB","Health":true,"UsedNum":0,"UsedMem":0,"UsedCore":0,"MigTemplate":[],"MigUsage":{"Index":-1,"UsageList":null}}
I0906 15:29:53.586624       1 device_info.go:113] "Nvidia Device registered name" name="volcano-lab-worker" val={"ID":1,"Node":"volcano-lab-worker","UUID":"GPU-12345678-1234-1234-1234-123456780001","PodMap":{},"Memory":409,"Number":10,"Type":"NVIDIA-NVIDIA A100-SXM4-40GB","Health":true,"UsedNum":0,"UsedMem":0,"UsedCore":0,"MigTemplate":[],"MigUsage":{"Index":-1,"UsageList":null}}
E0906 15:29:53.586649       1 device_info.go:189] pod kindnet-k2m7h has no annotation volcano.sh/devices-to-allocate
E0906 15:29:53.586664       1 device_info.go:189] pod kube-proxy-btcmr has no annotation volcano.sh/devices-to-allocate
E0906 15:29:53.586674       1 device_info.go:189] pod grafana-7c5659d458-xrbnn has no annotation volcano.sh/devices-to-allocate
E0906 15:29:53.586684       1 device_info.go:189] pod volcano-device-plugin-2sg22 has no annotation volcano.sh/devices-to-allocate
E0906 15:29:53.586694       1 device_info.go:189] pod mock1-nvml-mock-9rgh9 has no annotation volcano.sh/devices-to-allocate
I0906 15:29:53.586757       1 device_info.go:111] GPU sharing mode:  hami-core
I0906 15:29:53.586773       1 device_info.go:113] "Nvidia Device registered name" name="volcano-lab-worker2" val={"ID":0,"Node":"volcano-lab-worker2","UUID":"GPU-22345678-1234-1234-1234-123456780000","PodMap":{},"Memory":409,"Number":10,"Type":"NVIDIA-NVIDIA A100-SXM4-40GB","Health":true,"UsedNum":0,"UsedMem":0,"UsedCore":0,"MigTemplate":[],"MigUsage":{"Index":-1,"UsageList":null}}
I0906 15:29:53.586792       1 device_info.go:113] "Nvidia Device registered name" name="volcano-lab-worker2" val={"ID":1,"Node":"volcano-lab-worker2","UUID":"GPU-22345678-1234-1234-1234-123456780001","PodMap":{},"Memory":409,"Number":10,"Type":"NVIDIA-NVIDIA A100-SXM4-40GB","Health":true,"UsedNum":0,"UsedMem":0,"UsedCore":0,"MigTemplate":[],"MigUsage":{"Index":-1,"UsageList":null}}
I0906 15:29:53.586810       1 device_info.go:111] GPU sharing mode:  hami-core
I0906 15:29:53.586822       1 device_info.go:113] "Nvidia Device registered name" name="volcano-lab-worker2" val={"ID":0,"Node":"volcano-lab-worker2","UUID":"GPU-22345678-1234-1234-1234-123456780000","PodMap":{},"Memory":409,"Number":10,"Type":"NVIDIA-NVIDIA A100-SXM4-40GB","Health":true,"UsedNum":0,"UsedMem":0,"UsedCore":0,"MigTemplate":[],"MigUsage":{"Index":-1,"UsageList":null}}
I0906 15:29:53.586868       1 device_info.go:113] "Nvidia Device registered name" name="volcano-lab-worker2" val={"ID":1,"Node":"volcano-lab-worker2","UUID":"GPU-22345678-1234-1234-1234-123456780001","PodMap":{},"Memory":409,"Number":10,"Type":"NVIDIA-NVIDIA A100-SXM4-40GB","Health":true,"UsedNum":0,"UsedMem":0,"UsedCore":0,"MigTemplate":[],"MigUsage":{"Index":-1,"UsageList":null}}
E0906 15:29:53.586882       1 device_info.go:189] pod kube-state-metrics-5ffcdf767c-gf9d5 has no annotation volcano.sh/devices-to-allocate
E0906 15:29:53.586888       1 device_info.go:189] pod volcano-device-plugin-jj26z has no annotation volcano.sh/devices-to-allocate
E0906 15:29:53.586893       1 device_info.go:189] pod prometheus-deployment-7cb9b4545b-h2fz4 has no annotation volcano.sh/devices-to-allocate
E0906 15:29:53.586897       1 device_info.go:189] pod volcano-admission-5b979dc8f6-8rdzl has no annotation volcano.sh/devices-to-allocate
E0906 15:29:53.586901       1 device_info.go:189] pod kube-proxy-gwssg has no annotation volcano.sh/devices-to-allocate
E0906 15:29:53.586905       1 device_info.go:189] pod volcano-controllers-5b976c6d4b-rkqw6 has no annotation volcano.sh/devices-to-allocate
E0906 15:29:53.586927       1 device_info.go:189] pod volcano-scheduler-c7d5bf6df-hhh7c has no annotation volcano.sh/devices-to-allocate
E0906 15:29:53.586935       1 device_info.go:189] pod kindnet-5whpw has no annotation volcano.sh/devices-to-allocate
E0906 15:29:53.586941       1 device_info.go:189] pod mock2-nvml-mock-mtnbp has no annotation volcano.sh/devices-to-allocate
I0906 15:29:53.587004       1 cache.go:1581] "SnapShot for scheduling" jobNum=0 QueueNum=3 NodeNum=3
I0906 15:29:53.587014       1 session.go:1036] Start adjusting jobs' network topology spec according to hyperNodeTierNameMap map[]
I0906 15:29:53.587021       1 session.go:1079] Finish adjusting jobs' network topology spec according to hyperNodeTierNameMap map[]
I0906 15:29:53.587027       1 session.go:279] Open Session a30e8618-0541-4952-bb85-12590e61719d with <0> Job and <3> Queues. HyperNodesReadyToSchedule: true
I0906 15:29:53.587273       1 gpuexclusive.go:437] gpuexclusive: no rules configured, skipping GPU exclusivity wrapping
I0906 15:29:53.587284       1 enqueue.go:79] Try to enqueue PodGroup to 0 Queues
I0906 15:29:53.587292       1 reclaim.go:68] There are <0> Jobs and <3> Queues in total for scheduling.
I0906 15:29:53.587298       1 allocate.go:138] Try to allocate resource to 0 Queues
I0906 15:29:53.587326       1 session.go:577] Close Session a30e8618-0541-4952-bb85-12590e61719d
I0906 15:29:54.587791       1 device_info.go:111] GPU sharing mode:  hami-core
I0906 15:29:54.587826       1 device_info.go:113] "Nvidia Device registered name" name="volcano-lab-worker" val={"ID":0,"Node":"volcano-lab-worker","UUID":"GPU-12345678-1234-1234-1234-123456780000","PodMap":{},"Memory":409,"Number":10,"Type":"NVIDIA-NVIDIA A100-SXM4-40GB","Health":true,"UsedNum":0,"UsedMem":0,"UsedCore":0,"MigTemplate":[],"MigUsage":{"Index":-1,"UsageList":null}}
I0906 15:29:54.587852       1 device_info.go:113] "Nvidia Device registered name" name="volcano-lab-worker" val={"ID":1,"Node":"volcano-lab-worker","UUID":"GPU-12345678-1234-1234-1234-123456780001","PodMap":{},"Memory":409,"Number":10,"Type":"NVIDIA-NVIDIA A100-SXM4-40GB","Health":true,"UsedNum":0,"UsedMem":0,"UsedCore":0,"MigTemplate":[],"MigUsage":{"Index":-1,"UsageList":null}}
I0906 15:29:54.587875       1 device_info.go:111] GPU sharing mode:  hami-core
I0906 15:29:54.587901       1 device_info.go:113] "Nvidia Device registered name" name="volcano-lab-worker" val={"ID":0,"Node":"volcano-lab-worker","UUID":"GPU-12345678-1234-1234-1234-123456780000","PodMap":{},"Memory":409,"Number":10,"Type":"NVIDIA-NVIDIA A100-SXM4-40GB","Health":true,"UsedNum":0,"UsedMem":0,"UsedCore":0,"MigTemplate":[],"MigUsage":{"Index":-1,"UsageList":null}}
I0906 15:29:54.587919       1 device_info.go:113] "Nvidia Device registered name" name="volcano-lab-worker" val={"ID":1,"Node":"volcano-lab-worker","UUID":"GPU-12345678-1234-1234-1234-123456780001","PodMap":{},"Memory":409,"Number":10,"Type":"NVIDIA-NVIDIA A100-SXM4-40GB","Health":true,"UsedNum":0,"UsedMem":0,"UsedCore":0,"MigTemplate":[],"MigUsage":{"Index":-1,"UsageList":null}}
E0906 15:29:54.587950       1 device_info.go:189] pod kindnet-k2m7h has no annotation volcano.sh/devices-to-allocate
E0906 15:29:54.587976       1 device_info.go:189] pod kube-proxy-btcmr has no annotation volcano.sh/devices-to-allocate
E0906 15:29:54.587984       1 device_info.go:189] pod grafana-7c5659d458-xrbnn has no annotation volcano.sh/devices-to-allocate
E0906 15:29:54.587991       1 device_info.go:189] pod volcano-device-plugin-2sg22 has no annotation volcano.sh/devices-to-allocate
E0906 15:29:54.587998       1 device_info.go:189] pod mock1-nvml-mock-9rgh9 has no annotation volcano.sh/devices-to-allocate
I0906 15:29:54.588069       1 device_info.go:111] GPU sharing mode:  hami-core
I0906 15:29:54.588089       1 device_info.go:113] "Nvidia Device registered name" name="volcano-lab-worker2" val={"ID":1,"Node":"volcano-lab-worker2","UUID":"GPU-22345678-1234-1234-1234-123456780001","PodMap":{},"Memory":409,"Number":10,"Type":"NVIDIA-NVIDIA A100-SXM4-40GB","Health":true,"UsedNum":0,"UsedMem":0,"UsedCore":0,"MigTemplate":[],"MigUsage":{"Index":-1,"UsageList":null}}
I0906 15:29:54.588103       1 device_info.go:113] "Nvidia Device registered name" name="volcano-lab-worker2" val={"ID":0,"Node":"volcano-lab-worker2","UUID":"GPU-22345678-1234-1234-1234-123456780000","PodMap":{},"Memory":409,"Number":10,"Type":"NVIDIA-NVIDIA A100-SXM4-40GB","Health":true,"UsedNum":0,"UsedMem":0,"UsedCore":0,"MigTemplate":[],"MigUsage":{"Index":-1,"UsageList":null}}
I0906 15:29:54.588117       1 device_info.go:111] GPU sharing mode:  hami-core
I0906 15:29:54.588132       1 device_info.go:113] "Nvidia Device registered name" name="volcano-lab-worker2" val={"ID":0,"Node":"volcano-lab-worker2","UUID":"GPU-22345678-1234-1234-1234-123456780000","PodMap":{},"Memory":409,"Number":10,"Type":"NVIDIA-NVIDIA A100-SXM4-40GB","Health":true,"UsedNum":0,"UsedMem":0,"UsedCore":0,"MigTemplate":[],"MigUsage":{"Index":-1,"UsageList":null}}
I0906 15:29:54.588151       1 device_info.go:113] "Nvidia Device registered name" name="volcano-lab-worker2" val={"ID":1,"Node":"volcano-lab-worker2","UUID":"GPU-22345678-1234-1234-1234-123456780001","PodMap":{},"Memory":409,"Number":10,"Type":"NVIDIA-NVIDIA A100-SXM4-40GB","Health":true,"UsedNum":0,"UsedMem":0,"UsedCore":0,"MigTemplate":[],"MigUsage":{"Index":-1,"UsageList":null}}
E0906 15:29:54.588185       1 device_info.go:189] pod prometheus-deployment-7cb9b4545b-h2fz4 has no annotation volcano.sh/devices-to-allocate
E0906 15:29:54.588199       1 device_info.go:189] pod volcano-admission-5b979dc8f6-8rdzl has no annotation volcano.sh/devices-to-allocate
E0906 15:29:54.588211       1 device_info.go:189] pod kube-proxy-gwssg has no annotation volcano.sh/devices-to-allocate
E0906 15:29:54.588226       1 device_info.go:189] pod volcano-controllers-5b976c6d4b-rkqw6 has no annotation volcano.sh/devices-to-allocate
E0906 15:29:54.588239       1 device_info.go:189] pod volcano-scheduler-c7d5bf6df-hhh7c has no annotation volcano.sh/devices-to-allocate
E0906 15:29:54.588250       1 device_info.go:189] pod kindnet-5whpw has no annotation volcano.sh/devices-to-allocate
E0906 15:29:54.588261       1 device_info.go:189] pod mock2-nvml-mock-mtnbp has no annotation volcano.sh/devices-to-allocate
E0906 15:29:54.588275       1 device_info.go:189] pod kube-state-metrics-5ffcdf767c-gf9d5 has no annotation volcano.sh/devices-to-allocate
E0906 15:29:54.588286       1 device_info.go:189] pod volcano-device-plugin-jj26z has no annotation volcano.sh/devices-to-allocate
I0906 15:29:54.588395       1 cache.go:1581] "SnapShot for scheduling" jobNum=0 QueueNum=3 NodeNum=3
I0906 15:29:54.588413       1 session.go:1036] Start adjusting jobs' network topology spec according to hyperNodeTierNameMap map[]
I0906 15:29:54.588428       1 session.go:1079] Finish adjusting jobs' network topology spec according to hyperNodeTierNameMap map[]
I0906 15:29:54.588450       1 session.go:279] Open Session 4826660e-f6f1-4eb4-b83f-4012ae6b08f5 with <0> Job and <3> Queues. HyperNodesReadyToSchedule: true
I0906 15:29:54.588727       1 gpuexclusive.go:437] gpuexclusive: no rules configured, skipping GPU exclusivity wrapping
I0906 15:29:54.588737       1 enqueue.go:79] Try to enqueue PodGroup to 0 Queues
I0906 15:29:54.588753       1 reclaim.go:68] There are <0> Jobs and <3> Queues in total for scheduling.
I0906 15:29:54.588762       1 allocate.go:138] Try to allocate resource to 0 Queues
I0906 15:29:54.588791       1 session.go:577] Close Session 4826660e-f6f1-4eb4-b83f-4012ae6b08f5
I0906 15:29:55.589734       1 device_info.go:111] GPU sharing mode:  hami-core
I0906 15:29:55.589778       1 device_info.go:113] "Nvidia Device registered name" name="volcano-lab-worker2" val={"ID":0,"Node":"volcano-lab-worker2","UUID":"GPU-22345678-1234-1234-1234-123456780000","PodMap":{},"Memory":409,"Number":10,"Type":"NVIDIA-NVIDIA A100-SXM4-40GB","Health":true,"UsedNum":0,"UsedMem":0,"UsedCore":0,"MigTemplate":[],"MigUsage":{"Index":-1,"UsageList":null}}
I0906 15:29:55.589811       1 device_info.go:113] "Nvidia Device registered name" name="volcano-lab-worker2" val={"ID":1,"Node":"volcano-lab-worker2","UUID":"GPU-22345678-1234-1234-1234-123456780001","PodMap":{},"Memory":409,"Number":10,"Type":"NVIDIA-NVIDIA A100-SXM4-40GB","Health":true,"UsedNum":0,"UsedMem":0,"UsedCore":0,"MigTemplate":[],"MigUsage":{"Index":-1,"UsageList":null}}
I0906 15:29:55.589831       1 device_info.go:111] GPU sharing mode:  hami-core
I0906 15:29:55.589845       1 device_info.go:113] "Nvidia Device registered name" name="volcano-lab-worker2" val={"ID":0,"Node":"volcano-lab-worker2","UUID":"GPU-22345678-1234-1234-1234-123456780000","PodMap":{},"Memory":409,"Number":10,"Type":"NVIDIA-NVIDIA A100-SXM4-40GB","Health":true,"UsedNum":0,"UsedMem":0,"UsedCore":0,"MigTemplate":[],"MigUsage":{"Index":-1,"UsageList":null}}
I0906 15:29:55.589860       1 device_info.go:113] "Nvidia Device registered name" name="volcano-lab-worker2" val={"ID":1,"Node":"volcano-lab-worker2","UUID":"GPU-22345678-1234-1234-1234-123456780001","PodMap":{},"Memory":409,"Number":10,"Type":"NVIDIA-NVIDIA A100-SXM4-40GB","Health":true,"UsedNum":0,"UsedMem":0,"UsedCore":0,"MigTemplate":[],"MigUsage":{"Index":-1,"UsageList":null}}
E0906 15:29:55.589893       1 device_info.go:189] pod prometheus-deployment-7cb9b4545b-h2fz4 has no annotation volcano.sh/devices-to-allocate
E0906 15:29:55.589911       1 device_info.go:189] pod volcano-admission-5b979dc8f6-8rdzl has no annotation volcano.sh/devices-to-allocate
E0906 15:29:55.589921       1 device_info.go:189] pod kube-proxy-gwssg has no annotation volcano.sh/devices-to-allocate
E0906 15:29:55.589930       1 device_info.go:189] pod volcano-controllers-5b976c6d4b-rkqw6 has no annotation volcano.sh/devices-to-allocate
E0906 15:29:55.589940       1 device_info.go:189] pod volcano-scheduler-c7d5bf6df-hhh7c has no annotation volcano.sh/devices-to-allocate
E0906 15:29:55.589949       1 device_info.go:189] pod kindnet-5whpw has no annotation volcano.sh/devices-to-allocate
E0906 15:29:55.589958       1 device_info.go:189] pod mock2-nvml-mock-mtnbp has no annotation volcano.sh/devices-to-allocate
E0906 15:29:55.589967       1 device_info.go:189] pod kube-state-metrics-5ffcdf767c-gf9d5 has no annotation volcano.sh/devices-to-allocate
E0906 15:29:55.589977       1 device_info.go:189] pod volcano-device-plugin-jj26z has no annotation volcano.sh/devices-to-allocate
I0906 15:29:55.590163       1 device_info.go:111] GPU sharing mode:  hami-core
I0906 15:29:55.590211       1 device_info.go:113] "Nvidia Device registered name" name="volcano-lab-worker" val={"ID":0,"Node":"volcano-lab-worker","UUID":"GPU-12345678-1234-1234-1234-123456780000","PodMap":{},"Memory":409,"Number":10,"Type":"NVIDIA-NVIDIA A100-SXM4-40GB","Health":true,"UsedNum":0,"UsedMem":0,"UsedCore":0,"MigTemplate":[],"MigUsage":{"Index":-1,"UsageList":null}}
I0906 15:29:55.590250       1 device_info.go:113] "Nvidia Device registered name" name="volcano-lab-worker" val={"ID":1,"Node":"volcano-lab-worker","UUID":"GPU-12345678-1234-1234-1234-123456780001","PodMap":{},"Memory":409,"Number":10,"Type":"NVIDIA-NVIDIA A100-SXM4-40GB","Health":true,"UsedNum":0,"UsedMem":0,"UsedCore":0,"MigTemplate":[],"MigUsage":{"Index":-1,"UsageList":null}}
I0906 15:29:55.590279       1 device_info.go:111] GPU sharing mode:  hami-core
I0906 15:29:55.590301       1 device_info.go:113] "Nvidia Device registered name" name="volcano-lab-worker" val={"ID":0,"Node":"volcano-lab-worker","UUID":"GPU-12345678-1234-1234-1234-123456780000","PodMap":{},"Memory":409,"Number":10,"Type":"NVIDIA-NVIDIA A100-SXM4-40GB","Health":true,"UsedNum":0,"UsedMem":0,"UsedCore":0,"MigTemplate":[],"MigUsage":{"Index":-1,"UsageList":null}}
I0906 15:29:55.590330       1 device_info.go:113] "Nvidia Device registered name" name="volcano-lab-worker" val={"ID":1,"Node":"volcano-lab-worker","UUID":"GPU-12345678-1234-1234-1234-123456780001","PodMap":{},"Memory":409,"Number":10,"Type":"NVIDIA-NVIDIA A100-SXM4-40GB","Health":true,"UsedNum":0,"UsedMem":0,"UsedCore":0,"MigTemplate":[],"MigUsage":{"Index":-1,"UsageList":null}}
E0906 15:29:55.590360       1 device_info.go:189] pod kindnet-k2m7h has no annotation volcano.sh/devices-to-allocate
E0906 15:29:55.590382       1 device_info.go:189] pod kube-proxy-btcmr has no annotation volcano.sh/devices-to-allocate
E0906 15:29:55.590397       1 device_info.go:189] pod grafana-7c5659d458-xrbnn has no annotation volcano.sh/devices-to-allocate
E0906 15:29:55.590412       1 device_info.go:189] pod volcano-device-plugin-2sg22 has no annotation volcano.sh/devices-to-allocate
E0906 15:29:55.590428       1 device_info.go:189] pod mock1-nvml-mock-9rgh9 has no annotation volcano.sh/devices-to-allocate
I0906 15:29:55.590527       1 cache.go:1581] "SnapShot for scheduling" jobNum=0 QueueNum=3 NodeNum=3
I0906 15:29:55.590554       1 session.go:1036] Start adjusting jobs' network topology spec according to hyperNodeTierNameMap map[]
I0906 15:29:55.590570       1 session.go:1079] Finish adjusting jobs' network topology spec according to hyperNodeTierNameMap map[]
I0906 15:29:55.590589       1 session.go:279] Open Session f75e8816-a01a-4f3e-9074-a97251481fdb with <0> Job and <3> Queues. HyperNodesReadyToSchedule: true
I0906 15:29:55.591011       1 gpuexclusive.go:437] gpuexclusive: no rules configured, skipping GPU exclusivity wrapping
I0906 15:29:55.591022       1 enqueue.go:79] Try to enqueue PodGroup to 0 Queues
I0906 15:29:55.591028       1 reclaim.go:68] There are <0> Jobs and <3> Queues in total for scheduling.
I0906 15:29:55.591034       1 allocate.go:138] Try to allocate resource to 0 Queues
I0906 15:29:55.591074       1 session.go:577] Close Session f75e8816-a01a-4f3e-9074-a97251481fdb
I0906 15:29:56.591505       1 device_info.go:111] GPU sharing mode:  hami-core
I0906 15:29:56.591558       1 device_info.go:113] "Nvidia Device registered name" name="volcano-lab-worker" val={"ID":0,"Node":"volcano-lab-worker","UUID":"GPU-12345678-1234-1234-1234-123456780000","PodMap":{},"Memory":409,"Number":10,"Type":"NVIDIA-NVIDIA A100-SXM4-40GB","Health":true,"UsedNum":0,"UsedMem":0,"UsedCore":0,"MigTemplate":[],"MigUsage":{"Index":-1,"UsageList":null}}
I0906 15:29:56.591588       1 device_info.go:113] "Nvidia Device registered name" name="volcano-lab-worker" val={"ID":1,"Node":"volcano-lab-worker","UUID":"GPU-12345678-1234-1234-1234-123456780001","PodMap":{},"Memory":409,"Number":10,"Type":"NVIDIA-NVIDIA A100-SXM4-40GB","Health":true,"UsedNum":0,"UsedMem":0,"UsedCore":0,"MigTemplate":[],"MigUsage":{"Index":-1,"UsageList":null}}
I0906 15:29:56.591608       1 device_info.go:111] GPU sharing mode:  hami-core
I0906 15:29:56.591622       1 device_info.go:113] "Nvidia Device registered name" name="volcano-lab-worker" val={"ID":0,"Node":"volcano-lab-worker","UUID":"GPU-12345678-1234-1234-1234-123456780000","PodMap":{},"Memory":409,"Number":10,"Type":"NVIDIA-NVIDIA A100-SXM4-40GB","Health":true,"UsedNum":0,"UsedMem":0,"UsedCore":0,"MigTemplate":[],"MigUsage":{"Index":-1,"UsageList":null}}
I0906 15:29:56.591642       1 device_info.go:113] "Nvidia Device registered name" name="volcano-lab-worker" val={"ID":1,"Node":"volcano-lab-worker","UUID":"GPU-12345678-1234-1234-1234-123456780001","PodMap":{},"Memory":409,"Number":10,"Type":"NVIDIA-NVIDIA A100-SXM4-40GB","Health":true,"UsedNum":0,"UsedMem":0,"UsedCore":0,"MigTemplate":[],"MigUsage":{"Index":-1,"UsageList":null}}
E0906 15:29:56.591667       1 device_info.go:189] pod kindnet-k2m7h has no annotation volcano.sh/devices-to-allocate
E0906 15:29:56.591681       1 device_info.go:189] pod kube-proxy-btcmr has no annotation volcano.sh/devices-to-allocate
E0906 15:29:56.591692       1 device_info.go:189] pod grafana-7c5659d458-xrbnn has no annotation volcano.sh/devices-to-allocate
E0906 15:29:56.591702       1 device_info.go:189] pod volcano-device-plugin-2sg22 has no annotation volcano.sh/devices-to-allocate
E0906 15:29:56.591712       1 device_info.go:189] pod mock1-nvml-mock-9rgh9 has no annotation volcano.sh/devices-to-allocate
I0906 15:29:56.591770       1 device_info.go:111] GPU sharing mode:  hami-core
I0906 15:29:56.591787       1 device_info.go:113] "Nvidia Device registered name" name="volcano-lab-worker2" val={"ID":0,"Node":"volcano-lab-worker2","UUID":"GPU-22345678-1234-1234-1234-123456780000","PodMap":{},"Memory":409,"Number":10,"Type":"NVIDIA-NVIDIA A100-SXM4-40GB","Health":true,"UsedNum":0,"UsedMem":0,"UsedCore":0,"MigTemplate":[],"MigUsage":{"Index":-1,"UsageList":null}}
I0906 15:29:56.591807       1 device_info.go:113] "Nvidia Device registered name" name="volcano-lab-worker2" val={"ID":1,"Node":"volcano-lab-worker2","UUID":"GPU-22345678-1234-1234-1234-123456780001","PodMap":{},"Memory":409,"Number":10,"Type":"NVIDIA-NVIDIA A100-SXM4-40GB","Health":true,"UsedNum":0,"UsedMem":0,"UsedCore":0,"MigTemplate":[],"MigUsage":{"Index":-1,"UsageList":null}}
I0906 15:29:56.591822       1 device_info.go:111] GPU sharing mode:  hami-core
I0906 15:29:56.591835       1 device_info.go:113] "Nvidia Device registered name" name="volcano-lab-worker2" val={"ID":0,"Node":"volcano-lab-worker2","UUID":"GPU-22345678-1234-1234-1234-123456780000","PodMap":{},"Memory":409,"Number":10,"Type":"NVIDIA-NVIDIA A100-SXM4-40GB","Health":true,"UsedNum":0,"UsedMem":0,"UsedCore":0,"MigTemplate":[],"MigUsage":{"Index":-1,"UsageList":null}}
I0906 15:29:56.591851       1 device_info.go:113] "Nvidia Device registered name" name="volcano-lab-worker2" val={"ID":1,"Node":"volcano-lab-worker2","UUID":"GPU-22345678-1234-1234-1234-123456780001","PodMap":{},"Memory":409,"Number":10,"Type":"NVIDIA-NVIDIA A100-SXM4-40GB","Health":true,"UsedNum":0,"UsedMem":0,"UsedCore":0,"MigTemplate":[],"MigUsage":{"Index":-1,"UsageList":null}}
E0906 15:29:56.591868       1 device_info.go:189] pod volcano-scheduler-c7d5bf6df-hhh7c has no annotation volcano.sh/devices-to-allocate
E0906 15:29:56.591879       1 device_info.go:189] pod kindnet-5whpw has no annotation volcano.sh/devices-to-allocate
E0906 15:29:56.591891       1 device_info.go:189] pod mock2-nvml-mock-mtnbp has no annotation volcano.sh/devices-to-allocate
E0906 15:29:56.591902       1 device_info.go:189] pod kube-state-metrics-5ffcdf767c-gf9d5 has no annotation volcano.sh/devices-to-allocate
E0906 15:29:56.591910       1 device_info.go:189] pod volcano-device-plugin-jj26z has no annotation volcano.sh/devices-to-allocate
E0906 15:29:56.591919       1 device_info.go:189] pod prometheus-deployment-7cb9b4545b-h2fz4 has no annotation volcano.sh/devices-to-allocate
E0906 15:29:56.591929       1 device_info.go:189] pod volcano-admission-5b979dc8f6-8rdzl has no annotation volcano.sh/devices-to-allocate
E0906 15:29:56.591937       1 device_info.go:189] pod kube-proxy-gwssg has no annotation volcano.sh/devices-to-allocate
E0906 15:29:56.591946       1 device_info.go:189] pod volcano-controllers-5b976c6d4b-rkqw6 has no annotation volcano.sh/devices-to-allocate
I0906 15:29:56.592113       1 cache.go:1581] "SnapShot for scheduling" jobNum=0 QueueNum=3 NodeNum=3
I0906 15:29:56.592139       1 session.go:1036] Start adjusting jobs' network topology spec according to hyperNodeTierNameMap map[]
I0906 15:29:56.592155       1 session.go:1079] Finish adjusting jobs' network topology spec according to hyperNodeTierNameMap map[]
I0906 15:29:56.592174       1 session.go:279] Open Session 72158561-bf19-4513-bfc4-66dae3ae1a3b with <0> Job and <3> Queues. HyperNodesReadyToSchedule: true
I0906 15:29:56.592659       1 gpuexclusive.go:437] gpuexclusive: no rules configured, skipping GPU exclusivity wrapping
I0906 15:29:56.592686       1 enqueue.go:79] Try to enqueue PodGroup to 0 Queues
I0906 15:29:56.592700       1 reclaim.go:68] There are <0> Jobs and <3> Queues in total for scheduling.
I0906 15:29:56.592717       1 allocate.go:138] Try to allocate resource to 0 Queues
I0906 15:29:56.592783       1 session.go:577] Close Session 72158561-bf19-4513-bfc4-66dae3ae1a3b
I0906 15:29:57.593180       1 device_info.go:111] GPU sharing mode:  hami-core
I0906 15:29:57.593233       1 device_info.go:113] "Nvidia Device registered name" name="volcano-lab-worker" val={"ID":0,"Node":"volcano-lab-worker","UUID":"GPU-12345678-1234-1234-1234-123456780000","PodMap":{},"Memory":409,"Number":10,"Type":"NVIDIA-NVIDIA A100-SXM4-40GB","Health":true,"UsedNum":0,"UsedMem":0,"UsedCore":0,"MigTemplate":[],"MigUsage":{"Index":-1,"UsageList":null}}
I0906 15:29:57.593267       1 device_info.go:113] "Nvidia Device registered name" name="volcano-lab-worker" val={"ID":1,"Node":"volcano-lab-worker","UUID":"GPU-12345678-1234-1234-1234-123456780001","PodMap":{},"Memory":409,"Number":10,"Type":"NVIDIA-NVIDIA A100-SXM4-40GB","Health":true,"UsedNum":0,"UsedMem":0,"UsedCore":0,"MigTemplate":[],"MigUsage":{"Index":-1,"UsageList":null}}
I0906 15:29:57.593300       1 device_info.go:111] GPU sharing mode:  hami-core
I0906 15:29:57.593332       1 device_info.go:113] "Nvidia Device registered name" name="volcano-lab-worker" val={"ID":0,"Node":"volcano-lab-worker","UUID":"GPU-12345678-1234-1234-1234-123456780000","PodMap":{},"Memory":409,"Number":10,"Type":"NVIDIA-NVIDIA A100-SXM4-40GB","Health":true,"UsedNum":0,"UsedMem":0,"UsedCore":0,"MigTemplate":[],"MigUsage":{"Index":-1,"UsageList":null}}
I0906 15:29:57.593352       1 device_info.go:113] "Nvidia Device registered name" name="volcano-lab-worker" val={"ID":1,"Node":"volcano-lab-worker","UUID":"GPU-12345678-1234-1234-1234-123456780001","PodMap":{},"Memory":409,"Number":10,"Type":"NVIDIA-NVIDIA A100-SXM4-40GB","Health":true,"UsedNum":0,"UsedMem":0,"UsedCore":0,"MigTemplate":[],"MigUsage":{"Index":-1,"UsageList":null}}
E0906 15:29:57.593387       1 device_info.go:189] pod grafana-7c5659d458-xrbnn has no annotation volcano.sh/devices-to-allocate
E0906 15:29:57.593404       1 device_info.go:189] pod volcano-device-plugin-2sg22 has no annotation volcano.sh/devices-to-allocate
E0906 15:29:57.593415       1 device_info.go:189] pod mock1-nvml-mock-9rgh9 has no annotation volcano.sh/devices-to-allocate
E0906 15:29:57.593425       1 device_info.go:189] pod kindnet-k2m7h has no annotation volcano.sh/devices-to-allocate
E0906 15:29:57.593433       1 device_info.go:189] pod kube-proxy-btcmr has no annotation volcano.sh/devices-to-allocate
I0906 15:29:57.593498       1 device_info.go:111] GPU sharing mode:  hami-core
I0906 15:29:57.593514       1 device_info.go:113] "Nvidia Device registered name" name="volcano-lab-worker2" val={"ID":0,"Node":"volcano-lab-worker2","UUID":"GPU-22345678-1234-1234-1234-123456780000","PodMap":{},"Memory":409,"Number":10,"Type":"NVIDIA-NVIDIA A100-SXM4-40GB","Health":true,"UsedNum":0,"UsedMem":0,"UsedCore":0,"MigTemplate":[],"MigUsage":{"Index":-1,"UsageList":null}}
I0906 15:29:57.593531       1 device_info.go:113] "Nvidia Device registered name" name="volcano-lab-worker2" val={"ID":1,"Node":"volcano-lab-worker2","UUID":"GPU-22345678-1234-1234-1234-123456780001","PodMap":{},"Memory":409,"Number":10,"Type":"NVIDIA-NVIDIA A100-SXM4-40GB","Health":true,"UsedNum":0,"UsedMem":0,"UsedCore":0,"MigTemplate":[],"MigUsage":{"Index":-1,"UsageList":null}}
I0906 15:29:57.593545       1 device_info.go:111] GPU sharing mode:  hami-core
I0906 15:29:57.593558       1 device_info.go:113] "Nvidia Device registered name" name="volcano-lab-worker2" val={"ID":0,"Node":"volcano-lab-worker2","UUID":"GPU-22345678-1234-1234-1234-123456780000","PodMap":{},"Memory":409,"Number":10,"Type":"NVIDIA-NVIDIA A100-SXM4-40GB","Health":true,"UsedNum":0,"UsedMem":0,"UsedCore":0,"MigTemplate":[],"MigUsage":{"Index":-1,"UsageList":null}}
I0906 15:29:57.593572       1 device_info.go:113] "Nvidia Device registered name" name="volcano-lab-worker2" val={"ID":1,"Node":"volcano-lab-worker2","UUID":"GPU-22345678-1234-1234-1234-123456780001","PodMap":{},"Memory":409,"Number":10,"Type":"NVIDIA-NVIDIA A100-SXM4-40GB","Health":true,"UsedNum":0,"UsedMem":0,"UsedCore":0,"MigTemplate":[],"MigUsage":{"Index":-1,"UsageList":null}}
E0906 15:29:57.593592       1 device_info.go:189] pod prometheus-deployment-7cb9b4545b-h2fz4 has no annotation volcano.sh/devices-to-allocate
E0906 15:29:57.593605       1 device_info.go:189] pod volcano-admission-5b979dc8f6-8rdzl has no annotation volcano.sh/devices-to-allocate
E0906 15:29:57.593614       1 device_info.go:189] pod kube-proxy-gwssg has no annotation volcano.sh/devices-to-allocate
E0906 15:29:57.593623       1 device_info.go:189] pod volcano-controllers-5b976c6d4b-rkqw6 has no annotation volcano.sh/devices-to-allocate
E0906 15:29:57.593634       1 device_info.go:189] pod volcano-scheduler-c7d5bf6df-hhh7c has no annotation volcano.sh/devices-to-allocate
E0906 15:29:57.593644       1 device_info.go:189] pod kindnet-5whpw has no annotation volcano.sh/devices-to-allocate
E0906 15:29:57.593661       1 device_info.go:189] pod mock2-nvml-mock-mtnbp has no annotation volcano.sh/devices-to-allocate
E0906 15:29:57.593669       1 device_info.go:189] pod kube-state-metrics-5ffcdf767c-gf9d5 has no annotation volcano.sh/devices-to-allocate
E0906 15:29:57.593678       1 device_info.go:189] pod volcano-device-plugin-jj26z has no annotation volcano.sh/devices-to-allocate
I0906 15:29:57.593802       1 cache.go:1581] "SnapShot for scheduling" jobNum=0 QueueNum=3 NodeNum=3
I0906 15:29:57.593826       1 session.go:1036] Start adjusting jobs' network topology spec according to hyperNodeTierNameMap map[]
I0906 15:29:57.593841       1 session.go:1079] Finish adjusting jobs' network topology spec according to hyperNodeTierNameMap map[]
I0906 15:29:57.593860       1 session.go:279] Open Session 7b80f648-ec6e-4a8b-b0da-bdc262cb7dcb with <0> Job and <3> Queues. HyperNodesReadyToSchedule: true
I0906 15:29:57.594467       1 gpuexclusive.go:437] gpuexclusive: no rules configured, skipping GPU exclusivity wrapping
I0906 15:29:57.594494       1 enqueue.go:79] Try to enqueue PodGroup to 0 Queues
I0906 15:29:57.594508       1 reclaim.go:68] There are <0> Jobs and <3> Queues in total for scheduling.
I0906 15:29:57.594522       1 allocate.go:138] Try to allocate resource to 0 Queues
I0906 15:29:57.594584       1 session.go:577] Close Session 7b80f648-ec6e-4a8b-b0da-bdc262cb7dcb
I0906 15:29:58.594949       1 device_info.go:111] GPU sharing mode:  hami-core
I0906 15:29:58.594996       1 device_info.go:113] "Nvidia Device registered name" name="volcano-lab-worker2" val={"ID":0,"Node":"volcano-lab-worker2","UUID":"GPU-22345678-1234-1234-1234-123456780000","PodMap":{},"Memory":409,"Number":10,"Type":"NVIDIA-NVIDIA A100-SXM4-40GB","Health":true,"UsedNum":0,"UsedMem":0,"UsedCore":0,"MigTemplate":[],"MigUsage":{"Index":-1,"UsageList":null}}
I0906 15:29:58.595032       1 device_info.go:113] "Nvidia Device registered name" name="volcano-lab-worker2" val={"ID":1,"Node":"volcano-lab-worker2","UUID":"GPU-22345678-1234-1234-1234-123456780001","PodMap":{},"Memory":409,"Number":10,"Type":"NVIDIA-NVIDIA A100-SXM4-40GB","Health":true,"UsedNum":0,"UsedMem":0,"UsedCore":0,"MigTemplate":[],"MigUsage":{"Index":-1,"UsageList":null}}
I0906 15:29:58.595079       1 device_info.go:111] GPU sharing mode:  hami-core
I0906 15:29:58.595098       1 device_info.go:113] "Nvidia Device registered name" name="volcano-lab-worker2" val={"ID":0,"Node":"volcano-lab-worker2","UUID":"GPU-22345678-1234-1234-1234-123456780000","PodMap":{},"Memory":409,"Number":10,"Type":"NVIDIA-NVIDIA A100-SXM4-40GB","Health":true,"UsedNum":0,"UsedMem":0,"UsedCore":0,"MigTemplate":[],"MigUsage":{"Index":-1,"UsageList":null}}
I0906 15:29:58.595114       1 device_info.go:113] "Nvidia Device registered name" name="volcano-lab-worker2" val={"ID":1,"Node":"volcano-lab-worker2","UUID":"GPU-22345678-1234-1234-1234-123456780001","PodMap":{},"Memory":409,"Number":10,"Type":"NVIDIA-NVIDIA A100-SXM4-40GB","Health":true,"UsedNum":0,"UsedMem":0,"UsedCore":0,"MigTemplate":[],"MigUsage":{"Index":-1,"UsageList":null}}
E0906 15:29:58.595142       1 device_info.go:189] pod kube-state-metrics-5ffcdf767c-gf9d5 has no annotation volcano.sh/devices-to-allocate
E0906 15:29:58.595159       1 device_info.go:189] pod volcano-device-plugin-jj26z has no annotation volcano.sh/devices-to-allocate
E0906 15:29:58.595170       1 device_info.go:189] pod prometheus-deployment-7cb9b4545b-h2fz4 has no annotation volcano.sh/devices-to-allocate
E0906 15:29:58.595179       1 device_info.go:189] pod volcano-admission-5b979dc8f6-8rdzl has no annotation volcano.sh/devices-to-allocate
E0906 15:29:58.595189       1 device_info.go:189] pod kube-proxy-gwssg has no annotation volcano.sh/devices-to-allocate
E0906 15:29:58.595197       1 device_info.go:189] pod volcano-controllers-5b976c6d4b-rkqw6 has no annotation volcano.sh/devices-to-allocate
E0906 15:29:58.595210       1 device_info.go:189] pod volcano-scheduler-c7d5bf6df-hhh7c has no annotation volcano.sh/devices-to-allocate
E0906 15:29:58.595218       1 device_info.go:189] pod kindnet-5whpw has no annotation volcano.sh/devices-to-allocate
E0906 15:29:58.595228       1 device_info.go:189] pod mock2-nvml-mock-mtnbp has no annotation volcano.sh/devices-to-allocate
I0906 15:29:58.595366       1 device_info.go:111] GPU sharing mode:  hami-core
I0906 15:29:58.595386       1 device_info.go:113] "Nvidia Device registered name" name="volcano-lab-worker" val={"ID":0,"Node":"volcano-lab-worker","UUID":"GPU-12345678-1234-1234-1234-123456780000","PodMap":{},"Memory":409,"Number":10,"Type":"NVIDIA-NVIDIA A100-SXM4-40GB","Health":true,"UsedNum":0,"UsedMem":0,"UsedCore":0,"MigTemplate":[],"MigUsage":{"Index":-1,"UsageList":null}}
I0906 15:29:58.595407       1 device_info.go:113] "Nvidia Device registered name" name="volcano-lab-worker" val={"ID":1,"Node":"volcano-lab-worker","UUID":"GPU-12345678-1234-1234-1234-123456780001","PodMap":{},"Memory":409,"Number":10,"Type":"NVIDIA-NVIDIA A100-SXM4-40GB","Health":true,"UsedNum":0,"UsedMem":0,"UsedCore":0,"MigTemplate":[],"MigUsage":{"Index":-1,"UsageList":null}}
I0906 15:29:58.595431       1 device_info.go:111] GPU sharing mode:  hami-core
I0906 15:29:58.595449       1 device_info.go:113] "Nvidia Device registered name" name="volcano-lab-worker" val={"ID":0,"Node":"volcano-lab-worker","UUID":"GPU-12345678-1234-1234-1234-123456780000","PodMap":{},"Memory":409,"Number":10,"Type":"NVIDIA-NVIDIA A100-SXM4-40GB","Health":true,"UsedNum":0,"UsedMem":0,"UsedCore":0,"MigTemplate":[],"MigUsage":{"Index":-1,"UsageList":null}}
I0906 15:29:58.595470       1 device_info.go:113] "Nvidia Device registered name" name="volcano-lab-worker" val={"ID":1,"Node":"volcano-lab-worker","UUID":"GPU-12345678-1234-1234-1234-123456780001","PodMap":{},"Memory":409,"Number":10,"Type":"NVIDIA-NVIDIA A100-SXM4-40GB","Health":true,"UsedNum":0,"UsedMem":0,"UsedCore":0,"MigTemplate":[],"MigUsage":{"Index":-1,"UsageList":null}}
E0906 15:29:58.595489       1 device_info.go:189] pod grafana-7c5659d458-xrbnn has no annotation volcano.sh/devices-to-allocate
E0906 15:29:58.595500       1 device_info.go:189] pod volcano-device-plugin-2sg22 has no annotation volcano.sh/devices-to-allocate
E0906 15:29:58.595512       1 device_info.go:189] pod mock1-nvml-mock-9rgh9 has no annotation volcano.sh/devices-to-allocate
E0906 15:29:58.595521       1 device_info.go:189] pod kindnet-k2m7h has no annotation volcano.sh/devices-to-allocate
E0906 15:29:58.595530       1 device_info.go:189] pod kube-proxy-btcmr has no annotation volcano.sh/devices-to-allocate
I0906 15:29:58.595615       1 cache.go:1581] "SnapShot for scheduling" jobNum=0 QueueNum=3 NodeNum=3
I0906 15:29:58.595641       1 session.go:1036] Start adjusting jobs' network topology spec according to hyperNodeTierNameMap map[]
I0906 15:29:58.595662       1 session.go:1079] Finish adjusting jobs' network topology spec according to hyperNodeTierNameMap map[]
I0906 15:29:58.595682       1 session.go:279] Open Session 4a0625e1-c367-4097-8857-7fff86719b72 with <0> Job and <3> Queues. HyperNodesReadyToSchedule: true
I0906 15:29:58.596014       1 gpuexclusive.go:437] gpuexclusive: no rules configured, skipping GPU exclusivity wrapping
I0906 15:29:58.596024       1 enqueue.go:79] Try to enqueue PodGroup to 0 Queues
I0906 15:29:58.596031       1 reclaim.go:68] There are <0> Jobs and <3> Queues in total for scheduling.
I0906 15:29:58.596037       1 allocate.go:138] Try to allocate resource to 0 Queues
I0906 15:29:58.596070       1 session.go:577] Close Session 4a0625e1-c367-4097-8857-7fff86719b72
I0906 15:29:59.597089       1 device_info.go:111] GPU sharing mode:  hami-core
I0906 15:29:59.597121       1 device_info.go:113] "Nvidia Device registered name" name="volcano-lab-worker" val={"ID":0,"Node":"volcano-lab-worker","UUID":"GPU-12345678-1234-1234-1234-123456780000","PodMap":{},"Memory":409,"Number":10,"Type":"NVIDIA-NVIDIA A100-SXM4-40GB","Health":true,"UsedNum":0,"UsedMem":0,"UsedCore":0,"MigTemplate":[],"MigUsage":{"Index":-1,"UsageList":null}}
I0906 15:29:59.597149       1 device_info.go:113] "Nvidia Device registered name" name="volcano-lab-worker" val={"ID":1,"Node":"volcano-lab-worker","UUID":"GPU-12345678-1234-1234-1234-123456780001","PodMap":{},"Memory":409,"Number":10,"Type":"NVIDIA-NVIDIA A100-SXM4-40GB","Health":true,"UsedNum":0,"UsedMem":0,"UsedCore":0,"MigTemplate":[],"MigUsage":{"Index":-1,"UsageList":null}}
I0906 15:29:59.597171       1 device_info.go:111] GPU sharing mode:  hami-core
I0906 15:29:59.597183       1 device_info.go:113] "Nvidia Device registered name" name="volcano-lab-worker" val={"ID":0,"Node":"volcano-lab-worker","UUID":"GPU-12345678-1234-1234-1234-123456780000","PodMap":{},"Memory":409,"Number":10,"Type":"NVIDIA-NVIDIA A100-SXM4-40GB","Health":true,"UsedNum":0,"UsedMem":0,"UsedCore":0,"MigTemplate":[],"MigUsage":{"Index":-1,"UsageList":null}}
I0906 15:29:59.597195       1 device_info.go:113] "Nvidia Device registered name" name="volcano-lab-worker" val={"ID":1,"Node":"volcano-lab-worker","UUID":"GPU-12345678-1234-1234-1234-123456780001","PodMap":{},"Memory":409,"Number":10,"Type":"NVIDIA-NVIDIA A100-SXM4-40GB","Health":true,"UsedNum":0,"UsedMem":0,"UsedCore":0,"MigTemplate":[],"MigUsage":{"Index":-1,"UsageList":null}}
E0906 15:29:59.597216       1 device_info.go:189] pod kube-proxy-btcmr has no annotation volcano.sh/devices-to-allocate
E0906 15:29:59.597227       1 device_info.go:189] pod grafana-7c5659d458-xrbnn has no annotation volcano.sh/devices-to-allocate
E0906 15:29:59.597238       1 device_info.go:189] pod volcano-device-plugin-2sg22 has no annotation volcano.sh/devices-to-allocate
E0906 15:29:59.597250       1 device_info.go:189] pod mock1-nvml-mock-9rgh9 has no annotation volcano.sh/devices-to-allocate
E0906 15:29:59.597256       1 device_info.go:189] pod kindnet-k2m7h has no annotation volcano.sh/devices-to-allocate
I0906 15:29:59.597340       1 device_info.go:111] GPU sharing mode:  hami-core
I0906 15:29:59.597359       1 device_info.go:113] "Nvidia Device registered name" name="volcano-lab-worker2" val={"ID":0,"Node":"volcano-lab-worker2","UUID":"GPU-22345678-1234-1234-1234-123456780000","PodMap":{},"Memory":409,"Number":10,"Type":"NVIDIA-NVIDIA A100-SXM4-40GB","Health":true,"UsedNum":0,"UsedMem":0,"UsedCore":0,"MigTemplate":[],"MigUsage":{"Index":-1,"UsageList":null}}
I0906 15:29:59.597418       1 device_info.go:113] "Nvidia Device registered name" name="volcano-lab-worker2" val={"ID":1,"Node":"volcano-lab-worker2","UUID":"GPU-22345678-1234-1234-1234-123456780001","PodMap":{},"Memory":409,"Number":10,"Type":"NVIDIA-NVIDIA A100-SXM4-40GB","Health":true,"UsedNum":0,"UsedMem":0,"UsedCore":0,"MigTemplate":[],"MigUsage":{"Index":-1,"UsageList":null}}
I0906 15:29:59.597433       1 device_info.go:111] GPU sharing mode:  hami-core
I0906 15:29:59.597443       1 device_info.go:113] "Nvidia Device registered name" name="volcano-lab-worker2" val={"ID":1,"Node":"volcano-lab-worker2","UUID":"GPU-22345678-1234-1234-1234-123456780001","PodMap":{},"Memory":409,"Number":10,"Type":"NVIDIA-NVIDIA A100-SXM4-40GB","Health":true,"UsedNum":0,"UsedMem":0,"UsedCore":0,"MigTemplate":[],"MigUsage":{"Index":-1,"UsageList":null}}
I0906 15:29:59.597453       1 device_info.go:113] "Nvidia Device registered name" name="volcano-lab-worker2" val={"ID":0,"Node":"volcano-lab-worker2","UUID":"GPU-22345678-1234-1234-1234-123456780000","PodMap":{},"Memory":409,"Number":10,"Type":"NVIDIA-NVIDIA A100-SXM4-40GB","Health":true,"UsedNum":0,"UsedMem":0,"UsedCore":0,"MigTemplate":[],"MigUsage":{"Index":-1,"UsageList":null}}
E0906 15:29:59.597468       1 device_info.go:189] pod volcano-device-plugin-jj26z has no annotation volcano.sh/devices-to-allocate
E0906 15:29:59.597478       1 device_info.go:189] pod prometheus-deployment-7cb9b4545b-h2fz4 has no annotation volcano.sh/devices-to-allocate
E0906 15:29:59.597488       1 device_info.go:189] pod volcano-admission-5b979dc8f6-8rdzl has no annotation volcano.sh/devices-to-allocate
E0906 15:29:59.597502       1 device_info.go:189] pod kube-proxy-gwssg has no annotation volcano.sh/devices-to-allocate
E0906 15:29:59.597509       1 device_info.go:189] pod volcano-controllers-5b976c6d4b-rkqw6 has no annotation volcano.sh/devices-to-allocate
E0906 15:29:59.597516       1 device_info.go:189] pod volcano-scheduler-c7d5bf6df-hhh7c has no annotation volcano.sh/devices-to-allocate
E0906 15:29:59.597523       1 device_info.go:189] pod kindnet-5whpw has no annotation volcano.sh/devices-to-allocate
E0906 15:29:59.597530       1 device_info.go:189] pod mock2-nvml-mock-mtnbp has no annotation volcano.sh/devices-to-allocate
E0906 15:29:59.597540       1 device_info.go:189] pod kube-state-metrics-5ffcdf767c-gf9d5 has no annotation volcano.sh/devices-to-allocate
I0906 15:29:59.597613       1 cache.go:1581] "SnapShot for scheduling" jobNum=0 QueueNum=3 NodeNum=3
I0906 15:29:59.597624       1 session.go:1036] Start adjusting jobs' network topology spec according to hyperNodeTierNameMap map[]
I0906 15:29:59.597630       1 session.go:1079] Finish adjusting jobs' network topology spec according to hyperNodeTierNameMap map[]
I0906 15:29:59.597636       1 session.go:279] Open Session 3207e56a-4cdd-40ad-bd5b-6419858fe041 with <0> Job and <3> Queues. HyperNodesReadyToSchedule: true
I0906 15:29:59.597895       1 gpuexclusive.go:437] gpuexclusive: no rules configured, skipping GPU exclusivity wrapping
I0906 15:29:59.597905       1 enqueue.go:79] Try to enqueue PodGroup to 0 Queues
I0906 15:29:59.597914       1 reclaim.go:68] There are <0> Jobs and <3> Queues in total for scheduling.
I0906 15:29:59.597922       1 allocate.go:138] Try to allocate resource to 0 Queues
I0906 15:29:59.597952       1 session.go:577] Close Session 3207e56a-4cdd-40ad-bd5b-6419858fe041
I0906 15:30:00.598253       1 device_info.go:111] GPU sharing mode:  hami-core
I0906 15:30:00.598302       1 device_info.go:113] "Nvidia Device registered name" name="volcano-lab-worker" val={"ID":0,"Node":"volcano-lab-worker","UUID":"GPU-12345678-1234-1234-1234-123456780000","PodMap":{},"Memory":409,"Number":10,"Type":"NVIDIA-NVIDIA A100-SXM4-40GB","Health":true,"UsedNum":0,"UsedMem":0,"UsedCore":0,"MigTemplate":[],"MigUsage":{"Index":-1,"UsageList":null}}
I0906 15:30:00.598335       1 device_info.go:113] "Nvidia Device registered name" name="volcano-lab-worker" val={"ID":1,"Node":"volcano-lab-worker","UUID":"GPU-12345678-1234-1234-1234-123456780001","PodMap":{},"Memory":409,"Number":10,"Type":"NVIDIA-NVIDIA A100-SXM4-40GB","Health":true,"UsedNum":0,"UsedMem":0,"UsedCore":0,"MigTemplate":[],"MigUsage":{"Index":-1,"UsageList":null}}
I0906 15:30:00.598360       1 device_info.go:111] GPU sharing mode:  hami-core
I0906 15:30:00.598392       1 device_info.go:113] "Nvidia Device registered name" name="volcano-lab-worker" val={"ID":0,"Node":"volcano-lab-worker","UUID":"GPU-12345678-1234-1234-1234-123456780000","PodMap":{},"Memory":409,"Number":10,"Type":"NVIDIA-NVIDIA A100-SXM4-40GB","Health":true,"UsedNum":0,"UsedMem":0,"UsedCore":0,"MigTemplate":[],"MigUsage":{"Index":-1,"UsageList":null}}
I0906 15:30:00.598409       1 device_info.go:113] "Nvidia Device registered name" name="volcano-lab-worker" val={"ID":1,"Node":"volcano-lab-worker","UUID":"GPU-12345678-1234-1234-1234-123456780001","PodMap":{},"Memory":409,"Number":10,"Type":"NVIDIA-NVIDIA A100-SXM4-40GB","Health":true,"UsedNum":0,"UsedMem":0,"UsedCore":0,"MigTemplate":[],"MigUsage":{"Index":-1,"UsageList":null}}
E0906 15:30:00.598434       1 device_info.go:189] pod grafana-7c5659d458-xrbnn has no annotation volcano.sh/devices-to-allocate
E0906 15:30:00.598475       1 device_info.go:189] pod volcano-device-plugin-2sg22 has no annotation volcano.sh/devices-to-allocate
E0906 15:30:00.598491       1 device_info.go:189] pod mock1-nvml-mock-9rgh9 has no annotation volcano.sh/devices-to-allocate
E0906 15:30:00.598502       1 device_info.go:189] pod kindnet-k2m7h has no annotation volcano.sh/devices-to-allocate
E0906 15:30:00.598512       1 device_info.go:189] pod kube-proxy-btcmr has no annotation volcano.sh/devices-to-allocate
I0906 15:30:00.598598       1 device_info.go:111] GPU sharing mode:  hami-core
I0906 15:30:00.598633       1 device_info.go:113] "Nvidia Device registered name" name="volcano-lab-worker2" val={"ID":0,"Node":"volcano-lab-worker2","UUID":"GPU-22345678-1234-1234-1234-123456780000","PodMap":{},"Memory":409,"Number":10,"Type":"NVIDIA-NVIDIA A100-SXM4-40GB","Health":true,"UsedNum":0,"UsedMem":0,"UsedCore":0,"MigTemplate":[],"MigUsage":{"Index":-1,"UsageList":null}}
I0906 15:30:00.598664       1 device_info.go:113] "Nvidia Device registered name" name="volcano-lab-worker2" val={"ID":1,"Node":"volcano-lab-worker2","UUID":"GPU-22345678-1234-1234-1234-123456780001","PodMap":{},"Memory":409,"Number":10,"Type":"NVIDIA-NVIDIA A100-SXM4-40GB","Health":true,"UsedNum":0,"UsedMem":0,"UsedCore":0,"MigTemplate":[],"MigUsage":{"Index":-1,"UsageList":null}}
I0906 15:30:00.598693       1 device_info.go:111] GPU sharing mode:  hami-core
I0906 15:30:00.598708       1 device_info.go:113] "Nvidia Device registered name" name="volcano-lab-worker2" val={"ID":0,"Node":"volcano-lab-worker2","UUID":"GPU-22345678-1234-1234-1234-123456780000","PodMap":{},"Memory":409,"Number":10,"Type":"NVIDIA-NVIDIA A100-SXM4-40GB","Health":true,"UsedNum":0,"UsedMem":0,"UsedCore":0,"MigTemplate":[],"MigUsage":{"Index":-1,"UsageList":null}}
I0906 15:30:00.598743       1 device_info.go:113] "Nvidia Device registered name" name="volcano-lab-worker2" val={"ID":1,"Node":"volcano-lab-worker2","UUID":"GPU-22345678-1234-1234-1234-123456780001","PodMap":{},"Memory":409,"Number":10,"Type":"NVIDIA-NVIDIA A100-SXM4-40GB","Health":true,"UsedNum":0,"UsedMem":0,"UsedCore":0,"MigTemplate":[],"MigUsage":{"Index":-1,"UsageList":null}}
E0906 15:30:00.598761       1 device_info.go:189] pod volcano-scheduler-c7d5bf6df-hhh7c has no annotation volcano.sh/devices-to-allocate
E0906 15:30:00.598766       1 device_info.go:189] pod kindnet-5whpw has no annotation volcano.sh/devices-to-allocate
E0906 15:30:00.598770       1 device_info.go:189] pod mock2-nvml-mock-mtnbp has no annotation volcano.sh/devices-to-allocate
E0906 15:30:00.598774       1 device_info.go:189] pod kube-state-metrics-5ffcdf767c-gf9d5 has no annotation volcano.sh/devices-to-allocate
E0906 15:30:00.598778       1 device_info.go:189] pod volcano-device-plugin-jj26z has no annotation volcano.sh/devices-to-allocate
E0906 15:30:00.598782       1 device_info.go:189] pod prometheus-deployment-7cb9b4545b-h2fz4 has no annotation volcano.sh/devices-to-allocate
E0906 15:30:00.598785       1 device_info.go:189] pod volcano-admission-5b979dc8f6-8rdzl has no annotation volcano.sh/devices-to-allocate
E0906 15:30:00.598788       1 device_info.go:189] pod kube-proxy-gwssg has no annotation volcano.sh/devices-to-allocate
E0906 15:30:00.598791       1 device_info.go:189] pod volcano-controllers-5b976c6d4b-rkqw6 has no annotation volcano.sh/devices-to-allocate
I0906 15:30:00.598875       1 cache.go:1581] "SnapShot for scheduling" jobNum=0 QueueNum=3 NodeNum=3
I0906 15:30:00.598891       1 session.go:1036] Start adjusting jobs' network topology spec according to hyperNodeTierNameMap map[]
I0906 15:30:00.598898       1 session.go:1079] Finish adjusting jobs' network topology spec according to hyperNodeTierNameMap map[]
I0906 15:30:00.598907       1 session.go:279] Open Session fc62b800-36a6-42fb-9862-a4e9d6b4b423 with <0> Job and <3> Queues. HyperNodesReadyToSchedule: true
I0906 15:30:00.599189       1 gpuexclusive.go:437] gpuexclusive: no rules configured, skipping GPU exclusivity wrapping
I0906 15:30:00.599201       1 enqueue.go:79] Try to enqueue PodGroup to 0 Queues
I0906 15:30:00.599207       1 reclaim.go:68] There are <0> Jobs and <3> Queues in total for scheduling.
I0906 15:30:00.599213       1 allocate.go:138] Try to allocate resource to 0 Queues
I0906 15:30:00.599247       1 session.go:577] Close Session fc62b800-36a6-42fb-9862-a4e9d6b4b423
I0906 15:30:01.600199       1 device_info.go:111] GPU sharing mode:  hami-core
I0906 15:30:01.600274       1 device_info.go:113] "Nvidia Device registered name" name="volcano-lab-worker2" val={"ID":0,"Node":"volcano-lab-worker2","UUID":"GPU-22345678-1234-1234-1234-123456780000","PodMap":{},"Memory":409,"Number":10,"Type":"NVIDIA-NVIDIA A100-SXM4-40GB","Health":true,"UsedNum":0,"UsedMem":0,"UsedCore":0,"MigTemplate":[],"MigUsage":{"Index":-1,"UsageList":null}}
I0906 15:30:01.600328       1 device_info.go:113] "Nvidia Device registered name" name="volcano-lab-worker2" val={"ID":1,"Node":"volcano-lab-worker2","UUID":"GPU-22345678-1234-1234-1234-123456780001","PodMap":{},"Memory":409,"Number":10,"Type":"NVIDIA-NVIDIA A100-SXM4-40GB","Health":true,"UsedNum":0,"UsedMem":0,"UsedCore":0,"MigTemplate":[],"MigUsage":{"Index":-1,"UsageList":null}}
I0906 15:30:01.600358       1 device_info.go:111] GPU sharing mode:  hami-core
I0906 15:30:01.600384       1 device_info.go:113] "Nvidia Device registered name" name="volcano-lab-worker2" val={"ID":0,"Node":"volcano-lab-worker2","UUID":"GPU-22345678-1234-1234-1234-123456780000","PodMap":{},"Memory":409,"Number":10,"Type":"NVIDIA-NVIDIA A100-SXM4-40GB","Health":true,"UsedNum":0,"UsedMem":0,"UsedCore":0,"MigTemplate":[],"MigUsage":{"Index":-1,"UsageList":null}}
I0906 15:30:01.600403       1 device_info.go:113] "Nvidia Device registered name" name="volcano-lab-worker2" val={"ID":1,"Node":"volcano-lab-worker2","UUID":"GPU-22345678-1234-1234-1234-123456780001","PodMap":{},"Memory":409,"Number":10,"Type":"NVIDIA-NVIDIA A100-SXM4-40GB","Health":true,"UsedNum":0,"UsedMem":0,"UsedCore":0,"MigTemplate":[],"MigUsage":{"Index":-1,"UsageList":null}}
E0906 15:30:01.600438       1 device_info.go:189] pod volcano-controllers-5b976c6d4b-rkqw6 has no annotation volcano.sh/devices-to-allocate
E0906 15:30:01.600461       1 device_info.go:189] pod volcano-scheduler-c7d5bf6df-hhh7c has no annotation volcano.sh/devices-to-allocate
E0906 15:30:01.600471       1 device_info.go:189] pod kindnet-5whpw has no annotation volcano.sh/devices-to-allocate
E0906 15:30:01.600482       1 device_info.go:189] pod mock2-nvml-mock-mtnbp has no annotation volcano.sh/devices-to-allocate
E0906 15:30:01.600494       1 device_info.go:189] pod kube-state-metrics-5ffcdf767c-gf9d5 has no annotation volcano.sh/devices-to-allocate
E0906 15:30:01.600508       1 device_info.go:189] pod volcano-device-plugin-jj26z has no annotation volcano.sh/devices-to-allocate
E0906 15:30:01.600526       1 device_info.go:189] pod prometheus-deployment-7cb9b4545b-h2fz4 has no annotation volcano.sh/devices-to-allocate
E0906 15:30:01.600535       1 device_info.go:189] pod volcano-admission-5b979dc8f6-8rdzl has no annotation volcano.sh/devices-to-allocate
E0906 15:30:01.600544       1 device_info.go:189] pod kube-proxy-gwssg has no annotation volcano.sh/devices-to-allocate
I0906 15:30:01.600670       1 device_info.go:111] GPU sharing mode:  hami-core
I0906 15:30:01.600690       1 device_info.go:113] "Nvidia Device registered name" name="volcano-lab-worker" val={"ID":0,"Node":"volcano-lab-worker","UUID":"GPU-12345678-1234-1234-1234-123456780000","PodMap":{},"Memory":409,"Number":10,"Type":"NVIDIA-NVIDIA A100-SXM4-40GB","Health":true,"UsedNum":0,"UsedMem":0,"UsedCore":0,"MigTemplate":[],"MigUsage":{"Index":-1,"UsageList":null}}
I0906 15:30:01.600718       1 device_info.go:113] "Nvidia Device registered name" name="volcano-lab-worker" val={"ID":1,"Node":"volcano-lab-worker","UUID":"GPU-12345678-1234-1234-1234-123456780001","PodMap":{},"Memory":409,"Number":10,"Type":"NVIDIA-NVIDIA A100-SXM4-40GB","Health":true,"UsedNum":0,"UsedMem":0,"UsedCore":0,"MigTemplate":[],"MigUsage":{"Index":-1,"UsageList":null}}
I0906 15:30:01.600738       1 device_info.go:111] GPU sharing mode:  hami-core
I0906 15:30:01.600751       1 device_info.go:113] "Nvidia Device registered name" name="volcano-lab-worker" val={"ID":0,"Node":"volcano-lab-worker","UUID":"GPU-12345678-1234-1234-1234-123456780000","PodMap":{},"Memory":409,"Number":10,"Type":"NVIDIA-NVIDIA A100-SXM4-40GB","Health":true,"UsedNum":0,"UsedMem":0,"UsedCore":0,"MigTemplate":[],"MigUsage":{"Index":-1,"UsageList":null}}
I0906 15:30:01.600785       1 device_info.go:113] "Nvidia Device registered name" name="volcano-lab-worker" val={"ID":1,"Node":"volcano-lab-worker","UUID":"GPU-12345678-1234-1234-1234-123456780001","PodMap":{},"Memory":409,"Number":10,"Type":"NVIDIA-NVIDIA A100-SXM4-40GB","Health":true,"UsedNum":0,"UsedMem":0,"UsedCore":0,"MigTemplate":[],"MigUsage":{"Index":-1,"UsageList":null}}
E0906 15:30:01.600804       1 device_info.go:189] pod volcano-device-plugin-2sg22 has no annotation volcano.sh/devices-to-allocate
E0906 15:30:01.600814       1 device_info.go:189] pod mock1-nvml-mock-9rgh9 has no annotation volcano.sh/devices-to-allocate
E0906 15:30:01.600821       1 device_info.go:189] pod kindnet-k2m7h has no annotation volcano.sh/devices-to-allocate
E0906 15:30:01.600828       1 device_info.go:189] pod kube-proxy-btcmr has no annotation volcano.sh/devices-to-allocate
E0906 15:30:01.600834       1 device_info.go:189] pod grafana-7c5659d458-xrbnn has no annotation volcano.sh/devices-to-allocate
I0906 15:30:01.600891       1 cache.go:1581] "SnapShot for scheduling" jobNum=0 QueueNum=3 NodeNum=3
I0906 15:30:01.600911       1 session.go:1036] Start adjusting jobs' network topology spec according to hyperNodeTierNameMap map[]
I0906 15:30:01.600926       1 session.go:1079] Finish adjusting jobs' network topology spec according to hyperNodeTierNameMap map[]
I0906 15:30:01.600940       1 session.go:279] Open Session 72c17648-37fe-42db-9149-f1d09eaee551 with <0> Job and <3> Queues. HyperNodesReadyToSchedule: true
I0906 15:30:01.601332       1 gpuexclusive.go:437] gpuexclusive: no rules configured, skipping GPU exclusivity wrapping
I0906 15:30:01.601356       1 enqueue.go:79] Try to enqueue PodGroup to 0 Queues
I0906 15:30:01.601371       1 reclaim.go:68] There are <0> Jobs and <3> Queues in total for scheduling.
I0906 15:30:01.601383       1 allocate.go:138] Try to allocate resource to 0 Queues
I0906 15:30:01.601438       1 session.go:577] Close Session 72c17648-37fe-42db-9149-f1d09eaee551
I0906 15:30:02.601671       1 device_info.go:111] GPU sharing mode:  hami-core
I0906 15:30:02.601703       1 device_info.go:113] "Nvidia Device registered name" name="volcano-lab-worker" val={"ID":0,"Node":"volcano-lab-worker","UUID":"GPU-12345678-1234-1234-1234-123456780000","PodMap":{},"Memory":409,"Number":10,"Type":"NVIDIA-NVIDIA A100-SXM4-40GB","Health":true,"UsedNum":0,"UsedMem":0,"UsedCore":0,"MigTemplate":[],"MigUsage":{"Index":-1,"UsageList":null}}
I0906 15:30:02.601726       1 device_info.go:113] "Nvidia Device registered name" name="volcano-lab-worker" val={"ID":1,"Node":"volcano-lab-worker","UUID":"GPU-12345678-1234-1234-1234-123456780001","PodMap":{},"Memory":409,"Number":10,"Type":"NVIDIA-NVIDIA A100-SXM4-40GB","Health":true,"UsedNum":0,"UsedMem":0,"UsedCore":0,"MigTemplate":[],"MigUsage":{"Index":-1,"UsageList":null}}
I0906 15:30:02.601745       1 device_info.go:111] GPU sharing mode:  hami-core
I0906 15:30:02.601755       1 device_info.go:113] "Nvidia Device registered name" name="volcano-lab-worker" val={"ID":1,"Node":"volcano-lab-worker","UUID":"GPU-12345678-1234-1234-1234-123456780001","PodMap":{},"Memory":409,"Number":10,"Type":"NVIDIA-NVIDIA A100-SXM4-40GB","Health":true,"UsedNum":0,"UsedMem":0,"UsedCore":0,"MigTemplate":[],"MigUsage":{"Index":-1,"UsageList":null}}
I0906 15:30:02.601765       1 device_info.go:113] "Nvidia Device registered name" name="volcano-lab-worker" val={"ID":0,"Node":"volcano-lab-worker","UUID":"GPU-12345678-1234-1234-1234-123456780000","PodMap":{},"Memory":409,"Number":10,"Type":"NVIDIA-NVIDIA A100-SXM4-40GB","Health":true,"UsedNum":0,"UsedMem":0,"UsedCore":0,"MigTemplate":[],"MigUsage":{"Index":-1,"UsageList":null}}
E0906 15:30:02.601784       1 device_info.go:189] pod kube-proxy-btcmr has no annotation volcano.sh/devices-to-allocate
E0906 15:30:02.601795       1 device_info.go:189] pod grafana-7c5659d458-xrbnn has no annotation volcano.sh/devices-to-allocate
E0906 15:30:02.601803       1 device_info.go:189] pod volcano-device-plugin-2sg22 has no annotation volcano.sh/devices-to-allocate
E0906 15:30:02.601811       1 device_info.go:189] pod mock1-nvml-mock-9rgh9 has no annotation volcano.sh/devices-to-allocate
E0906 15:30:02.601818       1 device_info.go:189] pod kindnet-k2m7h has no annotation volcano.sh/devices-to-allocate
I0906 15:30:02.601870       1 device_info.go:111] GPU sharing mode:  hami-core
I0906 15:30:02.601881       1 device_info.go:113] "Nvidia Device registered name" name="volcano-lab-worker2" val={"ID":0,"Node":"volcano-lab-worker2","UUID":"GPU-22345678-1234-1234-1234-123456780000","PodMap":{},"Memory":409,"Number":10,"Type":"NVIDIA-NVIDIA A100-SXM4-40GB","Health":true,"UsedNum":0,"UsedMem":0,"UsedCore":0,"MigTemplate":[],"MigUsage":{"Index":-1,"UsageList":null}}
I0906 15:30:02.601893       1 device_info.go:113] "Nvidia Device registered name" name="volcano-lab-worker2" val={"ID":1,"Node":"volcano-lab-worker2","UUID":"GPU-22345678-1234-1234-1234-123456780001","PodMap":{},"Memory":409,"Number":10,"Type":"NVIDIA-NVIDIA A100-SXM4-40GB","Health":true,"UsedNum":0,"UsedMem":0,"UsedCore":0,"MigTemplate":[],"MigUsage":{"Index":-1,"UsageList":null}}
I0906 15:30:02.601920       1 device_info.go:111] GPU sharing mode:  hami-core
I0906 15:30:02.601930       1 device_info.go:113] "Nvidia Device registered name" name="volcano-lab-worker2" val={"ID":0,"Node":"volcano-lab-worker2","UUID":"GPU-22345678-1234-1234-1234-123456780000","PodMap":{},"Memory":409,"Number":10,"Type":"NVIDIA-NVIDIA A100-SXM4-40GB","Health":true,"UsedNum":0,"UsedMem":0,"UsedCore":0,"MigTemplate":[],"MigUsage":{"Index":-1,"UsageList":null}}
I0906 15:30:02.601941       1 device_info.go:113] "Nvidia Device registered name" name="volcano-lab-worker2" val={"ID":1,"Node":"volcano-lab-worker2","UUID":"GPU-22345678-1234-1234-1234-123456780001","PodMap":{},"Memory":409,"Number":10,"Type":"NVIDIA-NVIDIA A100-SXM4-40GB","Health":true,"UsedNum":0,"UsedMem":0,"UsedCore":0,"MigTemplate":[],"MigUsage":{"Index":-1,"UsageList":null}}
E0906 15:30:02.601954       1 device_info.go:189] pod volcano-scheduler-c7d5bf6df-hhh7c has no annotation volcano.sh/devices-to-allocate
E0906 15:30:02.601963       1 device_info.go:189] pod kindnet-5whpw has no annotation volcano.sh/devices-to-allocate
E0906 15:30:02.601970       1 device_info.go:189] pod mock2-nvml-mock-mtnbp has no annotation volcano.sh/devices-to-allocate
E0906 15:30:02.601977       1 device_info.go:189] pod kube-state-metrics-5ffcdf767c-gf9d5 has no annotation volcano.sh/devices-to-allocate
E0906 15:30:02.601985       1 device_info.go:189] pod volcano-device-plugin-jj26z has no annotation volcano.sh/devices-to-allocate
E0906 15:30:02.601994       1 device_info.go:189] pod prometheus-deployment-7cb9b4545b-h2fz4 has no annotation volcano.sh/devices-to-allocate
E0906 15:30:02.602001       1 device_info.go:189] pod volcano-admission-5b979dc8f6-8rdzl has no annotation volcano.sh/devices-to-allocate
E0906 15:30:02.602007       1 device_info.go:189] pod kube-proxy-gwssg has no annotation volcano.sh/devices-to-allocate
E0906 15:30:02.602015       1 device_info.go:189] pod volcano-controllers-5b976c6d4b-rkqw6 has no annotation volcano.sh/devices-to-allocate
I0906 15:30:02.602149       1 cache.go:1581] "SnapShot for scheduling" jobNum=0 QueueNum=3 NodeNum=3
I0906 15:30:02.602169       1 session.go:1036] Start adjusting jobs' network topology spec according to hyperNodeTierNameMap map[]
I0906 15:30:02.602181       1 session.go:1079] Finish adjusting jobs' network topology spec according to hyperNodeTierNameMap map[]
I0906 15:30:02.602194       1 session.go:279] Open Session 9b943c52-cb95-4d8e-9152-646fe7544d9f with <0> Job and <3> Queues. HyperNodesReadyToSchedule: true
I0906 15:30:02.602519       1 gpuexclusive.go:437] gpuexclusive: no rules configured, skipping GPU exclusivity wrapping
I0906 15:30:02.602530       1 enqueue.go:79] Try to enqueue PodGroup to 0 Queues
I0906 15:30:02.602537       1 reclaim.go:68] There are <0> Jobs and <3> Queues in total for scheduling.
I0906 15:30:02.602546       1 allocate.go:138] Try to allocate resource to 0 Queues
I0906 15:30:02.602575       1 session.go:577] Close Session 9b943c52-cb95-4d8e-9152-646fe7544d9f
I0906 15:30:03.603319       1 device_info.go:111] GPU sharing mode:  hami-core
I0906 15:30:03.603372       1 device_info.go:113] "Nvidia Device registered name" name="volcano-lab-worker" val={"ID":0,"Node":"volcano-lab-worker","UUID":"GPU-12345678-1234-1234-1234-123456780000","PodMap":{},"Memory":409,"Number":10,"Type":"NVIDIA-NVIDIA A100-SXM4-40GB","Health":true,"UsedNum":0,"UsedMem":0,"UsedCore":0,"MigTemplate":[],"MigUsage":{"Index":-1,"UsageList":null}}
I0906 15:30:03.603406       1 device_info.go:113] "Nvidia Device registered name" name="volcano-lab-worker" val={"ID":1,"Node":"volcano-lab-worker","UUID":"GPU-12345678-1234-1234-1234-123456780001","PodMap":{},"Memory":409,"Number":10,"Type":"NVIDIA-NVIDIA A100-SXM4-40GB","Health":true,"UsedNum":0,"UsedMem":0,"UsedCore":0,"MigTemplate":[],"MigUsage":{"Index":-1,"UsageList":null}}
I0906 15:30:03.603439       1 device_info.go:111] GPU sharing mode:  hami-core
I0906 15:30:03.603462       1 device_info.go:113] "Nvidia Device registered name" name="volcano-lab-worker" val={"ID":1,"Node":"volcano-lab-worker","UUID":"GPU-12345678-1234-1234-1234-123456780001","PodMap":{},"Memory":409,"Number":10,"Type":"NVIDIA-NVIDIA A100-SXM4-40GB","Health":true,"UsedNum":0,"UsedMem":0,"UsedCore":0,"MigTemplate":[],"MigUsage":{"Index":-1,"UsageList":null}}
I0906 15:30:03.603478       1 device_info.go:113] "Nvidia Device registered name" name="volcano-lab-worker" val={"ID":0,"Node":"volcano-lab-worker","UUID":"GPU-12345678-1234-1234-1234-123456780000","PodMap":{},"Memory":409,"Number":10,"Type":"NVIDIA-NVIDIA A100-SXM4-40GB","Health":true,"UsedNum":0,"UsedMem":0,"UsedCore":0,"MigTemplate":[],"MigUsage":{"Index":-1,"UsageList":null}}
E0906 15:30:03.603505       1 device_info.go:189] pod grafana-7c5659d458-xrbnn has no annotation volcano.sh/devices-to-allocate
E0906 15:30:03.603527       1 device_info.go:189] pod volcano-device-plugin-2sg22 has no annotation volcano.sh/devices-to-allocate
E0906 15:30:03.603544       1 device_info.go:189] pod mock1-nvml-mock-9rgh9 has no annotation volcano.sh/devices-to-allocate
E0906 15:30:03.603554       1 device_info.go:189] pod kindnet-k2m7h has no annotation volcano.sh/devices-to-allocate
E0906 15:30:03.603564       1 device_info.go:189] pod kube-proxy-btcmr has no annotation volcano.sh/devices-to-allocate
I0906 15:30:03.603646       1 device_info.go:111] GPU sharing mode:  hami-core
I0906 15:30:03.603667       1 device_info.go:113] "Nvidia Device registered name" name="volcano-lab-worker2" val={"ID":0,"Node":"volcano-lab-worker2","UUID":"GPU-22345678-1234-1234-1234-123456780000","PodMap":{},"Memory":409,"Number":10,"Type":"NVIDIA-NVIDIA A100-SXM4-40GB","Health":true,"UsedNum":0,"UsedMem":0,"UsedCore":0,"MigTemplate":[],"MigUsage":{"Index":-1,"UsageList":null}}
I0906 15:30:03.603681       1 device_info.go:113] "Nvidia Device registered name" name="volcano-lab-worker2" val={"ID":1,"Node":"volcano-lab-worker2","UUID":"GPU-22345678-1234-1234-1234-123456780001","PodMap":{},"Memory":409,"Number":10,"Type":"NVIDIA-NVIDIA A100-SXM4-40GB","Health":true,"UsedNum":0,"UsedMem":0,"UsedCore":0,"MigTemplate":[],"MigUsage":{"Index":-1,"UsageList":null}}
I0906 15:30:03.603693       1 device_info.go:111] GPU sharing mode:  hami-core
I0906 15:30:03.603706       1 device_info.go:113] "Nvidia Device registered name" name="volcano-lab-worker2" val={"ID":0,"Node":"volcano-lab-worker2","UUID":"GPU-22345678-1234-1234-1234-123456780000","PodMap":{},"Memory":409,"Number":10,"Type":"NVIDIA-NVIDIA A100-SXM4-40GB","Health":true,"UsedNum":0,"UsedMem":0,"UsedCore":0,"MigTemplate":[],"MigUsage":{"Index":-1,"UsageList":null}}
I0906 15:30:03.603724       1 device_info.go:113] "Nvidia Device registered name" name="volcano-lab-worker2" val={"ID":1,"Node":"volcano-lab-worker2","UUID":"GPU-22345678-1234-1234-1234-123456780001","PodMap":{},"Memory":409,"Number":10,"Type":"NVIDIA-NVIDIA A100-SXM4-40GB","Health":true,"UsedNum":0,"UsedMem":0,"UsedCore":0,"MigTemplate":[],"MigUsage":{"Index":-1,"UsageList":null}}
E0906 15:30:03.603736       1 device_info.go:189] pod prometheus-deployment-7cb9b4545b-h2fz4 has no annotation volcano.sh/devices-to-allocate
E0906 15:30:03.603750       1 device_info.go:189] pod volcano-admission-5b979dc8f6-8rdzl has no annotation volcano.sh/devices-to-allocate
E0906 15:30:03.603757       1 device_info.go:189] pod kube-proxy-gwssg has no annotation volcano.sh/devices-to-allocate
E0906 15:30:03.603764       1 device_info.go:189] pod volcano-controllers-5b976c6d4b-rkqw6 has no annotation volcano.sh/devices-to-allocate
E0906 15:30:03.603772       1 device_info.go:189] pod volcano-scheduler-c7d5bf6df-hhh7c has no annotation volcano.sh/devices-to-allocate
E0906 15:30:03.603783       1 device_info.go:189] pod kindnet-5whpw has no annotation volcano.sh/devices-to-allocate
E0906 15:30:03.603795       1 device_info.go:189] pod mock2-nvml-mock-mtnbp has no annotation volcano.sh/devices-to-allocate
E0906 15:30:03.603801       1 device_info.go:189] pod kube-state-metrics-5ffcdf767c-gf9d5 has no annotation volcano.sh/devices-to-allocate
E0906 15:30:03.603850       1 device_info.go:189] pod volcano-device-plugin-jj26z has no annotation volcano.sh/devices-to-allocate
I0906 15:30:03.603961       1 cache.go:1581] "SnapShot for scheduling" jobNum=0 QueueNum=3 NodeNum=3
I0906 15:30:03.603983       1 session.go:1036] Start adjusting jobs' network topology spec according to hyperNodeTierNameMap map[]
I0906 15:30:03.603998       1 session.go:1079] Finish adjusting jobs' network topology spec according to hyperNodeTierNameMap map[]
I0906 15:30:03.604015       1 session.go:279] Open Session 5976b429-48d1-43f8-8e2d-42c6f5418abe with <0> Job and <3> Queues. HyperNodesReadyToSchedule: true
I0906 15:30:03.604392       1 gpuexclusive.go:437] gpuexclusive: no rules configured, skipping GPU exclusivity wrapping
I0906 15:30:03.604411       1 enqueue.go:79] Try to enqueue PodGroup to 0 Queues
I0906 15:30:03.604421       1 reclaim.go:68] There are <0> Jobs and <3> Queues in total for scheduling.
I0906 15:30:03.604437       1 allocate.go:138] Try to allocate resource to 0 Queues
I0906 15:30:03.604484       1 session.go:577] Close Session 5976b429-48d1-43f8-8e2d-42c6f5418abe
I0906 15:30:04.605649       1 device_info.go:111] GPU sharing mode:  hami-core
I0906 15:30:04.605695       1 device_info.go:113] "Nvidia Device registered name" name="volcano-lab-worker" val={"ID":0,"Node":"volcano-lab-worker","UUID":"GPU-12345678-1234-1234-1234-123456780000","PodMap":{},"Memory":409,"Number":10,"Type":"NVIDIA-NVIDIA A100-SXM4-40GB","Health":true,"UsedNum":0,"UsedMem":0,"UsedCore":0,"MigTemplate":[],"MigUsage":{"Index":-1,"UsageList":null}}
I0906 15:30:04.605716       1 device_info.go:113] "Nvidia Device registered name" name="volcano-lab-worker" val={"ID":1,"Node":"volcano-lab-worker","UUID":"GPU-12345678-1234-1234-1234-123456780001","PodMap":{},"Memory":409,"Number":10,"Type":"NVIDIA-NVIDIA A100-SXM4-40GB","Health":true,"UsedNum":0,"UsedMem":0,"UsedCore":0,"MigTemplate":[],"MigUsage":{"Index":-1,"UsageList":null}}
I0906 15:30:04.605727       1 device_info.go:111] GPU sharing mode:  hami-core
I0906 15:30:04.605731       1 device_info.go:113] "Nvidia Device registered name" name="volcano-lab-worker" val={"ID":0,"Node":"volcano-lab-worker","UUID":"GPU-12345678-1234-1234-1234-123456780000","PodMap":{},"Memory":409,"Number":10,"Type":"NVIDIA-NVIDIA A100-SXM4-40GB","Health":true,"UsedNum":0,"UsedMem":0,"UsedCore":0,"MigTemplate":[],"MigUsage":{"Index":-1,"UsageList":null}}
I0906 15:30:04.605739       1 device_info.go:113] "Nvidia Device registered name" name="volcano-lab-worker" val={"ID":1,"Node":"volcano-lab-worker","UUID":"GPU-12345678-1234-1234-1234-123456780001","PodMap":{},"Memory":409,"Number":10,"Type":"NVIDIA-NVIDIA A100-SXM4-40GB","Health":true,"UsedNum":0,"UsedMem":0,"UsedCore":0,"MigTemplate":[],"MigUsage":{"Index":-1,"UsageList":null}}
E0906 15:30:04.605752       1 device_info.go:189] pod kindnet-k2m7h has no annotation volcano.sh/devices-to-allocate
E0906 15:30:04.605757       1 device_info.go:189] pod kube-proxy-btcmr has no annotation volcano.sh/devices-to-allocate
E0906 15:30:04.605762       1 device_info.go:189] pod grafana-7c5659d458-xrbnn has no annotation volcano.sh/devices-to-allocate
E0906 15:30:04.605766       1 device_info.go:189] pod volcano-device-plugin-2sg22 has no annotation volcano.sh/devices-to-allocate
E0906 15:30:04.605771       1 device_info.go:189] pod mock1-nvml-mock-9rgh9 has no annotation volcano.sh/devices-to-allocate
I0906 15:30:04.605796       1 device_info.go:111] GPU sharing mode:  hami-core
I0906 15:30:04.605802       1 device_info.go:113] "Nvidia Device registered name" name="volcano-lab-worker2" val={"ID":0,"Node":"volcano-lab-worker2","UUID":"GPU-22345678-1234-1234-1234-123456780000","PodMap":{},"Memory":409,"Number":10,"Type":"NVIDIA-NVIDIA A100-SXM4-40GB","Health":true,"UsedNum":0,"UsedMem":0,"UsedCore":0,"MigTemplate":[],"MigUsage":{"Index":-1,"UsageList":null}}
I0906 15:30:04.605809       1 device_info.go:113] "Nvidia Device registered name" name="volcano-lab-worker2" val={"ID":1,"Node":"volcano-lab-worker2","UUID":"GPU-22345678-1234-1234-1234-123456780001","PodMap":{},"Memory":409,"Number":10,"Type":"NVIDIA-NVIDIA A100-SXM4-40GB","Health":true,"UsedNum":0,"UsedMem":0,"UsedCore":0,"MigTemplate":[],"MigUsage":{"Index":-1,"UsageList":null}}
I0906 15:30:04.605814       1 device_info.go:111] GPU sharing mode:  hami-core
I0906 15:30:04.605819       1 device_info.go:113] "Nvidia Device registered name" name="volcano-lab-worker2" val={"ID":0,"Node":"volcano-lab-worker2","UUID":"GPU-22345678-1234-1234-1234-123456780000","PodMap":{},"Memory":409,"Number":10,"Type":"NVIDIA-NVIDIA A100-SXM4-40GB","Health":true,"UsedNum":0,"UsedMem":0,"UsedCore":0,"MigTemplate":[],"MigUsage":{"Index":-1,"UsageList":null}}
I0906 15:30:04.605831       1 device_info.go:113] "Nvidia Device registered name" name="volcano-lab-worker2" val={"ID":1,"Node":"volcano-lab-worker2","UUID":"GPU-22345678-1234-1234-1234-123456780001","PodMap":{},"Memory":409,"Number":10,"Type":"NVIDIA-NVIDIA A100-SXM4-40GB","Health":true,"UsedNum":0,"UsedMem":0,"UsedCore":0,"MigTemplate":[],"MigUsage":{"Index":-1,"UsageList":null}}
E0906 15:30:04.605838       1 device_info.go:189] pod prometheus-deployment-7cb9b4545b-h2fz4 has no annotation volcano.sh/devices-to-allocate
E0906 15:30:04.605843       1 device_info.go:189] pod volcano-admission-5b979dc8f6-8rdzl has no annotation volcano.sh/devices-to-allocate
E0906 15:30:04.605847       1 device_info.go:189] pod kube-proxy-gwssg has no annotation volcano.sh/devices-to-allocate
E0906 15:30:04.605851       1 device_info.go:189] pod volcano-controllers-5b976c6d4b-rkqw6 has no annotation volcano.sh/devices-to-allocate
E0906 15:30:04.605855       1 device_info.go:189] pod volcano-scheduler-c7d5bf6df-hhh7c has no annotation volcano.sh/devices-to-allocate
E0906 15:30:04.605859       1 device_info.go:189] pod kindnet-5whpw has no annotation volcano.sh/devices-to-allocate
E0906 15:30:04.605863       1 device_info.go:189] pod mock2-nvml-mock-mtnbp has no annotation volcano.sh/devices-to-allocate
E0906 15:30:04.605867       1 device_info.go:189] pod kube-state-metrics-5ffcdf767c-gf9d5 has no annotation volcano.sh/devices-to-allocate
E0906 15:30:04.605870       1 device_info.go:189] pod volcano-device-plugin-jj26z has no annotation volcano.sh/devices-to-allocate
I0906 15:30:04.605929       1 cache.go:1581] "SnapShot for scheduling" jobNum=0 QueueNum=3 NodeNum=3
I0906 15:30:04.605940       1 session.go:1036] Start adjusting jobs' network topology spec according to hyperNodeTierNameMap map[]
I0906 15:30:04.605946       1 session.go:1079] Finish adjusting jobs' network topology spec according to hyperNodeTierNameMap map[]
I0906 15:30:04.605952       1 session.go:279] Open Session 4c6a7241-5a34-4ef0-a77b-dc21bc28ebfa with <0> Job and <3> Queues. HyperNodesReadyToSchedule: true
I0906 15:30:04.606182       1 gpuexclusive.go:437] gpuexclusive: no rules configured, skipping GPU exclusivity wrapping
I0906 15:30:04.606194       1 enqueue.go:79] Try to enqueue PodGroup to 0 Queues
I0906 15:30:04.606199       1 reclaim.go:68] There are <0> Jobs and <3> Queues in total for scheduling.
I0906 15:30:04.606205       1 allocate.go:138] Try to allocate resource to 0 Queues
I0906 15:30:04.606236       1 session.go:577] Close Session 4c6a7241-5a34-4ef0-a77b-dc21bc28ebfa
I0906 15:30:05.606434       1 device_info.go:111] GPU sharing mode:  hami-core
I0906 15:30:05.606479       1 device_info.go:113] "Nvidia Device registered name" name="volcano-lab-worker" val={"ID":0,"Node":"volcano-lab-worker","UUID":"GPU-12345678-1234-1234-1234-123456780000","PodMap":{},"Memory":409,"Number":10,"Type":"NVIDIA-NVIDIA A100-SXM4-40GB","Health":true,"UsedNum":0,"UsedMem":0,"UsedCore":0,"MigTemplate":[],"MigUsage":{"Index":-1,"UsageList":null}}
I0906 15:30:05.606514       1 device_info.go:113] "Nvidia Device registered name" name="volcano-lab-worker" val={"ID":1,"Node":"volcano-lab-worker","UUID":"GPU-12345678-1234-1234-1234-123456780001","PodMap":{},"Memory":409,"Number":10,"Type":"NVIDIA-NVIDIA A100-SXM4-40GB","Health":true,"UsedNum":0,"UsedMem":0,"UsedCore":0,"MigTemplate":[],"MigUsage":{"Index":-1,"UsageList":null}}
I0906 15:30:05.606536       1 device_info.go:111] GPU sharing mode:  hami-core
I0906 15:30:05.606553       1 device_info.go:113] "Nvidia Device registered name" name="volcano-lab-worker" val={"ID":0,"Node":"volcano-lab-worker","UUID":"GPU-12345678-1234-1234-1234-123456780000","PodMap":{},"Memory":409,"Number":10,"Type":"NVIDIA-NVIDIA A100-SXM4-40GB","Health":true,"UsedNum":0,"UsedMem":0,"UsedCore":0,"MigTemplate":[],"MigUsage":{"Index":-1,"UsageList":null}}
I0906 15:30:05.606567       1 device_info.go:113] "Nvidia Device registered name" name="volcano-lab-worker" val={"ID":1,"Node":"volcano-lab-worker","UUID":"GPU-12345678-1234-1234-1234-123456780001","PodMap":{},"Memory":409,"Number":10,"Type":"NVIDIA-NVIDIA A100-SXM4-40GB","Health":true,"UsedNum":0,"UsedMem":0,"UsedCore":0,"MigTemplate":[],"MigUsage":{"Index":-1,"UsageList":null}}
E0906 15:30:05.606601       1 device_info.go:189] pod volcano-device-plugin-2sg22 has no annotation volcano.sh/devices-to-allocate
E0906 15:30:05.606641       1 device_info.go:189] pod mock1-nvml-mock-9rgh9 has no annotation volcano.sh/devices-to-allocate
E0906 15:30:05.606653       1 device_info.go:189] pod kindnet-k2m7h has no annotation volcano.sh/devices-to-allocate
E0906 15:30:05.606663       1 device_info.go:189] pod kube-proxy-btcmr has no annotation volcano.sh/devices-to-allocate
E0906 15:30:05.606671       1 device_info.go:189] pod grafana-7c5659d458-xrbnn has no annotation volcano.sh/devices-to-allocate
I0906 15:30:05.606733       1 device_info.go:111] GPU sharing mode:  hami-core
I0906 15:30:05.606751       1 device_info.go:113] "Nvidia Device registered name" name="volcano-lab-worker2" val={"ID":0,"Node":"volcano-lab-worker2","UUID":"GPU-22345678-1234-1234-1234-123456780000","PodMap":{},"Memory":409,"Number":10,"Type":"NVIDIA-NVIDIA A100-SXM4-40GB","Health":true,"UsedNum":0,"UsedMem":0,"UsedCore":0,"MigTemplate":[],"MigUsage":{"Index":-1,"UsageList":null}}
I0906 15:30:05.606771       1 device_info.go:113] "Nvidia Device registered name" name="volcano-lab-worker2" val={"ID":1,"Node":"volcano-lab-worker2","UUID":"GPU-22345678-1234-1234-1234-123456780001","PodMap":{},"Memory":409,"Number":10,"Type":"NVIDIA-NVIDIA A100-SXM4-40GB","Health":true,"UsedNum":0,"UsedMem":0,"UsedCore":0,"MigTemplate":[],"MigUsage":{"Index":-1,"UsageList":null}}
I0906 15:30:05.606794       1 device_info.go:111] GPU sharing mode:  hami-core
I0906 15:30:05.606809       1 device_info.go:113] "Nvidia Device registered name" name="volcano-lab-worker2" val={"ID":0,"Node":"volcano-lab-worker2","UUID":"GPU-22345678-1234-1234-1234-123456780000","PodMap":{},"Memory":409,"Number":10,"Type":"NVIDIA-NVIDIA A100-SXM4-40GB","Health":true,"UsedNum":0,"UsedMem":0,"UsedCore":0,"MigTemplate":[],"MigUsage":{"Index":-1,"UsageList":null}}
I0906 15:30:05.606831       1 device_info.go:113] "Nvidia Device registered name" name="volcano-lab-worker2" val={"ID":1,"Node":"volcano-lab-worker2","UUID":"GPU-22345678-1234-1234-1234-123456780001","PodMap":{},"Memory":409,"Number":10,"Type":"NVIDIA-NVIDIA A100-SXM4-40GB","Health":true,"UsedNum":0,"UsedMem":0,"UsedCore":0,"MigTemplate":[],"MigUsage":{"Index":-1,"UsageList":null}}
E0906 15:30:05.606849       1 device_info.go:189] pod volcano-scheduler-c7d5bf6df-hhh7c has no annotation volcano.sh/devices-to-allocate
E0906 15:30:05.606860       1 device_info.go:189] pod kindnet-5whpw has no annotation volcano.sh/devices-to-allocate
E0906 15:30:05.606871       1 device_info.go:189] pod mock2-nvml-mock-mtnbp has no annotation volcano.sh/devices-to-allocate
E0906 15:30:05.606880       1 device_info.go:189] pod kube-state-metrics-5ffcdf767c-gf9d5 has no annotation volcano.sh/devices-to-allocate
E0906 15:30:05.606889       1 device_info.go:189] pod volcano-device-plugin-jj26z has no annotation volcano.sh/devices-to-allocate
E0906 15:30:05.606900       1 device_info.go:189] pod prometheus-deployment-7cb9b4545b-h2fz4 has no annotation volcano.sh/devices-to-allocate
E0906 15:30:05.606909       1 device_info.go:189] pod volcano-admission-5b979dc8f6-8rdzl has no annotation volcano.sh/devices-to-allocate
E0906 15:30:05.606918       1 device_info.go:189] pod kube-proxy-gwssg has no annotation volcano.sh/devices-to-allocate
E0906 15:30:05.606926       1 device_info.go:189] pod volcano-controllers-5b976c6d4b-rkqw6 has no annotation volcano.sh/devices-to-allocate
I0906 15:30:05.607129       1 cache.go:1581] "SnapShot for scheduling" jobNum=0 QueueNum=3 NodeNum=3
I0906 15:30:05.607181       1 session.go:1036] Start adjusting jobs' network topology spec according to hyperNodeTierNameMap map[]
I0906 15:30:05.607208       1 session.go:1079] Finish adjusting jobs' network topology spec according to hyperNodeTierNameMap map[]
I0906 15:30:05.607242       1 session.go:279] Open Session a44dc686-adca-44e5-932d-8a8b4d737798 with <0> Job and <3> Queues. HyperNodesReadyToSchedule: true
I0906 15:30:05.607734       1 gpuexclusive.go:437] gpuexclusive: no rules configured, skipping GPU exclusivity wrapping
I0906 15:30:05.607749       1 enqueue.go:79] Try to enqueue PodGroup to 0 Queues
I0906 15:30:05.607755       1 reclaim.go:68] There are <0> Jobs and <3> Queues in total for scheduling.
I0906 15:30:05.607764       1 allocate.go:138] Try to allocate resource to 0 Queues
I0906 15:30:05.607797       1 session.go:577] Close Session a44dc686-adca-44e5-932d-8a8b4d737798
I0906 15:30:06.608373       1 device_info.go:111] GPU sharing mode:  hami-core
I0906 15:30:06.608439       1 device_info.go:113] "Nvidia Device registered name" name="volcano-lab-worker" val={"ID":0,"Node":"volcano-lab-worker","UUID":"GPU-12345678-1234-1234-1234-123456780000","PodMap":{},"Memory":409,"Number":10,"Type":"NVIDIA-NVIDIA A100-SXM4-40GB","Health":true,"UsedNum":0,"UsedMem":0,"UsedCore":0,"MigTemplate":[],"MigUsage":{"Index":-1,"UsageList":null}}
I0906 15:30:06.608478       1 device_info.go:113] "Nvidia Device registered name" name="volcano-lab-worker" val={"ID":1,"Node":"volcano-lab-worker","UUID":"GPU-12345678-1234-1234-1234-123456780001","PodMap":{},"Memory":409,"Number":10,"Type":"NVIDIA-NVIDIA A100-SXM4-40GB","Health":true,"UsedNum":0,"UsedMem":0,"UsedCore":0,"MigTemplate":[],"MigUsage":{"Index":-1,"UsageList":null}}
I0906 15:30:06.608511       1 device_info.go:111] GPU sharing mode:  hami-core
I0906 15:30:06.608527       1 device_info.go:113] "Nvidia Device registered name" name="volcano-lab-worker" val={"ID":0,"Node":"volcano-lab-worker","UUID":"GPU-12345678-1234-1234-1234-123456780000","PodMap":{},"Memory":409,"Number":10,"Type":"NVIDIA-NVIDIA A100-SXM4-40GB","Health":true,"UsedNum":0,"UsedMem":0,"UsedCore":0,"MigTemplate":[],"MigUsage":{"Index":-1,"UsageList":null}}
I0906 15:30:06.608543       1 device_info.go:113] "Nvidia Device registered name" name="volcano-lab-worker" val={"ID":1,"Node":"volcano-lab-worker","UUID":"GPU-12345678-1234-1234-1234-123456780001","PodMap":{},"Memory":409,"Number":10,"Type":"NVIDIA-NVIDIA A100-SXM4-40GB","Health":true,"UsedNum":0,"UsedMem":0,"UsedCore":0,"MigTemplate":[],"MigUsage":{"Index":-1,"UsageList":null}}
E0906 15:30:06.608573       1 device_info.go:189] pod mock1-nvml-mock-9rgh9 has no annotation volcano.sh/devices-to-allocate
E0906 15:30:06.608593       1 device_info.go:189] pod kindnet-k2m7h has no annotation volcano.sh/devices-to-allocate
E0906 15:30:06.608604       1 device_info.go:189] pod kube-proxy-btcmr has no annotation volcano.sh/devices-to-allocate
E0906 15:30:06.608614       1 device_info.go:189] pod grafana-7c5659d458-xrbnn has no annotation volcano.sh/devices-to-allocate
E0906 15:30:06.608624       1 device_info.go:189] pod volcano-device-plugin-2sg22 has no annotation volcano.sh/devices-to-allocate
I0906 15:30:06.608699       1 device_info.go:111] GPU sharing mode:  hami-core
I0906 15:30:06.608717       1 device_info.go:113] "Nvidia Device registered name" name="volcano-lab-worker2" val={"ID":0,"Node":"volcano-lab-worker2","UUID":"GPU-22345678-1234-1234-1234-123456780000","PodMap":{},"Memory":409,"Number":10,"Type":"NVIDIA-NVIDIA A100-SXM4-40GB","Health":true,"UsedNum":0,"UsedMem":0,"UsedCore":0,"MigTemplate":[],"MigUsage":{"Index":-1,"UsageList":null}}
I0906 15:30:06.608735       1 device_info.go:113] "Nvidia Device registered name" name="volcano-lab-worker2" val={"ID":1,"Node":"volcano-lab-worker2","UUID":"GPU-22345678-1234-1234-1234-123456780001","PodMap":{},"Memory":409,"Number":10,"Type":"NVIDIA-NVIDIA A100-SXM4-40GB","Health":true,"UsedNum":0,"UsedMem":0,"UsedCore":0,"MigTemplate":[],"MigUsage":{"Index":-1,"UsageList":null}}
I0906 15:30:06.608760       1 device_info.go:111] GPU sharing mode:  hami-core
I0906 15:30:06.608777       1 device_info.go:113] "Nvidia Device registered name" name="volcano-lab-worker2" val={"ID":0,"Node":"volcano-lab-worker2","UUID":"GPU-22345678-1234-1234-1234-123456780000","PodMap":{},"Memory":409,"Number":10,"Type":"NVIDIA-NVIDIA A100-SXM4-40GB","Health":true,"UsedNum":0,"UsedMem":0,"UsedCore":0,"MigTemplate":[],"MigUsage":{"Index":-1,"UsageList":null}}
I0906 15:30:06.608791       1 device_info.go:113] "Nvidia Device registered name" name="volcano-lab-worker2" val={"ID":1,"Node":"volcano-lab-worker2","UUID":"GPU-22345678-1234-1234-1234-123456780001","PodMap":{},"Memory":409,"Number":10,"Type":"NVIDIA-NVIDIA A100-SXM4-40GB","Health":true,"UsedNum":0,"UsedMem":0,"UsedCore":0,"MigTemplate":[],"MigUsage":{"Index":-1,"UsageList":null}}
E0906 15:30:06.608819       1 device_info.go:189] pod volcano-scheduler-c7d5bf6df-hhh7c has no annotation volcano.sh/devices-to-allocate
E0906 15:30:06.608835       1 device_info.go:189] pod kindnet-5whpw has no annotation volcano.sh/devices-to-allocate
E0906 15:30:06.608857       1 device_info.go:189] pod mock2-nvml-mock-mtnbp has no annotation volcano.sh/devices-to-allocate
E0906 15:30:06.608868       1 device_info.go:189] pod kube-state-metrics-5ffcdf767c-gf9d5 has no annotation volcano.sh/devices-to-allocate
E0906 15:30:06.608877       1 device_info.go:189] pod volcano-device-plugin-jj26z has no annotation volcano.sh/devices-to-allocate
E0906 15:30:06.608886       1 device_info.go:189] pod prometheus-deployment-7cb9b4545b-h2fz4 has no annotation volcano.sh/devices-to-allocate
E0906 15:30:06.608895       1 device_info.go:189] pod volcano-admission-5b979dc8f6-8rdzl has no annotation volcano.sh/devices-to-allocate
E0906 15:30:06.608904       1 device_info.go:189] pod kube-proxy-gwssg has no annotation volcano.sh/devices-to-allocate
E0906 15:30:06.608914       1 device_info.go:189] pod volcano-controllers-5b976c6d4b-rkqw6 has no annotation volcano.sh/devices-to-allocate
I0906 15:30:06.609102       1 cache.go:1581] "SnapShot for scheduling" jobNum=0 QueueNum=3 NodeNum=3
I0906 15:30:06.609134       1 session.go:1036] Start adjusting jobs' network topology spec according to hyperNodeTierNameMap map[]
I0906 15:30:06.609155       1 session.go:1079] Finish adjusting jobs' network topology spec according to hyperNodeTierNameMap map[]
I0906 15:30:06.609185       1 session.go:279] Open Session 0eaca558-4690-4f02-ae28-d99ce25fd28e with <0> Job and <3> Queues. HyperNodesReadyToSchedule: true
I0906 15:30:06.609661       1 gpuexclusive.go:437] gpuexclusive: no rules configured, skipping GPU exclusivity wrapping
I0906 15:30:06.609688       1 enqueue.go:79] Try to enqueue PodGroup to 0 Queues
I0906 15:30:06.609701       1 reclaim.go:68] There are <0> Jobs and <3> Queues in total for scheduling.
I0906 15:30:06.609716       1 allocate.go:138] Try to allocate resource to 0 Queues
I0906 15:30:06.609787       1 session.go:577] Close Session 0eaca558-4690-4f02-ae28-d99ce25fd28e
I0906 15:30:07.610147       1 device_info.go:111] GPU sharing mode:  hami-core
I0906 15:30:07.610181       1 device_info.go:113] "Nvidia Device registered name" name="volcano-lab-worker" val={"ID":0,"Node":"volcano-lab-worker","UUID":"GPU-12345678-1234-1234-1234-123456780000","PodMap":{},"Memory":409,"Number":10,"Type":"NVIDIA-NVIDIA A100-SXM4-40GB","Health":true,"UsedNum":0,"UsedMem":0,"UsedCore":0,"MigTemplate":[],"MigUsage":{"Index":-1,"UsageList":null}}
I0906 15:30:07.610204       1 device_info.go:113] "Nvidia Device registered name" name="volcano-lab-worker" val={"ID":1,"Node":"volcano-lab-worker","UUID":"GPU-12345678-1234-1234-1234-123456780001","PodMap":{},"Memory":409,"Number":10,"Type":"NVIDIA-NVIDIA A100-SXM4-40GB","Health":true,"UsedNum":0,"UsedMem":0,"UsedCore":0,"MigTemplate":[],"MigUsage":{"Index":-1,"UsageList":null}}
I0906 15:30:07.610220       1 device_info.go:111] GPU sharing mode:  hami-core
I0906 15:30:07.610232       1 device_info.go:113] "Nvidia Device registered name" name="volcano-lab-worker" val={"ID":0,"Node":"volcano-lab-worker","UUID":"GPU-12345678-1234-1234-1234-123456780000","PodMap":{},"Memory":409,"Number":10,"Type":"NVIDIA-NVIDIA A100-SXM4-40GB","Health":true,"UsedNum":0,"UsedMem":0,"UsedCore":0,"MigTemplate":[],"MigUsage":{"Index":-1,"UsageList":null}}
I0906 15:30:07.610245       1 device_info.go:113] "Nvidia Device registered name" name="volcano-lab-worker" val={"ID":1,"Node":"volcano-lab-worker","UUID":"GPU-12345678-1234-1234-1234-123456780001","PodMap":{},"Memory":409,"Number":10,"Type":"NVIDIA-NVIDIA A100-SXM4-40GB","Health":true,"UsedNum":0,"UsedMem":0,"UsedCore":0,"MigTemplate":[],"MigUsage":{"Index":-1,"UsageList":null}}
E0906 15:30:07.610264       1 device_info.go:189] pod grafana-7c5659d458-xrbnn has no annotation volcano.sh/devices-to-allocate
E0906 15:30:07.610275       1 device_info.go:189] pod volcano-device-plugin-2sg22 has no annotation volcano.sh/devices-to-allocate
E0906 15:30:07.610286       1 device_info.go:189] pod mock1-nvml-mock-9rgh9 has no annotation volcano.sh/devices-to-allocate
E0906 15:30:07.610294       1 device_info.go:189] pod kindnet-k2m7h has no annotation volcano.sh/devices-to-allocate
E0906 15:30:07.610300       1 device_info.go:189] pod kube-proxy-btcmr has no annotation volcano.sh/devices-to-allocate
I0906 15:30:07.610344       1 device_info.go:111] GPU sharing mode:  hami-core
I0906 15:30:07.610355       1 device_info.go:113] "Nvidia Device registered name" name="volcano-lab-worker2" val={"ID":0,"Node":"volcano-lab-worker2","UUID":"GPU-22345678-1234-1234-1234-123456780000","PodMap":{},"Memory":409,"Number":10,"Type":"NVIDIA-NVIDIA A100-SXM4-40GB","Health":true,"UsedNum":0,"UsedMem":0,"UsedCore":0,"MigTemplate":[],"MigUsage":{"Index":-1,"UsageList":null}}
I0906 15:30:07.610369       1 device_info.go:113] "Nvidia Device registered name" name="volcano-lab-worker2" val={"ID":1,"Node":"volcano-lab-worker2","UUID":"GPU-22345678-1234-1234-1234-123456780001","PodMap":{},"Memory":409,"Number":10,"Type":"NVIDIA-NVIDIA A100-SXM4-40GB","Health":true,"UsedNum":0,"UsedMem":0,"UsedCore":0,"MigTemplate":[],"MigUsage":{"Index":-1,"UsageList":null}}
I0906 15:30:07.610380       1 device_info.go:111] GPU sharing mode:  hami-core
I0906 15:30:07.610391       1 device_info.go:113] "Nvidia Device registered name" name="volcano-lab-worker2" val={"ID":0,"Node":"volcano-lab-worker2","UUID":"GPU-22345678-1234-1234-1234-123456780000","PodMap":{},"Memory":409,"Number":10,"Type":"NVIDIA-NVIDIA A100-SXM4-40GB","Health":true,"UsedNum":0,"UsedMem":0,"UsedCore":0,"MigTemplate":[],"MigUsage":{"Index":-1,"UsageList":null}}
I0906 15:30:07.610404       1 device_info.go:113] "Nvidia Device registered name" name="volcano-lab-worker2" val={"ID":1,"Node":"volcano-lab-worker2","UUID":"GPU-22345678-1234-1234-1234-123456780001","PodMap":{},"Memory":409,"Number":10,"Type":"NVIDIA-NVIDIA A100-SXM4-40GB","Health":true,"UsedNum":0,"UsedMem":0,"UsedCore":0,"MigTemplate":[],"MigUsage":{"Index":-1,"UsageList":null}}
E0906 15:30:07.610424       1 device_info.go:189] pod prometheus-deployment-7cb9b4545b-h2fz4 has no annotation volcano.sh/devices-to-allocate
E0906 15:30:07.610432       1 device_info.go:189] pod volcano-admission-5b979dc8f6-8rdzl has no annotation volcano.sh/devices-to-allocate
E0906 15:30:07.610439       1 device_info.go:189] pod kube-proxy-gwssg has no annotation volcano.sh/devices-to-allocate
E0906 15:30:07.610445       1 device_info.go:189] pod volcano-controllers-5b976c6d4b-rkqw6 has no annotation volcano.sh/devices-to-allocate
E0906 15:30:07.610452       1 device_info.go:189] pod volcano-scheduler-c7d5bf6df-hhh7c has no annotation volcano.sh/devices-to-allocate
E0906 15:30:07.610458       1 device_info.go:189] pod kindnet-5whpw has no annotation volcano.sh/devices-to-allocate
E0906 15:30:07.610466       1 device_info.go:189] pod mock2-nvml-mock-mtnbp has no annotation volcano.sh/devices-to-allocate
E0906 15:30:07.610472       1 device_info.go:189] pod kube-state-metrics-5ffcdf767c-gf9d5 has no annotation volcano.sh/devices-to-allocate
E0906 15:30:07.610479       1 device_info.go:189] pod volcano-device-plugin-jj26z has no annotation volcano.sh/devices-to-allocate
I0906 15:30:07.610572       1 cache.go:1581] "SnapShot for scheduling" jobNum=0 QueueNum=3 NodeNum=3
I0906 15:30:07.610591       1 session.go:1036] Start adjusting jobs' network topology spec according to hyperNodeTierNameMap map[]
I0906 15:30:07.610601       1 session.go:1079] Finish adjusting jobs' network topology spec according to hyperNodeTierNameMap map[]
I0906 15:30:07.610614       1 session.go:279] Open Session d205cecd-4ced-4515-88fa-6ba497a21f52 with <0> Job and <3> Queues. HyperNodesReadyToSchedule: true
I0906 15:30:07.610985       1 gpuexclusive.go:437] gpuexclusive: no rules configured, skipping GPU exclusivity wrapping
I0906 15:30:07.611003       1 enqueue.go:79] Try to enqueue PodGroup to 0 Queues
I0906 15:30:07.611014       1 reclaim.go:68] There are <0> Jobs and <3> Queues in total for scheduling.
I0906 15:30:07.611025       1 allocate.go:138] Try to allocate resource to 0 Queues
I0906 15:30:07.611076       1 session.go:577] Close Session d205cecd-4ced-4515-88fa-6ba497a21f52
I0906 15:30:08.611832       1 device_info.go:111] GPU sharing mode:  hami-core
I0906 15:30:08.611855       1 device_info.go:113] "Nvidia Device registered name" name="volcano-lab-worker2" val={"ID":0,"Node":"volcano-lab-worker2","UUID":"GPU-22345678-1234-1234-1234-123456780000","PodMap":{},"Memory":409,"Number":10,"Type":"NVIDIA-NVIDIA A100-SXM4-40GB","Health":true,"UsedNum":0,"UsedMem":0,"UsedCore":0,"MigTemplate":[],"MigUsage":{"Index":-1,"UsageList":null}}
I0906 15:30:08.611871       1 device_info.go:113] "Nvidia Device registered name" name="volcano-lab-worker2" val={"ID":1,"Node":"volcano-lab-worker2","UUID":"GPU-22345678-1234-1234-1234-123456780001","PodMap":{},"Memory":409,"Number":10,"Type":"NVIDIA-NVIDIA A100-SXM4-40GB","Health":true,"UsedNum":0,"UsedMem":0,"UsedCore":0,"MigTemplate":[],"MigUsage":{"Index":-1,"UsageList":null}}
I0906 15:30:08.611880       1 device_info.go:111] GPU sharing mode:  hami-core
I0906 15:30:08.611888       1 device_info.go:113] "Nvidia Device registered name" name="volcano-lab-worker2" val={"ID":0,"Node":"volcano-lab-worker2","UUID":"GPU-22345678-1234-1234-1234-123456780000","PodMap":{},"Memory":409,"Number":10,"Type":"NVIDIA-NVIDIA A100-SXM4-40GB","Health":true,"UsedNum":0,"UsedMem":0,"UsedCore":0,"MigTemplate":[],"MigUsage":{"Index":-1,"UsageList":null}}
I0906 15:30:08.611897       1 device_info.go:113] "Nvidia Device registered name" name="volcano-lab-worker2" val={"ID":1,"Node":"volcano-lab-worker2","UUID":"GPU-22345678-1234-1234-1234-123456780001","PodMap":{},"Memory":409,"Number":10,"Type":"NVIDIA-NVIDIA A100-SXM4-40GB","Health":true,"UsedNum":0,"UsedMem":0,"UsedCore":0,"MigTemplate":[],"MigUsage":{"Index":-1,"UsageList":null}}
E0906 15:30:08.611910       1 device_info.go:189] pod mock2-nvml-mock-mtnbp has no annotation volcano.sh/devices-to-allocate
E0906 15:30:08.611916       1 device_info.go:189] pod kube-state-metrics-5ffcdf767c-gf9d5 has no annotation volcano.sh/devices-to-allocate
E0906 15:30:08.611921       1 device_info.go:189] pod volcano-device-plugin-jj26z has no annotation volcano.sh/devices-to-allocate
E0906 15:30:08.611926       1 device_info.go:189] pod prometheus-deployment-7cb9b4545b-h2fz4 has no annotation volcano.sh/devices-to-allocate
E0906 15:30:08.611930       1 device_info.go:189] pod volcano-admission-5b979dc8f6-8rdzl has no annotation volcano.sh/devices-to-allocate
E0906 15:30:08.611934       1 device_info.go:189] pod kube-proxy-gwssg has no annotation volcano.sh/devices-to-allocate
E0906 15:30:08.611937       1 device_info.go:189] pod volcano-controllers-5b976c6d4b-rkqw6 has no annotation volcano.sh/devices-to-allocate
E0906 15:30:08.611941       1 device_info.go:189] pod volcano-scheduler-c7d5bf6df-hhh7c has no annotation volcano.sh/devices-to-allocate
E0906 15:30:08.611945       1 device_info.go:189] pod kindnet-5whpw has no annotation volcano.sh/devices-to-allocate
I0906 15:30:08.612002       1 device_info.go:111] GPU sharing mode:  hami-core
I0906 15:30:08.612009       1 device_info.go:113] "Nvidia Device registered name" name="volcano-lab-worker" val={"ID":0,"Node":"volcano-lab-worker","UUID":"GPU-12345678-1234-1234-1234-123456780000","PodMap":{},"Memory":409,"Number":10,"Type":"NVIDIA-NVIDIA A100-SXM4-40GB","Health":true,"UsedNum":0,"UsedMem":0,"UsedCore":0,"MigTemplate":[],"MigUsage":{"Index":-1,"UsageList":null}}
I0906 15:30:08.612015       1 device_info.go:113] "Nvidia Device registered name" name="volcano-lab-worker" val={"ID":1,"Node":"volcano-lab-worker","UUID":"GPU-12345678-1234-1234-1234-123456780001","PodMap":{},"Memory":409,"Number":10,"Type":"NVIDIA-NVIDIA A100-SXM4-40GB","Health":true,"UsedNum":0,"UsedMem":0,"UsedCore":0,"MigTemplate":[],"MigUsage":{"Index":-1,"UsageList":null}}
I0906 15:30:08.612021       1 device_info.go:111] GPU sharing mode:  hami-core
I0906 15:30:08.612025       1 device_info.go:113] "Nvidia Device registered name" name="volcano-lab-worker" val={"ID":0,"Node":"volcano-lab-worker","UUID":"GPU-12345678-1234-1234-1234-123456780000","PodMap":{},"Memory":409,"Number":10,"Type":"NVIDIA-NVIDIA A100-SXM4-40GB","Health":true,"UsedNum":0,"UsedMem":0,"UsedCore":0,"MigTemplate":[],"MigUsage":{"Index":-1,"UsageList":null}}
I0906 15:30:08.612030       1 device_info.go:113] "Nvidia Device registered name" name="volcano-lab-worker" val={"ID":1,"Node":"volcano-lab-worker","UUID":"GPU-12345678-1234-1234-1234-123456780001","PodMap":{},"Memory":409,"Number":10,"Type":"NVIDIA-NVIDIA A100-SXM4-40GB","Health":true,"UsedNum":0,"UsedMem":0,"UsedCore":0,"MigTemplate":[],"MigUsage":{"Index":-1,"UsageList":null}}
E0906 15:30:08.612036       1 device_info.go:189] pod mock1-nvml-mock-9rgh9 has no annotation volcano.sh/devices-to-allocate
E0906 15:30:08.612041       1 device_info.go:189] pod kindnet-k2m7h has no annotation volcano.sh/devices-to-allocate
E0906 15:30:08.612049       1 device_info.go:189] pod kube-proxy-btcmr has no annotation volcano.sh/devices-to-allocate
E0906 15:30:08.612054       1 device_info.go:189] pod grafana-7c5659d458-xrbnn has no annotation volcano.sh/devices-to-allocate
E0906 15:30:08.612077       1 device_info.go:189] pod volcano-device-plugin-2sg22 has no annotation volcano.sh/devices-to-allocate
I0906 15:30:08.612117       1 cache.go:1581] "SnapShot for scheduling" jobNum=0 QueueNum=3 NodeNum=3
I0906 15:30:08.612129       1 session.go:1036] Start adjusting jobs' network topology spec according to hyperNodeTierNameMap map[]
I0906 15:30:08.612136       1 session.go:1079] Finish adjusting jobs' network topology spec according to hyperNodeTierNameMap map[]
I0906 15:30:08.612144       1 session.go:279] Open Session 2d2a80fb-7af2-44c9-9550-de54677270bc with <0> Job and <3> Queues. HyperNodesReadyToSchedule: true
I0906 15:30:08.612455       1 gpuexclusive.go:437] gpuexclusive: no rules configured, skipping GPU exclusivity wrapping
I0906 15:30:08.612481       1 enqueue.go:79] Try to enqueue PodGroup to 0 Queues
I0906 15:30:08.612496       1 reclaim.go:68] There are <0> Jobs and <3> Queues in total for scheduling.
I0906 15:30:08.612518       1 allocate.go:138] Try to allocate resource to 0 Queues
I0906 15:30:08.612601       1 session.go:577] Close Session 2d2a80fb-7af2-44c9-9550-de54677270bc
I0906 15:30:08.849059       1 device_info.go:111] GPU sharing mode:  hami-core
I0906 15:30:08.849102       1 device_info.go:113] "Nvidia Device registered name" name="volcano-lab-worker" val={"ID":1,"Node":"volcano-lab-worker","UUID":"GPU-12345678-1234-1234-1234-123456780001","PodMap":{},"Memory":409,"Number":10,"Type":"NVIDIA-NVIDIA A100-SXM4-40GB","Health":true,"UsedNum":0,"UsedMem":0,"UsedCore":0,"MigTemplate":[],"MigUsage":{"Index":-1,"UsageList":null}}
I0906 15:30:08.849118       1 device_info.go:113] "Nvidia Device registered name" name="volcano-lab-worker" val={"ID":0,"Node":"volcano-lab-worker","UUID":"GPU-12345678-1234-1234-1234-123456780000","PodMap":{},"Memory":409,"Number":10,"Type":"NVIDIA-NVIDIA A100-SXM4-40GB","Health":true,"UsedNum":0,"UsedMem":0,"UsedCore":0,"MigTemplate":[],"MigUsage":{"Index":-1,"UsageList":null}}
I0906 15:30:08.849129       1 device_info.go:111] GPU sharing mode:  hami-core
I0906 15:30:08.849137       1 device_info.go:113] "Nvidia Device registered name" name="volcano-lab-worker" val={"ID":0,"Node":"volcano-lab-worker","UUID":"GPU-12345678-1234-1234-1234-123456780000","PodMap":{},"Memory":409,"Number":10,"Type":"NVIDIA-NVIDIA A100-SXM4-40GB","Health":true,"UsedNum":0,"UsedMem":0,"UsedCore":0,"MigTemplate":[],"MigUsage":{"Index":-1,"UsageList":null}}
I0906 15:30:08.849178       1 device_info.go:113] "Nvidia Device registered name" name="volcano-lab-worker" val={"ID":1,"Node":"volcano-lab-worker","UUID":"GPU-12345678-1234-1234-1234-123456780001","PodMap":{},"Memory":409,"Number":10,"Type":"NVIDIA-NVIDIA A100-SXM4-40GB","Health":true,"UsedNum":0,"UsedMem":0,"UsedCore":0,"MigTemplate":[],"MigUsage":{"Index":-1,"UsageList":null}}
E0906 15:30:08.849197       1 device_info.go:189] pod kindnet-k2m7h has no annotation volcano.sh/devices-to-allocate
E0906 15:30:08.849207       1 device_info.go:189] pod kube-proxy-btcmr has no annotation volcano.sh/devices-to-allocate
E0906 15:30:08.849213       1 device_info.go:189] pod grafana-7c5659d458-xrbnn has no annotation volcano.sh/devices-to-allocate
E0906 15:30:08.849219       1 device_info.go:189] pod volcano-device-plugin-2sg22 has no annotation volcano.sh/devices-to-allocate
E0906 15:30:08.849225       1 device_info.go:189] pod mock1-nvml-mock-9rgh9 has no annotation volcano.sh/devices-to-allocate
I0906 15:30:08.849241       1 device_info.go:111] GPU sharing mode:  hami-core
I0906 15:30:08.849251       1 device_info.go:113] "Nvidia Device registered name" name="volcano-lab-worker" val={"ID":0,"Node":"volcano-lab-worker","UUID":"GPU-12345678-1234-1234-1234-123456780000","PodMap":{},"Memory":409,"Number":10,"Type":"NVIDIA-NVIDIA A100-SXM4-40GB","Health":true,"UsedNum":0,"UsedMem":0,"UsedCore":0,"MigTemplate":[],"MigUsage":{"Index":-1,"UsageList":null}}
I0906 15:30:08.849267       1 device_info.go:113] "Nvidia Device registered name" name="volcano-lab-worker" val={"ID":1,"Node":"volcano-lab-worker","UUID":"GPU-12345678-1234-1234-1234-123456780001","PodMap":{},"Memory":409,"Number":10,"Type":"NVIDIA-NVIDIA A100-SXM4-40GB","Health":true,"UsedNum":0,"UsedMem":0,"UsedCore":0,"MigTemplate":[],"MigUsage":{"Index":-1,"UsageList":null}}
I0906 15:30:08.857790       1 device_info.go:111] GPU sharing mode:  hami-core
I0906 15:30:08.857828       1 device_info.go:113] "Nvidia Device registered name" name="volcano-lab-worker" val={"ID":0,"Node":"volcano-lab-worker","UUID":"GPU-12345678-1234-1234-1234-123456780000","PodMap":{},"Memory":409,"Number":10,"Type":"NVIDIA-NVIDIA A100-SXM4-40GB","Health":true,"UsedNum":0,"UsedMem":0,"UsedCore":0,"MigTemplate":[],"MigUsage":{"Index":-1,"UsageList":null}}
I0906 15:30:08.857847       1 device_info.go:113] "Nvidia Device registered name" name="volcano-lab-worker" val={"ID":1,"Node":"volcano-lab-worker","UUID":"GPU-12345678-1234-1234-1234-123456780001","PodMap":{},"Memory":409,"Number":10,"Type":"NVIDIA-NVIDIA A100-SXM4-40GB","Health":true,"UsedNum":0,"UsedMem":0,"UsedCore":0,"MigTemplate":[],"MigUsage":{"Index":-1,"UsageList":null}}
E0906 15:30:08.866433       1 device_info.go:189] pod kindnet-k2m7h has no annotation volcano.sh/devices-to-allocate
E0906 15:30:08.866457       1 device_info.go:189] pod kube-proxy-btcmr has no annotation volcano.sh/devices-to-allocate
E0906 15:30:08.866463       1 device_info.go:189] pod grafana-7c5659d458-xrbnn has no annotation volcano.sh/devices-to-allocate
E0906 15:30:08.866468       1 device_info.go:189] pod volcano-device-plugin-2sg22 has no annotation volcano.sh/devices-to-allocate
E0906 15:30:08.866472       1 device_info.go:189] pod mock1-nvml-mock-9rgh9 has no annotation volcano.sh/devices-to-allocate
I0906 15:30:08.866486       1 device_info.go:111] GPU sharing mode:  hami-core
I0906 15:30:08.866511       1 device_info.go:113] "Nvidia Device registered name" name="volcano-lab-worker" val={"ID":0,"Node":"volcano-lab-worker","UUID":"GPU-12345678-1234-1234-1234-123456780000","PodMap":{},"Memory":409,"Number":10,"Type":"NVIDIA-NVIDIA A100-SXM4-40GB","Health":true,"UsedNum":0,"UsedMem":0,"UsedCore":0,"MigTemplate":[],"MigUsage":{"Index":-1,"UsageList":null}}
I0906 15:30:08.866531       1 device_info.go:113] "Nvidia Device registered name" name="volcano-lab-worker" val={"ID":1,"Node":"volcano-lab-worker","UUID":"GPU-12345678-1234-1234-1234-123456780001","PodMap":{},"Memory":409,"Number":10,"Type":"NVIDIA-NVIDIA A100-SXM4-40GB","Health":true,"UsedNum":0,"UsedMem":0,"UsedCore":0,"MigTemplate":[],"MigUsage":{"Index":-1,"UsageList":null}}
I0906 15:30:08.873361       1 device_info.go:111] GPU sharing mode:  hami-core
I0906 15:30:08.873395       1 device_info.go:113] "Nvidia Device registered name" name="volcano-lab-worker" val={"ID":0,"Node":"volcano-lab-worker","UUID":"GPU-12345678-1234-1234-1234-123456780000","PodMap":{},"Memory":409,"Number":10,"Type":"NVIDIA-NVIDIA A100-SXM4-40GB","Health":true,"UsedNum":0,"UsedMem":0,"UsedCore":0,"MigTemplate":[],"MigUsage":{"Index":-1,"UsageList":null}}
I0906 15:30:08.873415       1 device_info.go:113] "Nvidia Device registered name" name="volcano-lab-worker" val={"ID":1,"Node":"volcano-lab-worker","UUID":"GPU-12345678-1234-1234-1234-123456780001","PodMap":{},"Memory":409,"Number":10,"Type":"NVIDIA-NVIDIA A100-SXM4-40GB","Health":true,"UsedNum":0,"UsedMem":0,"UsedCore":0,"MigTemplate":[],"MigUsage":{"Index":-1,"UsageList":null}}
E0906 15:30:08.878079       1 device_info.go:189] pod kube-proxy-btcmr has no annotation volcano.sh/devices-to-allocate
E0906 15:30:08.878091       1 device_info.go:189] pod grafana-7c5659d458-xrbnn has no annotation volcano.sh/devices-to-allocate
E0906 15:30:08.878095       1 device_info.go:189] pod volcano-device-plugin-2sg22 has no annotation volcano.sh/devices-to-allocate
E0906 15:30:08.878100       1 device_info.go:189] pod mock1-nvml-mock-9rgh9 has no annotation volcano.sh/devices-to-allocate
E0906 15:30:08.878102       1 device_info.go:189] pod kindnet-k2m7h has no annotation volcano.sh/devices-to-allocate
I0906 15:30:08.878166       1 device_info.go:111] GPU sharing mode:  hami-core
I0906 15:30:08.878182       1 device_info.go:113] "Nvidia Device registered name" name="volcano-lab-worker" val={"ID":0,"Node":"volcano-lab-worker","UUID":"GPU-12345678-1234-1234-1234-123456780000","PodMap":{},"Memory":409,"Number":10,"Type":"NVIDIA-NVIDIA A100-SXM4-40GB","Health":true,"UsedNum":0,"UsedMem":0,"UsedCore":0,"MigTemplate":[],"MigUsage":{"Index":-1,"UsageList":null}}
I0906 15:30:08.878194       1 device_info.go:113] "Nvidia Device registered name" name="volcano-lab-worker" val={"ID":1,"Node":"volcano-lab-worker","UUID":"GPU-12345678-1234-1234-1234-123456780001","PodMap":{},"Memory":409,"Number":10,"Type":"NVIDIA-NVIDIA A100-SXM4-40GB","Health":true,"UsedNum":0,"UsedMem":0,"UsedCore":0,"MigTemplate":[],"MigUsage":{"Index":-1,"UsageList":null}}
I0906 15:30:08.880868       1 device_info.go:111] GPU sharing mode:  hami-core
I0906 15:30:08.880894       1 device_info.go:113] "Nvidia Device registered name" name="volcano-lab-worker" val={"ID":0,"Node":"volcano-lab-worker","UUID":"GPU-12345678-1234-1234-1234-123456780000","PodMap":{},"Memory":409,"Number":10,"Type":"NVIDIA-NVIDIA A100-SXM4-40GB","Health":true,"UsedNum":0,"UsedMem":0,"UsedCore":0,"MigTemplate":[],"MigUsage":{"Index":-1,"UsageList":null}}
I0906 15:30:08.880911       1 device_info.go:113] "Nvidia Device registered name" name="volcano-lab-worker" val={"ID":1,"Node":"volcano-lab-worker","UUID":"GPU-12345678-1234-1234-1234-123456780001","PodMap":{},"Memory":409,"Number":10,"Type":"NVIDIA-NVIDIA A100-SXM4-40GB","Health":true,"UsedNum":0,"UsedMem":0,"UsedCore":0,"MigTemplate":[],"MigUsage":{"Index":-1,"UsageList":null}}
E0906 15:30:08.883566       1 device_info.go:189] pod grafana-7c5659d458-xrbnn has no annotation volcano.sh/devices-to-allocate
E0906 15:30:08.883578       1 device_info.go:189] pod volcano-device-plugin-2sg22 has no annotation volcano.sh/devices-to-allocate
E0906 15:30:08.883583       1 device_info.go:189] pod mock1-nvml-mock-9rgh9 has no annotation volcano.sh/devices-to-allocate
E0906 15:30:08.883588       1 device_info.go:189] pod kindnet-k2m7h has no annotation volcano.sh/devices-to-allocate
E0906 15:30:08.883591       1 device_info.go:189] pod kube-proxy-btcmr has no annotation volcano.sh/devices-to-allocate
I0906 15:30:08.883606       1 device_info.go:111] GPU sharing mode:  hami-core
I0906 15:30:08.883616       1 device_info.go:113] "Nvidia Device registered name" name="volcano-lab-worker" val={"ID":0,"Node":"volcano-lab-worker","UUID":"GPU-12345678-1234-1234-1234-123456780000","PodMap":{},"Memory":409,"Number":10,"Type":"NVIDIA-NVIDIA A100-SXM4-40GB","Health":true,"UsedNum":0,"UsedMem":0,"UsedCore":0,"MigTemplate":[],"MigUsage":{"Index":-1,"UsageList":null}}
I0906 15:30:08.883625       1 device_info.go:113] "Nvidia Device registered name" name="volcano-lab-worker" val={"ID":1,"Node":"volcano-lab-worker","UUID":"GPU-12345678-1234-1234-1234-123456780001","PodMap":{},"Memory":409,"Number":10,"Type":"NVIDIA-NVIDIA A100-SXM4-40GB","Health":true,"UsedNum":0,"UsedMem":0,"UsedCore":0,"MigTemplate":[],"MigUsage":{"Index":-1,"UsageList":null}}
I0906 15:30:08.883633       1 device_info.go:111] GPU sharing mode:  hami-core
I0906 15:30:08.883637       1 device_info.go:113] "Nvidia Device registered name" name="volcano-lab-worker" val={"ID":1,"Node":"volcano-lab-worker","UUID":"GPU-12345678-1234-1234-1234-123456780001","PodMap":{},"Memory":409,"Number":10,"Type":"NVIDIA-NVIDIA A100-SXM4-40GB","Health":true,"UsedNum":0,"UsedMem":0,"UsedCore":0,"MigTemplate":[],"MigUsage":{"Index":-1,"UsageList":null}}
I0906 15:30:08.883642       1 device_info.go:113] "Nvidia Device registered name" name="volcano-lab-worker" val={"ID":0,"Node":"volcano-lab-worker","UUID":"GPU-12345678-1234-1234-1234-123456780000","PodMap":{},"Memory":409,"Number":10,"Type":"NVIDIA-NVIDIA A100-SXM4-40GB","Health":true,"UsedNum":0,"UsedMem":0,"UsedCore":0,"MigTemplate":[],"MigUsage":{"Index":-1,"UsageList":null}}
E0906 15:30:08.883662       1 device_info.go:189] pod kindnet-k2m7h has no annotation volcano.sh/devices-to-allocate
E0906 15:30:08.883665       1 device_info.go:189] pod kube-proxy-btcmr has no annotation volcano.sh/devices-to-allocate
E0906 15:30:08.883668       1 device_info.go:189] pod grafana-7c5659d458-xrbnn has no annotation volcano.sh/devices-to-allocate
E0906 15:30:08.883670       1 device_info.go:189] pod volcano-device-plugin-2sg22 has no annotation volcano.sh/devices-to-allocate
E0906 15:30:08.883672       1 device_info.go:189] pod mock1-nvml-mock-9rgh9 has no annotation volcano.sh/devices-to-allocate
I0906 15:30:08.883675       1 device_info.go:111] GPU sharing mode:  hami-core
I0906 15:30:08.883680       1 device_info.go:113] "Nvidia Device registered name" name="volcano-lab-worker" val={"ID":0,"Node":"volcano-lab-worker","UUID":"GPU-12345678-1234-1234-1234-123456780000","PodMap":{},"Memory":409,"Number":10,"Type":"NVIDIA-NVIDIA A100-SXM4-40GB","Health":true,"UsedNum":0,"UsedMem":0,"UsedCore":0,"MigTemplate":[],"MigUsage":{"Index":-1,"UsageList":null}}
I0906 15:30:08.883685       1 device_info.go:113] "Nvidia Device registered name" name="volcano-lab-worker" val={"ID":1,"Node":"volcano-lab-worker","UUID":"GPU-12345678-1234-1234-1234-123456780001","PodMap":{},"Memory":409,"Number":10,"Type":"NVIDIA-NVIDIA A100-SXM4-40GB","Health":true,"UsedNum":0,"UsedMem":0,"UsedCore":0,"MigTemplate":[],"MigUsage":{"Index":-1,"UsageList":null}}
I0906 15:30:08.883690       1 device_info.go:111] GPU sharing mode:  hami-core
I0906 15:30:08.883693       1 device_info.go:113] "Nvidia Device registered name" name="volcano-lab-worker" val={"ID":0,"Node":"volcano-lab-worker","UUID":"GPU-12345678-1234-1234-1234-123456780000","PodMap":{},"Memory":409,"Number":10,"Type":"NVIDIA-NVIDIA A100-SXM4-40GB","Health":true,"UsedNum":0,"UsedMem":0,"UsedCore":0,"MigTemplate":[],"MigUsage":{"Index":-1,"UsageList":null}}
I0906 15:30:08.883699       1 device_info.go:113] "Nvidia Device registered name" name="volcano-lab-worker" val={"ID":1,"Node":"volcano-lab-worker","UUID":"GPU-12345678-1234-1234-1234-123456780001","PodMap":{},"Memory":409,"Number":10,"Type":"NVIDIA-NVIDIA A100-SXM4-40GB","Health":true,"UsedNum":0,"UsedMem":0,"UsedCore":0,"MigTemplate":[],"MigUsage":{"Index":-1,"UsageList":null}}
E0906 15:30:08.883718       1 device_info.go:189] pod kindnet-k2m7h has no annotation volcano.sh/devices-to-allocate
E0906 15:30:08.883726       1 device_info.go:189] pod kube-proxy-btcmr has no annotation volcano.sh/devices-to-allocate
E0906 15:30:08.883728       1 device_info.go:189] pod grafana-7c5659d458-xrbnn has no annotation volcano.sh/devices-to-allocate
E0906 15:30:08.883730       1 device_info.go:189] pod volcano-device-plugin-2sg22 has no annotation volcano.sh/devices-to-allocate
E0906 15:30:08.883732       1 device_info.go:189] pod mock1-nvml-mock-9rgh9 has no annotation volcano.sh/devices-to-allocate
I0906 15:30:09.613752       1 device_info.go:111] GPU sharing mode:  hami-core
I0906 15:30:09.613785       1 device_info.go:113] "Nvidia Device registered name" name="volcano-lab-worker" val={"ID":0,"Node":"volcano-lab-worker","UUID":"GPU-12345678-1234-1234-1234-123456780000","PodMap":{},"Memory":409,"Number":10,"Type":"NVIDIA-NVIDIA A100-SXM4-40GB","Health":true,"UsedNum":0,"UsedMem":0,"UsedCore":0,"MigTemplate":[],"MigUsage":{"Index":-1,"UsageList":null}}
I0906 15:30:09.613816       1 device_info.go:113] "Nvidia Device registered name" name="volcano-lab-worker" val={"ID":1,"Node":"volcano-lab-worker","UUID":"GPU-12345678-1234-1234-1234-123456780001","PodMap":{},"Memory":409,"Number":10,"Type":"NVIDIA-NVIDIA A100-SXM4-40GB","Health":true,"UsedNum":0,"UsedMem":0,"UsedCore":0,"MigTemplate":[],"MigUsage":{"Index":-1,"UsageList":null}}
I0906 15:30:09.613834       1 device_info.go:111] GPU sharing mode:  hami-core
I0906 15:30:09.613849       1 device_info.go:113] "Nvidia Device registered name" name="volcano-lab-worker" val={"ID":1,"Node":"volcano-lab-worker","UUID":"GPU-12345678-1234-1234-1234-123456780001","PodMap":{},"Memory":409,"Number":10,"Type":"NVIDIA-NVIDIA A100-SXM4-40GB","Health":true,"UsedNum":0,"UsedMem":0,"UsedCore":0,"MigTemplate":[],"MigUsage":{"Index":-1,"UsageList":null}}
I0906 15:30:09.613859       1 device_info.go:113] "Nvidia Device registered name" name="volcano-lab-worker" val={"ID":0,"Node":"volcano-lab-worker","UUID":"GPU-12345678-1234-1234-1234-123456780000","PodMap":{},"Memory":409,"Number":10,"Type":"NVIDIA-NVIDIA A100-SXM4-40GB","Health":true,"UsedNum":0,"UsedMem":0,"UsedCore":0,"MigTemplate":[],"MigUsage":{"Index":-1,"UsageList":null}}
E0906 15:30:09.613878       1 device_info.go:189] pod grafana-7c5659d458-xrbnn has no annotation volcano.sh/devices-to-allocate
E0906 15:30:09.613888       1 device_info.go:189] pod volcano-device-plugin-2sg22 has no annotation volcano.sh/devices-to-allocate
E0906 15:30:09.613897       1 device_info.go:189] pod mock1-nvml-mock-9rgh9 has no annotation volcano.sh/devices-to-allocate
E0906 15:30:09.613904       1 device_info.go:189] pod kindnet-k2m7h has no annotation volcano.sh/devices-to-allocate
E0906 15:30:09.613910       1 device_info.go:189] pod kube-proxy-btcmr has no annotation volcano.sh/devices-to-allocate
I0906 15:30:09.613959       1 device_info.go:111] GPU sharing mode:  hami-core
I0906 15:30:09.613970       1 device_info.go:113] "Nvidia Device registered name" name="volcano-lab-worker2" val={"ID":0,"Node":"volcano-lab-worker2","UUID":"GPU-22345678-1234-1234-1234-123456780000","PodMap":{},"Memory":409,"Number":10,"Type":"NVIDIA-NVIDIA A100-SXM4-40GB","Health":true,"UsedNum":0,"UsedMem":0,"UsedCore":0,"MigTemplate":[],"MigUsage":{"Index":-1,"UsageList":null}}
I0906 15:30:09.613989       1 device_info.go:113] "Nvidia Device registered name" name="volcano-lab-worker2" val={"ID":1,"Node":"volcano-lab-worker2","UUID":"GPU-22345678-1234-1234-1234-123456780001","PodMap":{},"Memory":409,"Number":10,"Type":"NVIDIA-NVIDIA A100-SXM4-40GB","Health":true,"UsedNum":0,"UsedMem":0,"UsedCore":0,"MigTemplate":[],"MigUsage":{"Index":-1,"UsageList":null}}
I0906 15:30:09.614012       1 device_info.go:111] GPU sharing mode:  hami-core
I0906 15:30:09.614024       1 device_info.go:113] "Nvidia Device registered name" name="volcano-lab-worker2" val={"ID":0,"Node":"volcano-lab-worker2","UUID":"GPU-22345678-1234-1234-1234-123456780000","PodMap":{},"Memory":409,"Number":10,"Type":"NVIDIA-NVIDIA A100-SXM4-40GB","Health":true,"UsedNum":0,"UsedMem":0,"UsedCore":0,"MigTemplate":[],"MigUsage":{"Index":-1,"UsageList":null}}
I0906 15:30:09.614038       1 device_info.go:113] "Nvidia Device registered name" name="volcano-lab-worker2" val={"ID":1,"Node":"volcano-lab-worker2","UUID":"GPU-22345678-1234-1234-1234-123456780001","PodMap":{},"Memory":409,"Number":10,"Type":"NVIDIA-NVIDIA A100-SXM4-40GB","Health":true,"UsedNum":0,"UsedMem":0,"UsedCore":0,"MigTemplate":[],"MigUsage":{"Index":-1,"UsageList":null}}
E0906 15:30:09.614074       1 device_info.go:189] pod volcano-scheduler-c7d5bf6df-hhh7c has no annotation volcano.sh/devices-to-allocate
E0906 15:30:09.614086       1 device_info.go:189] pod kindnet-5whpw has no annotation volcano.sh/devices-to-allocate
E0906 15:30:09.614094       1 device_info.go:189] pod mock2-nvml-mock-mtnbp has no annotation volcano.sh/devices-to-allocate
E0906 15:30:09.614109       1 device_info.go:189] pod kube-state-metrics-5ffcdf767c-gf9d5 has no annotation volcano.sh/devices-to-allocate
E0906 15:30:09.614117       1 device_info.go:189] pod volcano-device-plugin-jj26z has no annotation volcano.sh/devices-to-allocate
E0906 15:30:09.614123       1 device_info.go:189] pod prometheus-deployment-7cb9b4545b-h2fz4 has no annotation volcano.sh/devices-to-allocate
E0906 15:30:09.614130       1 device_info.go:189] pod volcano-admission-5b979dc8f6-8rdzl has no annotation volcano.sh/devices-to-allocate
E0906 15:30:09.614144       1 device_info.go:189] pod kube-proxy-gwssg has no annotation volcano.sh/devices-to-allocate
E0906 15:30:09.614151       1 device_info.go:189] pod volcano-controllers-5b976c6d4b-rkqw6 has no annotation volcano.sh/devices-to-allocate
I0906 15:30:09.614273       1 cache.go:1581] "SnapShot for scheduling" jobNum=0 QueueNum=3 NodeNum=3
I0906 15:30:09.614290       1 session.go:1036] Start adjusting jobs' network topology spec according to hyperNodeTierNameMap map[]
I0906 15:30:09.614304       1 session.go:1079] Finish adjusting jobs' network topology spec according to hyperNodeTierNameMap map[]
I0906 15:30:09.614320       1 session.go:279] Open Session 36b43a71-05f2-4c00-be89-1078ec02cc06 with <0> Job and <3> Queues. HyperNodesReadyToSchedule: true
I0906 15:30:09.614563       1 gpuexclusive.go:437] gpuexclusive: no rules configured, skipping GPU exclusivity wrapping
I0906 15:30:09.614574       1 enqueue.go:79] Try to enqueue PodGroup to 0 Queues
I0906 15:30:09.614580       1 reclaim.go:68] There are <0> Jobs and <3> Queues in total for scheduling.
I0906 15:30:09.614586       1 allocate.go:138] Try to allocate resource to 0 Queues
I0906 15:30:09.614615       1 session.go:577] Close Session 36b43a71-05f2-4c00-be89-1078ec02cc06
I0906 15:30:10.615679       1 device_info.go:111] GPU sharing mode:  hami-core
I0906 15:30:10.615724       1 device_info.go:113] "Nvidia Device registered name" name="volcano-lab-worker" val={"ID":0,"Node":"volcano-lab-worker","UUID":"GPU-12345678-1234-1234-1234-123456780000","PodMap":{},"Memory":409,"Number":10,"Type":"NVIDIA-NVIDIA A100-SXM4-40GB","Health":true,"UsedNum":0,"UsedMem":0,"UsedCore":0,"MigTemplate":[],"MigUsage":{"Index":-1,"UsageList":null}}
I0906 15:30:10.615756       1 device_info.go:113] "Nvidia Device registered name" name="volcano-lab-worker" val={"ID":1,"Node":"volcano-lab-worker","UUID":"GPU-12345678-1234-1234-1234-123456780001","PodMap":{},"Memory":409,"Number":10,"Type":"NVIDIA-NVIDIA A100-SXM4-40GB","Health":true,"UsedNum":0,"UsedMem":0,"UsedCore":0,"MigTemplate":[],"MigUsage":{"Index":-1,"UsageList":null}}
I0906 15:30:10.615777       1 device_info.go:111] GPU sharing mode:  hami-core
I0906 15:30:10.615792       1 device_info.go:113] "Nvidia Device registered name" name="volcano-lab-worker" val={"ID":0,"Node":"volcano-lab-worker","UUID":"GPU-12345678-1234-1234-1234-123456780000","PodMap":{},"Memory":409,"Number":10,"Type":"NVIDIA-NVIDIA A100-SXM4-40GB","Health":true,"UsedNum":0,"UsedMem":0,"UsedCore":0,"MigTemplate":[],"MigUsage":{"Index":-1,"UsageList":null}}
I0906 15:30:10.615807       1 device_info.go:113] "Nvidia Device registered name" name="volcano-lab-worker" val={"ID":1,"Node":"volcano-lab-worker","UUID":"GPU-12345678-1234-1234-1234-123456780001","PodMap":{},"Memory":409,"Number":10,"Type":"NVIDIA-NVIDIA A100-SXM4-40GB","Health":true,"UsedNum":0,"UsedMem":0,"UsedCore":0,"MigTemplate":[],"MigUsage":{"Index":-1,"UsageList":null}}
E0906 15:30:10.615834       1 device_info.go:189] pod kindnet-k2m7h has no annotation volcano.sh/devices-to-allocate
E0906 15:30:10.615848       1 device_info.go:189] pod kube-proxy-btcmr has no annotation volcano.sh/devices-to-allocate
E0906 15:30:10.615859       1 device_info.go:189] pod grafana-7c5659d458-xrbnn has no annotation volcano.sh/devices-to-allocate
E0906 15:30:10.615868       1 device_info.go:189] pod volcano-device-plugin-2sg22 has no annotation volcano.sh/devices-to-allocate
E0906 15:30:10.615878       1 device_info.go:189] pod mock1-nvml-mock-9rgh9 has no annotation volcano.sh/devices-to-allocate
I0906 15:30:10.615945       1 device_info.go:111] GPU sharing mode:  hami-core
I0906 15:30:10.615962       1 device_info.go:113] "Nvidia Device registered name" name="volcano-lab-worker2" val={"ID":1,"Node":"volcano-lab-worker2","UUID":"GPU-22345678-1234-1234-1234-123456780001","PodMap":{},"Memory":409,"Number":10,"Type":"NVIDIA-NVIDIA A100-SXM4-40GB","Health":true,"UsedNum":0,"UsedMem":0,"UsedCore":0,"MigTemplate":[],"MigUsage":{"Index":-1,"UsageList":null}}
I0906 15:30:10.616006       1 device_info.go:113] "Nvidia Device registered name" name="volcano-lab-worker2" val={"ID":0,"Node":"volcano-lab-worker2","UUID":"GPU-22345678-1234-1234-1234-123456780000","PodMap":{},"Memory":409,"Number":10,"Type":"NVIDIA-NVIDIA A100-SXM4-40GB","Health":true,"UsedNum":0,"UsedMem":0,"UsedCore":0,"MigTemplate":[],"MigUsage":{"Index":-1,"UsageList":null}}
I0906 15:30:10.616118       1 device_info.go:111] GPU sharing mode:  hami-core
I0906 15:30:10.616147       1 device_info.go:113] "Nvidia Device registered name" name="volcano-lab-worker2" val={"ID":0,"Node":"volcano-lab-worker2","UUID":"GPU-22345678-1234-1234-1234-123456780000","PodMap":{},"Memory":409,"Number":10,"Type":"NVIDIA-NVIDIA A100-SXM4-40GB","Health":true,"UsedNum":0,"UsedMem":0,"UsedCore":0,"MigTemplate":[],"MigUsage":{"Index":-1,"UsageList":null}}
I0906 15:30:10.616169       1 device_info.go:113] "Nvidia Device registered name" name="volcano-lab-worker2" val={"ID":1,"Node":"volcano-lab-worker2","UUID":"GPU-22345678-1234-1234-1234-123456780001","PodMap":{},"Memory":409,"Number":10,"Type":"NVIDIA-NVIDIA A100-SXM4-40GB","Health":true,"UsedNum":0,"UsedMem":0,"UsedCore":0,"MigTemplate":[],"MigUsage":{"Index":-1,"UsageList":null}}
E0906 15:30:10.616193       1 device_info.go:189] pod volcano-scheduler-c7d5bf6df-hhh7c has no annotation volcano.sh/devices-to-allocate
E0906 15:30:10.616222       1 device_info.go:189] pod kindnet-5whpw has no annotation volcano.sh/devices-to-allocate
E0906 15:30:10.616239       1 device_info.go:189] pod mock2-nvml-mock-mtnbp has no annotation volcano.sh/devices-to-allocate
E0906 15:30:10.616251       1 device_info.go:189] pod kube-state-metrics-5ffcdf767c-gf9d5 has no annotation volcano.sh/devices-to-allocate
E0906 15:30:10.616261       1 device_info.go:189] pod volcano-device-plugin-jj26z has no annotation volcano.sh/devices-to-allocate
E0906 15:30:10.616272       1 device_info.go:189] pod prometheus-deployment-7cb9b4545b-h2fz4 has no annotation volcano.sh/devices-to-allocate
E0906 15:30:10.616281       1 device_info.go:189] pod volcano-admission-5b979dc8f6-8rdzl has no annotation volcano.sh/devices-to-allocate
E0906 15:30:10.616289       1 device_info.go:189] pod kube-proxy-gwssg has no annotation volcano.sh/devices-to-allocate
E0906 15:30:10.616298       1 device_info.go:189] pod volcano-controllers-5b976c6d4b-rkqw6 has no annotation volcano.sh/devices-to-allocate
I0906 15:30:10.616437       1 cache.go:1581] "SnapShot for scheduling" jobNum=0 QueueNum=3 NodeNum=3
I0906 15:30:10.616475       1 session.go:1036] Start adjusting jobs' network topology spec according to hyperNodeTierNameMap map[]
I0906 15:30:10.616499       1 session.go:1079] Finish adjusting jobs' network topology spec according to hyperNodeTierNameMap map[]
I0906 15:30:10.616524       1 session.go:279] Open Session 691dffd1-7e9e-4844-ba1b-cde643658e02 with <0> Job and <3> Queues. HyperNodesReadyToSchedule: true
I0906 15:30:10.616904       1 gpuexclusive.go:437] gpuexclusive: no rules configured, skipping GPU exclusivity wrapping
I0906 15:30:10.616916       1 enqueue.go:79] Try to enqueue PodGroup to 0 Queues
I0906 15:30:10.616930       1 reclaim.go:68] There are <0> Jobs and <3> Queues in total for scheduling.
I0906 15:30:10.616936       1 allocate.go:138] Try to allocate resource to 0 Queues
I0906 15:30:10.616968       1 session.go:577] Close Session 691dffd1-7e9e-4844-ba1b-cde643658e02
I0906 15:30:10.957469       1 device_info.go:111] GPU sharing mode:  hami-core
I0906 15:30:10.957521       1 device_info.go:113] "Nvidia Device registered name" name="volcano-lab-worker2" val={"ID":1,"Node":"volcano-lab-worker2","UUID":"GPU-22345678-1234-1234-1234-123456780001","PodMap":{},"Memory":409,"Number":10,"Type":"NVIDIA-NVIDIA A100-SXM4-40GB","Health":true,"UsedNum":0,"UsedMem":0,"UsedCore":0,"MigTemplate":[],"MigUsage":{"Index":-1,"UsageList":null}}
I0906 15:30:10.957547       1 device_info.go:113] "Nvidia Device registered name" name="volcano-lab-worker2" val={"ID":0,"Node":"volcano-lab-worker2","UUID":"GPU-22345678-1234-1234-1234-123456780000","PodMap":{},"Memory":409,"Number":10,"Type":"NVIDIA-NVIDIA A100-SXM4-40GB","Health":true,"UsedNum":0,"UsedMem":0,"UsedCore":0,"MigTemplate":[],"MigUsage":{"Index":-1,"UsageList":null}}
I0906 15:30:10.957589       1 device_info.go:111] GPU sharing mode:  hami-core
I0906 15:30:10.957599       1 device_info.go:113] "Nvidia Device registered name" name="volcano-lab-worker2" val={"ID":0,"Node":"volcano-lab-worker2","UUID":"GPU-22345678-1234-1234-1234-123456780000","PodMap":{},"Memory":409,"Number":10,"Type":"NVIDIA-NVIDIA A100-SXM4-40GB","Health":true,"UsedNum":0,"UsedMem":0,"UsedCore":0,"MigTemplate":[],"MigUsage":{"Index":-1,"UsageList":null}}
I0906 15:30:10.957612       1 device_info.go:113] "Nvidia Device registered name" name="volcano-lab-worker2" val={"ID":1,"Node":"volcano-lab-worker2","UUID":"GPU-22345678-1234-1234-1234-123456780001","PodMap":{},"Memory":409,"Number":10,"Type":"NVIDIA-NVIDIA A100-SXM4-40GB","Health":true,"UsedNum":0,"UsedMem":0,"UsedCore":0,"MigTemplate":[],"MigUsage":{"Index":-1,"UsageList":null}}
E0906 15:30:10.957631       1 device_info.go:189] pod kube-proxy-gwssg has no annotation volcano.sh/devices-to-allocate
E0906 15:30:10.957639       1 device_info.go:189] pod volcano-controllers-5b976c6d4b-rkqw6 has no annotation volcano.sh/devices-to-allocate
E0906 15:30:10.957645       1 device_info.go:189] pod volcano-scheduler-c7d5bf6df-hhh7c has no annotation volcano.sh/devices-to-allocate
E0906 15:30:10.957650       1 device_info.go:189] pod kindnet-5whpw has no annotation volcano.sh/devices-to-allocate
E0906 15:30:10.957656       1 device_info.go:189] pod mock2-nvml-mock-mtnbp has no annotation volcano.sh/devices-to-allocate
E0906 15:30:10.957661       1 device_info.go:189] pod kube-state-metrics-5ffcdf767c-gf9d5 has no annotation volcano.sh/devices-to-allocate
E0906 15:30:10.957665       1 device_info.go:189] pod volcano-device-plugin-jj26z has no annotation volcano.sh/devices-to-allocate
E0906 15:30:10.957668       1 device_info.go:189] pod prometheus-deployment-7cb9b4545b-h2fz4 has no annotation volcano.sh/devices-to-allocate
E0906 15:30:10.957672       1 device_info.go:189] pod volcano-admission-5b979dc8f6-8rdzl has no annotation volcano.sh/devices-to-allocate
I0906 15:30:10.957688       1 device_info.go:111] GPU sharing mode:  hami-core
I0906 15:30:10.957694       1 device_info.go:113] "Nvidia Device registered name" name="volcano-lab-worker2" val={"ID":0,"Node":"volcano-lab-worker2","UUID":"GPU-22345678-1234-1234-1234-123456780000","PodMap":{},"Memory":409,"Number":10,"Type":"NVIDIA-NVIDIA A100-SXM4-40GB","Health":true,"UsedNum":0,"UsedMem":0,"UsedCore":0,"MigTemplate":[],"MigUsage":{"Index":-1,"UsageList":null}}
I0906 15:30:10.957707       1 device_info.go:113] "Nvidia Device registered name" name="volcano-lab-worker2" val={"ID":1,"Node":"volcano-lab-worker2","UUID":"GPU-22345678-1234-1234-1234-123456780001","PodMap":{},"Memory":409,"Number":10,"Type":"NVIDIA-NVIDIA A100-SXM4-40GB","Health":true,"UsedNum":0,"UsedMem":0,"UsedCore":0,"MigTemplate":[],"MigUsage":{"Index":-1,"UsageList":null}}
I0906 15:30:10.966351       1 device_info.go:111] GPU sharing mode:  hami-core
I0906 15:30:10.966386       1 device_info.go:113] "Nvidia Device registered name" name="volcano-lab-worker2" val={"ID":1,"Node":"volcano-lab-worker2","UUID":"GPU-22345678-1234-1234-1234-123456780001","PodMap":{},"Memory":409,"Number":10,"Type":"NVIDIA-NVIDIA A100-SXM4-40GB","Health":true,"UsedNum":0,"UsedMem":0,"UsedCore":0,"MigTemplate":[],"MigUsage":{"Index":-1,"UsageList":null}}
I0906 15:30:10.966405       1 device_info.go:113] "Nvidia Device registered name" name="volcano-lab-worker2" val={"ID":0,"Node":"volcano-lab-worker2","UUID":"GPU-22345678-1234-1234-1234-123456780000","PodMap":{},"Memory":409,"Number":10,"Type":"NVIDIA-NVIDIA A100-SXM4-40GB","Health":true,"UsedNum":0,"UsedMem":0,"UsedCore":0,"MigTemplate":[],"MigUsage":{"Index":-1,"UsageList":null}}
E0906 15:30:10.973168       1 device_info.go:189] pod prometheus-deployment-7cb9b4545b-h2fz4 has no annotation volcano.sh/devices-to-allocate
E0906 15:30:10.973179       1 device_info.go:189] pod volcano-admission-5b979dc8f6-8rdzl has no annotation volcano.sh/devices-to-allocate
E0906 15:30:10.973183       1 device_info.go:189] pod kube-proxy-gwssg has no annotation volcano.sh/devices-to-allocate
E0906 15:30:10.973186       1 device_info.go:189] pod volcano-scheduler-c7d5bf6df-hhh7c has no annotation volcano.sh/devices-to-allocate
E0906 15:30:10.973189       1 device_info.go:189] pod mock2-nvml-mock-mtnbp has no annotation volcano.sh/devices-to-allocate
E0906 15:30:10.973191       1 device_info.go:189] pod kube-state-metrics-5ffcdf767c-gf9d5 has no annotation volcano.sh/devices-to-allocate
E0906 15:30:10.973193       1 device_info.go:189] pod volcano-controllers-5b976c6d4b-rkqw6 has no annotation volcano.sh/devices-to-allocate
E0906 15:30:10.973196       1 device_info.go:189] pod kindnet-5whpw has no annotation volcano.sh/devices-to-allocate
E0906 15:30:10.973203       1 device_info.go:189] pod volcano-device-plugin-jj26z has no annotation volcano.sh/devices-to-allocate
I0906 15:30:10.973210       1 device_info.go:111] GPU sharing mode:  hami-core
I0906 15:30:10.973221       1 device_info.go:113] "Nvidia Device registered name" name="volcano-lab-worker2" val={"ID":1,"Node":"volcano-lab-worker2","UUID":"GPU-22345678-1234-1234-1234-123456780001","PodMap":{},"Memory":409,"Number":10,"Type":"NVIDIA-NVIDIA A100-SXM4-40GB","Health":true,"UsedNum":0,"UsedMem":0,"UsedCore":0,"MigTemplate":[],"MigUsage":{"Index":-1,"UsageList":null}}
I0906 15:30:10.973231       1 device_info.go:113] "Nvidia Device registered name" name="volcano-lab-worker2" val={"ID":0,"Node":"volcano-lab-worker2","UUID":"GPU-22345678-1234-1234-1234-123456780000","PodMap":{},"Memory":409,"Number":10,"Type":"NVIDIA-NVIDIA A100-SXM4-40GB","Health":true,"UsedNum":0,"UsedMem":0,"UsedCore":0,"MigTemplate":[],"MigUsage":{"Index":-1,"UsageList":null}}
I0906 15:30:10.975845       1 device_info.go:111] GPU sharing mode:  hami-core
I0906 15:30:10.975875       1 device_info.go:113] "Nvidia Device registered name" name="volcano-lab-worker2" val={"ID":0,"Node":"volcano-lab-worker2","UUID":"GPU-22345678-1234-1234-1234-123456780000","PodMap":{},"Memory":409,"Number":10,"Type":"NVIDIA-NVIDIA A100-SXM4-40GB","Health":true,"UsedNum":0,"UsedMem":0,"UsedCore":0,"MigTemplate":[],"MigUsage":{"Index":-1,"UsageList":null}}
I0906 15:30:10.975901       1 device_info.go:113] "Nvidia Device registered name" name="volcano-lab-worker2" val={"ID":1,"Node":"volcano-lab-worker2","UUID":"GPU-22345678-1234-1234-1234-123456780001","PodMap":{},"Memory":409,"Number":10,"Type":"NVIDIA-NVIDIA A100-SXM4-40GB","Health":true,"UsedNum":0,"UsedMem":0,"UsedCore":0,"MigTemplate":[],"MigUsage":{"Index":-1,"UsageList":null}}
E0906 15:30:10.978798       1 device_info.go:189] pod volcano-admission-5b979dc8f6-8rdzl has no annotation volcano.sh/devices-to-allocate
E0906 15:30:10.978806       1 device_info.go:189] pod kube-proxy-gwssg has no annotation volcano.sh/devices-to-allocate
E0906 15:30:10.978809       1 device_info.go:189] pod volcano-controllers-5b976c6d4b-rkqw6 has no annotation volcano.sh/devices-to-allocate
E0906 15:30:10.978812       1 device_info.go:189] pod volcano-scheduler-c7d5bf6df-hhh7c has no annotation volcano.sh/devices-to-allocate
E0906 15:30:10.978816       1 device_info.go:189] pod kindnet-5whpw has no annotation volcano.sh/devices-to-allocate
E0906 15:30:10.978818       1 device_info.go:189] pod mock2-nvml-mock-mtnbp has no annotation volcano.sh/devices-to-allocate
E0906 15:30:10.978821       1 device_info.go:189] pod kube-state-metrics-5ffcdf767c-gf9d5 has no annotation volcano.sh/devices-to-allocate
E0906 15:30:10.978824       1 device_info.go:189] pod volcano-device-plugin-jj26z has no annotation volcano.sh/devices-to-allocate
E0906 15:30:10.978826       1 device_info.go:189] pod prometheus-deployment-7cb9b4545b-h2fz4 has no annotation volcano.sh/devices-to-allocate
I0906 15:30:10.978884       1 device_info.go:111] GPU sharing mode:  hami-core
I0906 15:30:10.978893       1 device_info.go:113] "Nvidia Device registered name" name="volcano-lab-worker2" val={"ID":0,"Node":"volcano-lab-worker2","UUID":"GPU-22345678-1234-1234-1234-123456780000","PodMap":{},"Memory":409,"Number":10,"Type":"NVIDIA-NVIDIA A100-SXM4-40GB","Health":true,"UsedNum":0,"UsedMem":0,"UsedCore":0,"MigTemplate":[],"MigUsage":{"Index":-1,"UsageList":null}}
I0906 15:30:10.978902       1 device_info.go:113] "Nvidia Device registered name" name="volcano-lab-worker2" val={"ID":1,"Node":"volcano-lab-worker2","UUID":"GPU-22345678-1234-1234-1234-123456780001","PodMap":{},"Memory":409,"Number":10,"Type":"NVIDIA-NVIDIA A100-SXM4-40GB","Health":true,"UsedNum":0,"UsedMem":0,"UsedCore":0,"MigTemplate":[],"MigUsage":{"Index":-1,"UsageList":null}}
I0906 15:30:10.981239       1 device_info.go:111] GPU sharing mode:  hami-core
I0906 15:30:10.981252       1 device_info.go:113] "Nvidia Device registered name" name="volcano-lab-worker2" val={"ID":0,"Node":"volcano-lab-worker2","UUID":"GPU-22345678-1234-1234-1234-123456780000","PodMap":{},"Memory":409,"Number":10,"Type":"NVIDIA-NVIDIA A100-SXM4-40GB","Health":true,"UsedNum":0,"UsedMem":0,"UsedCore":0,"MigTemplate":[],"MigUsage":{"Index":-1,"UsageList":null}}
I0906 15:30:10.981261       1 device_info.go:113] "Nvidia Device registered name" name="volcano-lab-worker2" val={"ID":1,"Node":"volcano-lab-worker2","UUID":"GPU-22345678-1234-1234-1234-123456780001","PodMap":{},"Memory":409,"Number":10,"Type":"NVIDIA-NVIDIA A100-SXM4-40GB","Health":true,"UsedNum":0,"UsedMem":0,"UsedCore":0,"MigTemplate":[],"MigUsage":{"Index":-1,"UsageList":null}}
E0906 15:30:10.983597       1 device_info.go:189] pod prometheus-deployment-7cb9b4545b-h2fz4 has no annotation volcano.sh/devices-to-allocate
E0906 15:30:10.983605       1 device_info.go:189] pod volcano-admission-5b979dc8f6-8rdzl has no annotation volcano.sh/devices-to-allocate
E0906 15:30:10.983609       1 device_info.go:189] pod kube-proxy-gwssg has no annotation volcano.sh/devices-to-allocate
E0906 15:30:10.983612       1 device_info.go:189] pod volcano-controllers-5b976c6d4b-rkqw6 has no annotation volcano.sh/devices-to-allocate
E0906 15:30:10.983616       1 device_info.go:189] pod volcano-scheduler-c7d5bf6df-hhh7c has no annotation volcano.sh/devices-to-allocate
E0906 15:30:10.983620       1 device_info.go:189] pod kindnet-5whpw has no annotation volcano.sh/devices-to-allocate
E0906 15:30:10.983623       1 device_info.go:189] pod mock2-nvml-mock-mtnbp has no annotation volcano.sh/devices-to-allocate
E0906 15:30:10.983627       1 device_info.go:189] pod kube-state-metrics-5ffcdf767c-gf9d5 has no annotation volcano.sh/devices-to-allocate
E0906 15:30:10.983631       1 device_info.go:189] pod volcano-device-plugin-jj26z has no annotation volcano.sh/devices-to-allocate
I0906 15:30:10.983646       1 device_info.go:111] GPU sharing mode:  hami-core
I0906 15:30:10.983654       1 device_info.go:113] "Nvidia Device registered name" name="volcano-lab-worker2" val={"ID":0,"Node":"volcano-lab-worker2","UUID":"GPU-22345678-1234-1234-1234-123456780000","PodMap":{},"Memory":409,"Number":10,"Type":"NVIDIA-NVIDIA A100-SXM4-40GB","Health":true,"UsedNum":0,"UsedMem":0,"UsedCore":0,"MigTemplate":[],"MigUsage":{"Index":-1,"UsageList":null}}
I0906 15:30:10.983663       1 device_info.go:113] "Nvidia Device registered name" name="volcano-lab-worker2" val={"ID":1,"Node":"volcano-lab-worker2","UUID":"GPU-22345678-1234-1234-1234-123456780001","PodMap":{},"Memory":409,"Number":10,"Type":"NVIDIA-NVIDIA A100-SXM4-40GB","Health":true,"UsedNum":0,"UsedMem":0,"UsedCore":0,"MigTemplate":[],"MigUsage":{"Index":-1,"UsageList":null}}
I0906 15:30:10.983670       1 device_info.go:111] GPU sharing mode:  hami-core
I0906 15:30:10.983674       1 device_info.go:113] "Nvidia Device registered name" name="volcano-lab-worker2" val={"ID":0,"Node":"volcano-lab-worker2","UUID":"GPU-22345678-1234-1234-1234-123456780000","PodMap":{},"Memory":409,"Number":10,"Type":"NVIDIA-NVIDIA A100-SXM4-40GB","Health":true,"UsedNum":0,"UsedMem":0,"UsedCore":0,"MigTemplate":[],"MigUsage":{"Index":-1,"UsageList":null}}
I0906 15:30:10.983681       1 device_info.go:113] "Nvidia Device registered name" name="volcano-lab-worker2" val={"ID":1,"Node":"volcano-lab-worker2","UUID":"GPU-22345678-1234-1234-1234-123456780001","PodMap":{},"Memory":409,"Number":10,"Type":"NVIDIA-NVIDIA A100-SXM4-40GB","Health":true,"UsedNum":0,"UsedMem":0,"UsedCore":0,"MigTemplate":[],"MigUsage":{"Index":-1,"UsageList":null}}
E0906 15:30:10.983702       1 device_info.go:189] pod volcano-admission-5b979dc8f6-8rdzl has no annotation volcano.sh/devices-to-allocate
E0906 15:30:10.983705       1 device_info.go:189] pod kube-proxy-gwssg has no annotation volcano.sh/devices-to-allocate
E0906 15:30:10.983707       1 device_info.go:189] pod prometheus-deployment-7cb9b4545b-h2fz4 has no annotation volcano.sh/devices-to-allocate
E0906 15:30:10.983709       1 device_info.go:189] pod volcano-controllers-5b976c6d4b-rkqw6 has no annotation volcano.sh/devices-to-allocate
E0906 15:30:10.983711       1 device_info.go:189] pod volcano-scheduler-c7d5bf6df-hhh7c has no annotation volcano.sh/devices-to-allocate
E0906 15:30:10.983714       1 device_info.go:189] pod kindnet-5whpw has no annotation volcano.sh/devices-to-allocate
E0906 15:30:10.983716       1 device_info.go:189] pod mock2-nvml-mock-mtnbp has no annotation volcano.sh/devices-to-allocate
E0906 15:30:10.983718       1 device_info.go:189] pod kube-state-metrics-5ffcdf767c-gf9d5 has no annotation volcano.sh/devices-to-allocate
E0906 15:30:10.983720       1 device_info.go:189] pod volcano-device-plugin-jj26z has no annotation volcano.sh/devices-to-allocate
I0906 15:30:10.983724       1 device_info.go:111] GPU sharing mode:  hami-core
I0906 15:30:10.983727       1 device_info.go:113] "Nvidia Device registered name" name="volcano-lab-worker2" val={"ID":0,"Node":"volcano-lab-worker2","UUID":"GPU-22345678-1234-1234-1234-123456780000","PodMap":{},"Memory":409,"Number":10,"Type":"NVIDIA-NVIDIA A100-SXM4-40GB","Health":true,"UsedNum":0,"UsedMem":0,"UsedCore":0,"MigTemplate":[],"MigUsage":{"Index":-1,"UsageList":null}}
I0906 15:30:10.983733       1 device_info.go:113] "Nvidia Device registered name" name="volcano-lab-worker2" val={"ID":1,"Node":"volcano-lab-worker2","UUID":"GPU-22345678-1234-1234-1234-123456780001","PodMap":{},"Memory":409,"Number":10,"Type":"NVIDIA-NVIDIA A100-SXM4-40GB","Health":true,"UsedNum":0,"UsedMem":0,"UsedCore":0,"MigTemplate":[],"MigUsage":{"Index":-1,"UsageList":null}}
I0906 15:30:10.983739       1 device_info.go:111] GPU sharing mode:  hami-core
I0906 15:30:10.983743       1 device_info.go:113] "Nvidia Device registered name" name="volcano-lab-worker2" val={"ID":0,"Node":"volcano-lab-worker2","UUID":"GPU-22345678-1234-1234-1234-123456780000","PodMap":{},"Memory":409,"Number":10,"Type":"NVIDIA-NVIDIA A100-SXM4-40GB","Health":true,"UsedNum":0,"UsedMem":0,"UsedCore":0,"MigTemplate":[],"MigUsage":{"Index":-1,"UsageList":null}}
I0906 15:30:10.983748       1 device_info.go:113] "Nvidia Device registered name" name="volcano-lab-worker2" val={"ID":1,"Node":"volcano-lab-worker2","UUID":"GPU-22345678-1234-1234-1234-123456780001","PodMap":{},"Memory":409,"Number":10,"Type":"NVIDIA-NVIDIA A100-SXM4-40GB","Health":true,"UsedNum":0,"UsedMem":0,"UsedCore":0,"MigTemplate":[],"MigUsage":{"Index":-1,"UsageList":null}}
E0906 15:30:10.983766       1 device_info.go:189] pod prometheus-deployment-7cb9b4545b-h2fz4 has no annotation volcano.sh/devices-to-allocate
E0906 15:30:10.983769       1 device_info.go:189] pod volcano-admission-5b979dc8f6-8rdzl has no annotation volcano.sh/devices-to-allocate
E0906 15:30:10.983771       1 device_info.go:189] pod kube-proxy-gwssg has no annotation volcano.sh/devices-to-allocate
E0906 15:30:10.983773       1 device_info.go:189] pod volcano-controllers-5b976c6d4b-rkqw6 has no annotation volcano.sh/devices-to-allocate
E0906 15:30:10.983776       1 device_info.go:189] pod volcano-scheduler-c7d5bf6df-hhh7c has no annotation volcano.sh/devices-to-allocate
E0906 15:30:10.983778       1 device_info.go:189] pod kindnet-5whpw has no annotation volcano.sh/devices-to-allocate
E0906 15:30:10.983780       1 device_info.go:189] pod mock2-nvml-mock-mtnbp has no annotation volcano.sh/devices-to-allocate
E0906 15:30:10.983782       1 device_info.go:189] pod kube-state-metrics-5ffcdf767c-gf9d5 has no annotation volcano.sh/devices-to-allocate
E0906 15:30:10.983784       1 device_info.go:189] pod volcano-device-plugin-jj26z has no annotation volcano.sh/devices-to-allocate
I0906 15:30:11.618103       1 device_info.go:111] GPU sharing mode:  hami-core
I0906 15:30:11.618184       1 device_info.go:113] "Nvidia Device registered name" name="volcano-lab-worker" val={"ID":0,"Node":"volcano-lab-worker","UUID":"GPU-12345678-1234-1234-1234-123456780000","PodMap":{},"Memory":409,"Number":10,"Type":"NVIDIA-NVIDIA A100-SXM4-40GB","Health":true,"UsedNum":0,"UsedMem":0,"UsedCore":0,"MigTemplate":[],"MigUsage":{"Index":-1,"UsageList":null}}
I0906 15:30:11.618221       1 device_info.go:113] "Nvidia Device registered name" name="volcano-lab-worker" val={"ID":1,"Node":"volcano-lab-worker","UUID":"GPU-12345678-1234-1234-1234-123456780001","PodMap":{},"Memory":409,"Number":10,"Type":"NVIDIA-NVIDIA A100-SXM4-40GB","Health":true,"UsedNum":0,"UsedMem":0,"UsedCore":0,"MigTemplate":[],"MigUsage":{"Index":-1,"UsageList":null}}
I0906 15:30:11.618243       1 device_info.go:111] GPU sharing mode:  hami-core
I0906 15:30:11.618276       1 device_info.go:113] "Nvidia Device registered name" name="volcano-lab-worker" val={"ID":0,"Node":"volcano-lab-worker","UUID":"GPU-12345678-1234-1234-1234-123456780000","PodMap":{},"Memory":409,"Number":10,"Type":"NVIDIA-NVIDIA A100-SXM4-40GB","Health":true,"UsedNum":0,"UsedMem":0,"UsedCore":0,"MigTemplate":[],"MigUsage":{"Index":-1,"UsageList":null}}
I0906 15:30:11.618296       1 device_info.go:113] "Nvidia Device registered name" name="volcano-lab-worker" val={"ID":1,"Node":"volcano-lab-worker","UUID":"GPU-12345678-1234-1234-1234-123456780001","PodMap":{},"Memory":409,"Number":10,"Type":"NVIDIA-NVIDIA A100-SXM4-40GB","Health":true,"UsedNum":0,"UsedMem":0,"UsedCore":0,"MigTemplate":[],"MigUsage":{"Index":-1,"UsageList":null}}
E0906 15:30:11.618325       1 device_info.go:189] pod kindnet-k2m7h has no annotation volcano.sh/devices-to-allocate
E0906 15:30:11.618340       1 device_info.go:189] pod kube-proxy-btcmr has no annotation volcano.sh/devices-to-allocate
E0906 15:30:11.618354       1 device_info.go:189] pod grafana-7c5659d458-xrbnn has no annotation volcano.sh/devices-to-allocate
E0906 15:30:11.618372       1 device_info.go:189] pod volcano-device-plugin-2sg22 has no annotation volcano.sh/devices-to-allocate
E0906 15:30:11.618385       1 device_info.go:189] pod mock1-nvml-mock-9rgh9 has no annotation volcano.sh/devices-to-allocate
I0906 15:30:11.618462       1 device_info.go:111] GPU sharing mode:  hami-core
I0906 15:30:11.618480       1 device_info.go:113] "Nvidia Device registered name" name="volcano-lab-worker2" val={"ID":0,"Node":"volcano-lab-worker2","UUID":"GPU-22345678-1234-1234-1234-123456780000","PodMap":{},"Memory":409,"Number":10,"Type":"NVIDIA-NVIDIA A100-SXM4-40GB","Health":true,"UsedNum":0,"UsedMem":0,"UsedCore":0,"MigTemplate":[],"MigUsage":{"Index":-1,"UsageList":null}}
I0906 15:30:11.618502       1 device_info.go:113] "Nvidia Device registered name" name="volcano-lab-worker2" val={"ID":1,"Node":"volcano-lab-worker2","UUID":"GPU-22345678-1234-1234-1234-123456780001","PodMap":{},"Memory":409,"Number":10,"Type":"NVIDIA-NVIDIA A100-SXM4-40GB","Health":true,"UsedNum":0,"UsedMem":0,"UsedCore":0,"MigTemplate":[],"MigUsage":{"Index":-1,"UsageList":null}}
I0906 15:30:11.618518       1 device_info.go:111] GPU sharing mode:  hami-core
I0906 15:30:11.618538       1 device_info.go:113] "Nvidia Device registered name" name="volcano-lab-worker2" val={"ID":0,"Node":"volcano-lab-worker2","UUID":"GPU-22345678-1234-1234-1234-123456780000","PodMap":{},"Memory":409,"Number":10,"Type":"NVIDIA-NVIDIA A100-SXM4-40GB","Health":true,"UsedNum":0,"UsedMem":0,"UsedCore":0,"MigTemplate":[],"MigUsage":{"Index":-1,"UsageList":null}}
I0906 15:30:11.618561       1 device_info.go:113] "Nvidia Device registered name" name="volcano-lab-worker2" val={"ID":1,"Node":"volcano-lab-worker2","UUID":"GPU-22345678-1234-1234-1234-123456780001","PodMap":{},"Memory":409,"Number":10,"Type":"NVIDIA-NVIDIA A100-SXM4-40GB","Health":true,"UsedNum":0,"UsedMem":0,"UsedCore":0,"MigTemplate":[],"MigUsage":{"Index":-1,"UsageList":null}}
E0906 15:30:11.618581       1 device_info.go:189] pod prometheus-deployment-7cb9b4545b-h2fz4 has no annotation volcano.sh/devices-to-allocate
E0906 15:30:11.618595       1 device_info.go:189] pod volcano-admission-5b979dc8f6-8rdzl has no annotation volcano.sh/devices-to-allocate
E0906 15:30:11.618604       1 device_info.go:189] pod kube-proxy-gwssg has no annotation volcano.sh/devices-to-allocate
E0906 15:30:11.618614       1 device_info.go:189] pod volcano-controllers-5b976c6d4b-rkqw6 has no annotation volcano.sh/devices-to-allocate
E0906 15:30:11.618628       1 device_info.go:189] pod volcano-scheduler-c7d5bf6df-hhh7c has no annotation volcano.sh/devices-to-allocate
E0906 15:30:11.618645       1 device_info.go:189] pod kindnet-5whpw has no annotation volcano.sh/devices-to-allocate
E0906 15:30:11.618655       1 device_info.go:189] pod mock2-nvml-mock-mtnbp has no annotation volcano.sh/devices-to-allocate
E0906 15:30:11.618663       1 device_info.go:189] pod kube-state-metrics-5ffcdf767c-gf9d5 has no annotation volcano.sh/devices-to-allocate
E0906 15:30:11.618672       1 device_info.go:189] pod volcano-device-plugin-jj26z has no annotation volcano.sh/devices-to-allocate
I0906 15:30:11.618784       1 cache.go:1581] "SnapShot for scheduling" jobNum=0 QueueNum=3 NodeNum=3
I0906 15:30:11.618796       1 session.go:1036] Start adjusting jobs' network topology spec according to hyperNodeTierNameMap map[]
I0906 15:30:11.618802       1 session.go:1079] Finish adjusting jobs' network topology spec according to hyperNodeTierNameMap map[]
I0906 15:30:11.618809       1 session.go:279] Open Session 6fe35e3b-ec5f-4ac5-a6d5-04ddc521d347 with <0> Job and <3> Queues. HyperNodesReadyToSchedule: true
I0906 15:30:11.619005       1 gpuexclusive.go:437] gpuexclusive: no rules configured, skipping GPU exclusivity wrapping
I0906 15:30:11.619016       1 enqueue.go:79] Try to enqueue PodGroup to 0 Queues
I0906 15:30:11.619022       1 reclaim.go:68] There are <0> Jobs and <3> Queues in total for scheduling.
I0906 15:30:11.619028       1 allocate.go:138] Try to allocate resource to 0 Queues
I0906 15:30:11.619065       1 session.go:577] Close Session 6fe35e3b-ec5f-4ac5-a6d5-04ddc521d347
I0906 15:30:12.619203       1 device_info.go:111] GPU sharing mode:  hami-core
I0906 15:30:12.619237       1 device_info.go:113] "Nvidia Device registered name" name="volcano-lab-worker" val={"ID":0,"Node":"volcano-lab-worker","UUID":"GPU-12345678-1234-1234-1234-123456780000","PodMap":{},"Memory":409,"Number":10,"Type":"NVIDIA-NVIDIA A100-SXM4-40GB","Health":true,"UsedNum":0,"UsedMem":0,"UsedCore":0,"MigTemplate":[],"MigUsage":{"Index":-1,"UsageList":null}}
I0906 15:30:12.619260       1 device_info.go:113] "Nvidia Device registered name" name="volcano-lab-worker" val={"ID":1,"Node":"volcano-lab-worker","UUID":"GPU-12345678-1234-1234-1234-123456780001","PodMap":{},"Memory":409,"Number":10,"Type":"NVIDIA-NVIDIA A100-SXM4-40GB","Health":true,"UsedNum":0,"UsedMem":0,"UsedCore":0,"MigTemplate":[],"MigUsage":{"Index":-1,"UsageList":null}}
I0906 15:30:12.619279       1 device_info.go:111] GPU sharing mode:  hami-core
I0906 15:30:12.619292       1 device_info.go:113] "Nvidia Device registered name" name="volcano-lab-worker" val={"ID":0,"Node":"volcano-lab-worker","UUID":"GPU-12345678-1234-1234-1234-123456780000","PodMap":{},"Memory":409,"Number":10,"Type":"NVIDIA-NVIDIA A100-SXM4-40GB","Health":true,"UsedNum":0,"UsedMem":0,"UsedCore":0,"MigTemplate":[],"MigUsage":{"Index":-1,"UsageList":null}}
I0906 15:30:12.619309       1 device_info.go:113] "Nvidia Device registered name" name="volcano-lab-worker" val={"ID":1,"Node":"volcano-lab-worker","UUID":"GPU-12345678-1234-1234-1234-123456780001","PodMap":{},"Memory":409,"Number":10,"Type":"NVIDIA-NVIDIA A100-SXM4-40GB","Health":true,"UsedNum":0,"UsedMem":0,"UsedCore":0,"MigTemplate":[],"MigUsage":{"Index":-1,"UsageList":null}}
E0906 15:30:12.619339       1 device_info.go:189] pod mock1-nvml-mock-9rgh9 has no annotation volcano.sh/devices-to-allocate
E0906 15:30:12.619352       1 device_info.go:189] pod kindnet-k2m7h has no annotation volcano.sh/devices-to-allocate
E0906 15:30:12.619361       1 device_info.go:189] pod kube-proxy-btcmr has no annotation volcano.sh/devices-to-allocate
E0906 15:30:12.619371       1 device_info.go:189] pod grafana-7c5659d458-xrbnn has no annotation volcano.sh/devices-to-allocate
E0906 15:30:12.619382       1 device_info.go:189] pod volcano-device-plugin-2sg22 has no annotation volcano.sh/devices-to-allocate
I0906 15:30:12.619438       1 device_info.go:111] GPU sharing mode:  hami-core
I0906 15:30:12.619456       1 device_info.go:113] "Nvidia Device registered name" name="volcano-lab-worker2" val={"ID":0,"Node":"volcano-lab-worker2","UUID":"GPU-22345678-1234-1234-1234-123456780000","PodMap":{},"Memory":409,"Number":10,"Type":"NVIDIA-NVIDIA A100-SXM4-40GB","Health":true,"UsedNum":0,"UsedMem":0,"UsedCore":0,"MigTemplate":[],"MigUsage":{"Index":-1,"UsageList":null}}
I0906 15:30:12.619478       1 device_info.go:113] "Nvidia Device registered name" name="volcano-lab-worker2" val={"ID":1,"Node":"volcano-lab-worker2","UUID":"GPU-22345678-1234-1234-1234-123456780001","PodMap":{},"Memory":409,"Number":10,"Type":"NVIDIA-NVIDIA A100-SXM4-40GB","Health":true,"UsedNum":0,"UsedMem":0,"UsedCore":0,"MigTemplate":[],"MigUsage":{"Index":-1,"UsageList":null}}
I0906 15:30:12.619494       1 device_info.go:111] GPU sharing mode:  hami-core
I0906 15:30:12.619509       1 device_info.go:113] "Nvidia Device registered name" name="volcano-lab-worker2" val={"ID":0,"Node":"volcano-lab-worker2","UUID":"GPU-22345678-1234-1234-1234-123456780000","PodMap":{},"Memory":409,"Number":10,"Type":"NVIDIA-NVIDIA A100-SXM4-40GB","Health":true,"UsedNum":0,"UsedMem":0,"UsedCore":0,"MigTemplate":[],"MigUsage":{"Index":-1,"UsageList":null}}
I0906 15:30:12.619530       1 device_info.go:113] "Nvidia Device registered name" name="volcano-lab-worker2" val={"ID":1,"Node":"volcano-lab-worker2","UUID":"GPU-22345678-1234-1234-1234-123456780001","PodMap":{},"Memory":409,"Number":10,"Type":"NVIDIA-NVIDIA A100-SXM4-40GB","Health":true,"UsedNum":0,"UsedMem":0,"UsedCore":0,"MigTemplate":[],"MigUsage":{"Index":-1,"UsageList":null}}
E0906 15:30:12.619554       1 device_info.go:189] pod volcano-controllers-5b976c6d4b-rkqw6 has no annotation volcano.sh/devices-to-allocate
E0906 15:30:12.619568       1 device_info.go:189] pod volcano-scheduler-c7d5bf6df-hhh7c has no annotation volcano.sh/devices-to-allocate
E0906 15:30:12.619575       1 device_info.go:189] pod kindnet-5whpw has no annotation volcano.sh/devices-to-allocate
E0906 15:30:12.619583       1 device_info.go:189] pod mock2-nvml-mock-mtnbp has no annotation volcano.sh/devices-to-allocate
E0906 15:30:12.619593       1 device_info.go:189] pod kube-state-metrics-5ffcdf767c-gf9d5 has no annotation volcano.sh/devices-to-allocate
E0906 15:30:12.619603       1 device_info.go:189] pod volcano-device-plugin-jj26z has no annotation volcano.sh/devices-to-allocate
E0906 15:30:12.619613       1 device_info.go:189] pod prometheus-deployment-7cb9b4545b-h2fz4 has no annotation volcano.sh/devices-to-allocate
E0906 15:30:12.619623       1 device_info.go:189] pod volcano-admission-5b979dc8f6-8rdzl has no annotation volcano.sh/devices-to-allocate
E0906 15:30:12.619633       1 device_info.go:189] pod kube-proxy-gwssg has no annotation volcano.sh/devices-to-allocate
I0906 15:30:12.619784       1 cache.go:1581] "SnapShot for scheduling" jobNum=1 QueueNum=3 NodeNum=3
I0906 15:30:12.619806       1 session.go:1036] Start adjusting jobs' network topology spec according to hyperNodeTierNameMap map[]
I0906 15:30:12.619819       1 session.go:1079] Finish adjusting jobs' network topology spec according to hyperNodeTierNameMap map[]
I0906 15:30:12.619838       1 session.go:279] Open Session 7057db2c-8b57-48fd-86b8-f12af22729ce with <1> Job and <3> Queues. HyperNodesReadyToSchedule: true
I0906 15:30:12.620293       1 gpuexclusive.go:437] gpuexclusive: no rules configured, skipping GPU exclusivity wrapping
I0906 15:30:12.620319       1 enqueue.go:79] Try to enqueue PodGroup to 1 Queues
I0906 15:30:12.620351       1 reclaim.go:68] There are <1> Jobs and <3> Queues in total for scheduling.
I0906 15:30:12.620365       1 allocate.go:138] Try to allocate resource to 0 Queues
I0906 15:30:12.638348       1 session.go:577] Close Session 7057db2c-8b57-48fd-86b8-f12af22729ce
I0906 15:30:12.649320       1 event_handlers.go:421] Added pod <volcano-tests/after-heartbeat-1-worker-1> into cache.
I0906 15:30:12.649349       1 event_handlers.go:421] Added pod <volcano-tests/after-heartbeat-1-worker-0> into cache.
I0906 15:30:13.639439       1 device_info.go:111] GPU sharing mode:  hami-core
I0906 15:30:13.639498       1 device_info.go:113] "Nvidia Device registered name" name="volcano-lab-worker" val={"ID":1,"Node":"volcano-lab-worker","UUID":"GPU-12345678-1234-1234-1234-123456780001","PodMap":{},"Memory":409,"Number":10,"Type":"NVIDIA-NVIDIA A100-SXM4-40GB","Health":true,"UsedNum":0,"UsedMem":0,"UsedCore":0,"MigTemplate":[],"MigUsage":{"Index":-1,"UsageList":null}}
I0906 15:30:13.639551       1 device_info.go:113] "Nvidia Device registered name" name="volcano-lab-worker" val={"ID":0,"Node":"volcano-lab-worker","UUID":"GPU-12345678-1234-1234-1234-123456780000","PodMap":{},"Memory":409,"Number":10,"Type":"NVIDIA-NVIDIA A100-SXM4-40GB","Health":true,"UsedNum":0,"UsedMem":0,"UsedCore":0,"MigTemplate":[],"MigUsage":{"Index":-1,"UsageList":null}}
I0906 15:30:13.639577       1 device_info.go:111] GPU sharing mode:  hami-core
I0906 15:30:13.639593       1 device_info.go:113] "Nvidia Device registered name" name="volcano-lab-worker" val={"ID":0,"Node":"volcano-lab-worker","UUID":"GPU-12345678-1234-1234-1234-123456780000","PodMap":{},"Memory":409,"Number":10,"Type":"NVIDIA-NVIDIA A100-SXM4-40GB","Health":true,"UsedNum":0,"UsedMem":0,"UsedCore":0,"MigTemplate":[],"MigUsage":{"Index":-1,"UsageList":null}}
I0906 15:30:13.639607       1 device_info.go:113] "Nvidia Device registered name" name="volcano-lab-worker" val={"ID":1,"Node":"volcano-lab-worker","UUID":"GPU-12345678-1234-1234-1234-123456780001","PodMap":{},"Memory":409,"Number":10,"Type":"NVIDIA-NVIDIA A100-SXM4-40GB","Health":true,"UsedNum":0,"UsedMem":0,"UsedCore":0,"MigTemplate":[],"MigUsage":{"Index":-1,"UsageList":null}}
E0906 15:30:13.639635       1 device_info.go:189] pod kindnet-k2m7h has no annotation volcano.sh/devices-to-allocate
E0906 15:30:13.639651       1 device_info.go:189] pod kube-proxy-btcmr has no annotation volcano.sh/devices-to-allocate
E0906 15:30:13.639662       1 device_info.go:189] pod grafana-7c5659d458-xrbnn has no annotation volcano.sh/devices-to-allocate
E0906 15:30:13.639672       1 device_info.go:189] pod volcano-device-plugin-2sg22 has no annotation volcano.sh/devices-to-allocate
E0906 15:30:13.639682       1 device_info.go:189] pod mock1-nvml-mock-9rgh9 has no annotation volcano.sh/devices-to-allocate
I0906 15:30:13.639750       1 device_info.go:111] GPU sharing mode:  hami-core
I0906 15:30:13.639767       1 device_info.go:113] "Nvidia Device registered name" name="volcano-lab-worker2" val={"ID":0,"Node":"volcano-lab-worker2","UUID":"GPU-22345678-1234-1234-1234-123456780000","PodMap":{},"Memory":409,"Number":10,"Type":"NVIDIA-NVIDIA A100-SXM4-40GB","Health":true,"UsedNum":0,"UsedMem":0,"UsedCore":0,"MigTemplate":[],"MigUsage":{"Index":-1,"UsageList":null}}
I0906 15:30:13.639789       1 device_info.go:113] "Nvidia Device registered name" name="volcano-lab-worker2" val={"ID":1,"Node":"volcano-lab-worker2","UUID":"GPU-22345678-1234-1234-1234-123456780001","PodMap":{},"Memory":409,"Number":10,"Type":"NVIDIA-NVIDIA A100-SXM4-40GB","Health":true,"UsedNum":0,"UsedMem":0,"UsedCore":0,"MigTemplate":[],"MigUsage":{"Index":-1,"UsageList":null}}
I0906 15:30:13.639815       1 device_info.go:111] GPU sharing mode:  hami-core
I0906 15:30:13.639844       1 device_info.go:113] "Nvidia Device registered name" name="volcano-lab-worker2" val={"ID":0,"Node":"volcano-lab-worker2","UUID":"GPU-22345678-1234-1234-1234-123456780000","PodMap":{},"Memory":409,"Number":10,"Type":"NVIDIA-NVIDIA A100-SXM4-40GB","Health":true,"UsedNum":0,"UsedMem":0,"UsedCore":0,"MigTemplate":[],"MigUsage":{"Index":-1,"UsageList":null}}
I0906 15:30:13.639867       1 device_info.go:113] "Nvidia Device registered name" name="volcano-lab-worker2" val={"ID":1,"Node":"volcano-lab-worker2","UUID":"GPU-22345678-1234-1234-1234-123456780001","PodMap":{},"Memory":409,"Number":10,"Type":"NVIDIA-NVIDIA A100-SXM4-40GB","Health":true,"UsedNum":0,"UsedMem":0,"UsedCore":0,"MigTemplate":[],"MigUsage":{"Index":-1,"UsageList":null}}
E0906 15:30:13.639887       1 device_info.go:189] pod prometheus-deployment-7cb9b4545b-h2fz4 has no annotation volcano.sh/devices-to-allocate
E0906 15:30:13.639901       1 device_info.go:189] pod volcano-admission-5b979dc8f6-8rdzl has no annotation volcano.sh/devices-to-allocate
E0906 15:30:13.639911       1 device_info.go:189] pod kube-proxy-gwssg has no annotation volcano.sh/devices-to-allocate
E0906 15:30:13.639923       1 device_info.go:189] pod volcano-controllers-5b976c6d4b-rkqw6 has no annotation volcano.sh/devices-to-allocate
E0906 15:30:13.639933       1 device_info.go:189] pod volcano-scheduler-c7d5bf6df-hhh7c has no annotation volcano.sh/devices-to-allocate
E0906 15:30:13.639942       1 device_info.go:189] pod kindnet-5whpw has no annotation volcano.sh/devices-to-allocate
E0906 15:30:13.639951       1 device_info.go:189] pod mock2-nvml-mock-mtnbp has no annotation volcano.sh/devices-to-allocate
E0906 15:30:13.639959       1 device_info.go:189] pod kube-state-metrics-5ffcdf767c-gf9d5 has no annotation volcano.sh/devices-to-allocate
E0906 15:30:13.639968       1 device_info.go:189] pod volcano-device-plugin-jj26z has no annotation volcano.sh/devices-to-allocate
I0906 15:30:13.640207       1 cache.go:1581] "SnapShot for scheduling" jobNum=1 QueueNum=3 NodeNum=3
I0906 15:30:13.640240       1 session.go:1036] Start adjusting jobs' network topology spec according to hyperNodeTierNameMap map[]
I0906 15:30:13.640257       1 session.go:1079] Finish adjusting jobs' network topology spec according to hyperNodeTierNameMap map[]
I0906 15:30:13.640279       1 session.go:279] Open Session 4acff0b0-db19-4100-97cd-c7be47f68da8 with <1> Job and <3> Queues. HyperNodesReadyToSchedule: true
I0906 15:30:13.640889       1 gpuexclusive.go:437] gpuexclusive: no rules configured, skipping GPU exclusivity wrapping
I0906 15:30:13.640905       1 enqueue.go:79] Try to enqueue PodGroup to 0 Queues
I0906 15:30:13.640919       1 reclaim.go:68] There are <1> Jobs and <3> Queues in total for scheduling.
I0906 15:30:13.640931       1 reclaim.go:140] Considering reclaim for 2 tasks of job <volcano-tests/after-heartbeat-1-2529ebaa-c03f-4177-a47d-7d62359abbb4>.
I0906 15:30:13.640977       1 predicate_helper.go:115] Predicates failed: task volcano-tests/after-heartbeat-1-worker-0 on node volcano-lab-control-plane fit failed: node(s) had untolerated taint(s)
I0906 15:30:13.641000       1 util.go:238] counts= [{1 NVIDIA 30 101 20}]
I0906 15:30:13.641007       1 util.go:238] counts= [{1 NVIDIA 30 101 20}]
I0906 15:30:13.641061       1 utils.go:399] "Allocating device for container" request={"Nums":1,"Type":"NVIDIA","Memreq":30,"MemPercentagereq":101,"Coresreq":20}
I0906 15:30:13.641076       1 utils.go:402] "Scoring pod request" memReq=30 memPercentageReq=101 coresReq=20 Nums=1 Index=0 ID=0
I0906 15:30:13.641086       1 utils.go:403] "Current Device" Index=0 TotalMemory=409 UsedMemory=0 UsedCores=0 UsedNum=0 Number=10 replicate=true
I0906 15:30:13.641091       1 utils.go:449] fitted uuid: GPU-12345678-1234-1234-1234-123456780000
I0906 15:30:13.641107       1 utils.go:399] "Allocating device for container" request={"Nums":1,"Type":"NVIDIA","Memreq":30,"MemPercentagereq":101,"Coresreq":20}
I0906 15:30:13.641113       1 utils.go:402] "Scoring pod request" memReq=30 memPercentageReq=101 coresReq=20 Nums=1 Index=0 ID=0
I0906 15:30:13.641117       1 utils.go:403] "Current Device" Index=0 TotalMemory=409 UsedMemory=0 UsedCores=0 UsedNum=0 Number=10 replicate=true
I0906 15:30:13.641122       1 utils.go:449] fitted uuid: GPU-22345678-1234-1234-1234-123456780000
I0906 15:30:13.641131       1 reclaim.go:185] Considering Task <volcano-tests/after-heartbeat-1-worker-0> on Node <volcano-lab-worker>.
I0906 15:30:13.641136       1 reclaim.go:185] Considering Task <volcano-tests/after-heartbeat-1-worker-0> on Node <volcano-lab-worker2>.
I0906 15:30:13.641143       1 reclaim.go:140] Considering reclaim for 1 tasks of job <volcano-tests/after-heartbeat-1-2529ebaa-c03f-4177-a47d-7d62359abbb4>.
I0906 15:30:13.641175       1 predicate_helper.go:115] Predicates failed: task volcano-tests/after-heartbeat-1-worker-1 on node volcano-lab-control-plane fit failed: node(s) had untolerated taint(s)
I0906 15:30:13.641188       1 util.go:238] counts= [{1 NVIDIA 30 101 20}]
I0906 15:30:13.641192       1 util.go:238] counts= [{1 NVIDIA 30 101 20}]
I0906 15:30:13.641203       1 utils.go:399] "Allocating device for container" request={"Nums":1,"Type":"NVIDIA","Memreq":30,"MemPercentagereq":101,"Coresreq":20}
I0906 15:30:13.641203       1 utils.go:399] "Allocating device for container" request={"Nums":1,"Type":"NVIDIA","Memreq":30,"MemPercentagereq":101,"Coresreq":20}
I0906 15:30:13.641211       1 utils.go:402] "Scoring pod request" memReq=30 memPercentageReq=101 coresReq=20 Nums=1 Index=0 ID=0
I0906 15:30:13.641218       1 utils.go:403] "Current Device" Index=0 TotalMemory=409 UsedMemory=0 UsedCores=0 UsedNum=0 Number=10 replicate=true
I0906 15:30:13.641217       1 utils.go:402] "Scoring pod request" memReq=30 memPercentageReq=101 coresReq=20 Nums=1 Index=0 ID=0
I0906 15:30:13.641223       1 utils.go:449] fitted uuid: GPU-22345678-1234-1234-1234-123456780000
I0906 15:30:13.641231       1 utils.go:403] "Current Device" Index=0 TotalMemory=409 UsedMemory=0 UsedCores=0 UsedNum=0 Number=10 replicate=true
I0906 15:30:13.641240       1 utils.go:449] fitted uuid: GPU-12345678-1234-1234-1234-123456780000
I0906 15:30:13.641252       1 reclaim.go:185] Considering Task <volcano-tests/after-heartbeat-1-worker-1> on Node <volcano-lab-worker2>.
I0906 15:30:13.641258       1 reclaim.go:185] Considering Task <volcano-tests/after-heartbeat-1-worker-1> on Node <volcano-lab-worker>.
I0906 15:30:13.641266       1 reclaim.go:135] No preemptor task in job <volcano-tests/after-heartbeat-1-2529ebaa-c03f-4177-a47d-7d62359abbb4>.
I0906 15:30:13.641271       1 statement.go:366] Discarding operations ...
I0906 15:30:13.641286       1 allocate.go:138] Try to allocate resource to 1 Queues
I0906 15:30:13.641296       1 allocate.go:328] "Try to allocate resource" queue="lab" job="volcano-tests/after-heartbeat-1-2529ebaa-c03f-4177-a47d-7d62359abbb4" taskNum=2
I0906 15:30:13.641306       1 allocate.go:757] There are <3> nodes for Job <volcano-tests/after-heartbeat-1-2529ebaa-c03f-4177-a47d-7d62359abbb4>
I0906 15:30:13.641335       1 predicate_helper.go:115] Predicates failed: task volcano-tests/after-heartbeat-1-worker-0 on node volcano-lab-control-plane fit failed: Insufficient volcano.sh/vgpu-memory
I0906 15:30:13.641358       1 util.go:238] counts= [{1 NVIDIA 30 101 20}]
I0906 15:30:13.641361       1 util.go:238] counts= [{1 NVIDIA 30 101 20}]
I0906 15:30:13.641366       1 utils.go:399] "Allocating device for container" request={"Nums":1,"Type":"NVIDIA","Memreq":30,"MemPercentagereq":101,"Coresreq":20}
I0906 15:30:13.641371       1 utils.go:402] "Scoring pod request" memReq=30 memPercentageReq=101 coresReq=20 Nums=1 Index=0 ID=0
I0906 15:30:13.641372       1 utils.go:399] "Allocating device for container" request={"Nums":1,"Type":"NVIDIA","Memreq":30,"MemPercentagereq":101,"Coresreq":20}
I0906 15:30:13.641377       1 utils.go:403] "Current Device" Index=0 TotalMemory=409 UsedMemory=0 UsedCores=0 UsedNum=0 Number=10 replicate=true
I0906 15:30:13.641379       1 utils.go:402] "Scoring pod request" memReq=30 memPercentageReq=101 coresReq=20 Nums=1 Index=0 ID=0
I0906 15:30:13.641381       1 utils.go:449] fitted uuid: GPU-22345678-1234-1234-1234-123456780000
I0906 15:30:13.641385       1 utils.go:403] "Current Device" Index=0 TotalMemory=409 UsedMemory=0 UsedCores=0 UsedNum=0 Number=10 replicate=true
I0906 15:30:13.641389       1 utils.go:449] fitted uuid: GPU-12345678-1234-1234-1234-123456780000
I0906 15:30:13.641545       1 allocate.go:934] Binding Task <volcano-tests/after-heartbeat-1-worker-0> to node <volcano-lab-worker>
E0906 15:30:13.641562       1 device_info.go:189] pod after-heartbeat-1-worker-0 has no annotation volcano.sh/devices-to-allocate
I0906 15:30:13.641569       1 statement.go:277] After allocated Task <volcano-tests/after-heartbeat-1-worker-0> to Node <volcano-lab-worker>: idle <cpu 11290.00, memory 27959619584.00, ephemeral-storage 1005867986944000.00, hugepages-1Gi 0.00, hugepages-2Mi 0.00, pods 104.00, volcano.sh/vgpu-cores 180000.00, volcano.sh/vgpu-memory 788000.00, volcano.sh/vgpu-number 19000.00>, used <cpu 710.00, memory 1193279488.00, pods 6.00, volcano.sh/vgpu-cores 20000.00, volcano.sh/vgpu-memory 30000.00, volcano.sh/vgpu-number 1000.00>, releasing <cpu 0.00, memory 0.00>
I0906 15:30:13.641622       1 util.go:238] counts= [{1 NVIDIA 30 101 20}]
I0906 15:30:13.641633       1 utils.go:399] "Allocating device for container" request={"Nums":1,"Type":"NVIDIA","Memreq":30,"MemPercentagereq":101,"Coresreq":20}
I0906 15:30:13.641643       1 utils.go:402] "Scoring pod request" memReq=30 memPercentageReq=101 coresReq=20 Nums=1 Index=0 ID=0
I0906 15:30:13.641652       1 utils.go:403] "Current Device" Index=0 TotalMemory=409 UsedMemory=0 UsedCores=0 UsedNum=0 Number=10 replicate=false
I0906 15:30:13.641659       1 utils.go:449] fitted uuid: GPU-12345678-1234-1234-1234-123456780000
I0906 15:30:13.649931       1 device_info.go:343] DeviceSharing:Allocate Success
I0906 15:30:13.649994       1 statement.go:307] Allocating operations ...
I0906 15:30:13.650027       1 allocate.go:757] There are <3> nodes for Job <volcano-tests/after-heartbeat-1-2529ebaa-c03f-4177-a47d-7d62359abbb4>
I0906 15:30:13.650116       1 util.go:238] counts= [{1 NVIDIA 30 101 20}]
I0906 15:30:13.650139       1 utils.go:399] "Allocating device for container" request={"Nums":1,"Type":"NVIDIA","Memreq":30,"MemPercentagereq":101,"Coresreq":20}
I0906 15:30:13.650152       1 utils.go:402] "Scoring pod request" memReq=30 memPercentageReq=101 coresReq=20 Nums=1 Index=1 ID=1
I0906 15:30:13.650161       1 utils.go:403] "Current Device" Index=1 TotalMemory=409 UsedMemory=0 UsedCores=0 UsedNum=0 Number=10 replicate=true
I0906 15:30:13.650166       1 utils.go:449] fitted uuid: GPU-12345678-1234-1234-1234-123456780001
I0906 15:30:13.650116       1 util.go:238] counts= [{1 NVIDIA 30 101 20}]
I0906 15:30:13.650179       1 utils.go:399] "Allocating device for container" request={"Nums":1,"Type":"NVIDIA","Memreq":30,"MemPercentagereq":101,"Coresreq":20}
I0906 15:30:13.650189       1 utils.go:402] "Scoring pod request" memReq=30 memPercentageReq=101 coresReq=20 Nums=1 Index=0 ID=0
I0906 15:30:13.650195       1 utils.go:403] "Current Device" Index=0 TotalMemory=409 UsedMemory=0 UsedCores=0 UsedNum=0 Number=10 replicate=true
I0906 15:30:13.650200       1 utils.go:449] fitted uuid: GPU-22345678-1234-1234-1234-123456780000
I0906 15:30:13.650320       1 allocate.go:934] Binding Task <volcano-tests/after-heartbeat-1-worker-1> to node <volcano-lab-worker>
E0906 15:30:13.650335       1 device_info.go:189] pod after-heartbeat-1-worker-1 has no annotation volcano.sh/devices-to-allocate
I0906 15:30:13.650339       1 statement.go:277] After allocated Task <volcano-tests/after-heartbeat-1-worker-1> to Node <volcano-lab-worker>: idle <cpu 11190.00, memory 27926065152.00, ephemeral-storage 1005867986944000.00, hugepages-1Gi 0.00, hugepages-2Mi 0.00, pods 103.00, volcano.sh/vgpu-cores 160000.00, volcano.sh/vgpu-memory 758000.00, volcano.sh/vgpu-number 18000.00>, used <cpu 810.00, memory 1226833920.00, pods 7.00, volcano.sh/vgpu-cores 40000.00, volcano.sh/vgpu-memory 60000.00, volcano.sh/vgpu-number 2000.00>, releasing <cpu 0.00, memory 0.00>
I0906 15:30:13.650383       1 util.go:238] counts= [{1 NVIDIA 30 101 20}]
I0906 15:30:13.650392       1 utils.go:399] "Allocating device for container" request={"Nums":1,"Type":"NVIDIA","Memreq":30,"MemPercentagereq":101,"Coresreq":20}
I0906 15:30:13.650399       1 utils.go:402] "Scoring pod request" memReq=30 memPercentageReq=101 coresReq=20 Nums=1 Index=1 ID=1
I0906 15:30:13.650405       1 utils.go:403] "Current Device" Index=1 TotalMemory=409 UsedMemory=0 UsedCores=0 UsedNum=0 Number=10 replicate=false
I0906 15:30:13.650411       1 utils.go:449] fitted uuid: GPU-12345678-1234-1234-1234-123456780001
I0906 15:30:13.658626       1 device_info.go:343] DeviceSharing:Allocate Success
I0906 15:30:13.658763       1 statement.go:307] Allocating operations ...
I0906 15:30:13.658827       1 allocate.go:833] "SubJob ready, return statement" job="volcano-tests/after-heartbeat-1-2529ebaa-c03f-4177-a47d-7d62359abbb4" subJob="volcano-tests/after-heartbeat-1-2529ebaa-c03f-4177-a47d-7d62359abbb4"
I0906 15:30:13.658849       1 statement.go:393] Committing operations ...
E0906 15:30:13.658903       1 device_info.go:189] pod after-heartbeat-1-worker-1 has no annotation volcano.sh/devices-to-allocate
I0906 15:30:13.658915       1 proportion.go:326] Queue <lab> is overused: deserved <cpu 200.00, memory 67108864.00, ephemeral-storage 0.00, hugepages-1Gi 0.00, hugepages-2Mi 0.00, pods 2.00, volcano.sh/vgpu-cores 40000.00, volcano.sh/vgpu-memory 60000.00, volcano.sh/vgpu-number 2000.00>, allocated <cpu 200.00, memory 67108864.00, pods 2.00, volcano.sh/vgpu-cores 40000.00, volcano.sh/vgpu-memory 60000.00, volcano.sh/vgpu-number 2000.00>, share <1>
I0906 15:30:13.658932       1 allocate.go:295] Queue <lab> is overused, ignore it.
E0906 15:30:13.667512       1 device_info.go:159] pod after-heartbeat-1-worker-0 has no annotation volcano.sh/devices-to-allocate
E0906 15:30:13.667525       1 device_info.go:159] pod after-heartbeat-1-worker-1 has no annotation volcano.sh/devices-to-allocate
I0906 15:30:13.681071       1 cache.go:992] bind ok, latency 7.578795ms
I0906 15:30:13.681575       1 cache.go:992] bind ok, latency 8.091097ms
I0906 15:30:13.685240       1 session.go:577] Close Session 4acff0b0-db19-4100-97cd-c7be47f68da8
I0906 15:30:14.410089       1 cache.go:1758] The metrics type is not set in the volcano scheduler configmap file. As a result, the CPU and memory load information of the node is not collected.
I0906 15:30:14.685415       1 device_info.go:111] GPU sharing mode:  hami-core
I0906 15:30:14.685445       1 device_info.go:113] "Nvidia Device registered name" name="volcano-lab-worker" val={"ID":0,"Node":"volcano-lab-worker","UUID":"GPU-12345678-1234-1234-1234-123456780000","PodMap":{},"Memory":409,"Number":10,"Type":"NVIDIA-NVIDIA A100-SXM4-40GB","Health":true,"UsedNum":0,"UsedMem":0,"UsedCore":0,"MigTemplate":[],"MigUsage":{"Index":-1,"UsageList":null}}
I0906 15:30:14.685467       1 device_info.go:113] "Nvidia Device registered name" name="volcano-lab-worker" val={"ID":1,"Node":"volcano-lab-worker","UUID":"GPU-12345678-1234-1234-1234-123456780001","PodMap":{},"Memory":409,"Number":10,"Type":"NVIDIA-NVIDIA A100-SXM4-40GB","Health":true,"UsedNum":0,"UsedMem":0,"UsedCore":0,"MigTemplate":[],"MigUsage":{"Index":-1,"UsageList":null}}
I0906 15:30:14.685482       1 device_info.go:111] GPU sharing mode:  hami-core
I0906 15:30:14.685491       1 device_info.go:113] "Nvidia Device registered name" name="volcano-lab-worker" val={"ID":0,"Node":"volcano-lab-worker","UUID":"GPU-12345678-1234-1234-1234-123456780000","PodMap":{},"Memory":409,"Number":10,"Type":"NVIDIA-NVIDIA A100-SXM4-40GB","Health":true,"UsedNum":0,"UsedMem":0,"UsedCore":0,"MigTemplate":[],"MigUsage":{"Index":-1,"UsageList":null}}
I0906 15:30:14.685500       1 device_info.go:113] "Nvidia Device registered name" name="volcano-lab-worker" val={"ID":1,"Node":"volcano-lab-worker","UUID":"GPU-12345678-1234-1234-1234-123456780001","PodMap":{},"Memory":409,"Number":10,"Type":"NVIDIA-NVIDIA A100-SXM4-40GB","Health":true,"UsedNum":0,"UsedMem":0,"UsedCore":0,"MigTemplate":[],"MigUsage":{"Index":-1,"UsageList":null}}
E0906 15:30:14.685526       1 device_info.go:189] pod kindnet-k2m7h has no annotation volcano.sh/devices-to-allocate
E0906 15:30:14.685533       1 device_info.go:189] pod kube-proxy-btcmr has no annotation volcano.sh/devices-to-allocate
E0906 15:30:14.685539       1 device_info.go:189] pod grafana-7c5659d458-xrbnn has no annotation volcano.sh/devices-to-allocate
E0906 15:30:14.685545       1 device_info.go:189] pod volcano-device-plugin-2sg22 has no annotation volcano.sh/devices-to-allocate
E0906 15:30:14.685553       1 device_info.go:189] pod mock1-nvml-mock-9rgh9 has no annotation volcano.sh/devices-to-allocate
I0906 15:30:14.685590       1 device_info.go:111] GPU sharing mode:  hami-core
I0906 15:30:14.685599       1 device_info.go:113] "Nvidia Device registered name" name="volcano-lab-worker2" val={"ID":0,"Node":"volcano-lab-worker2","UUID":"GPU-22345678-1234-1234-1234-123456780000","PodMap":{},"Memory":409,"Number":10,"Type":"NVIDIA-NVIDIA A100-SXM4-40GB","Health":true,"UsedNum":0,"UsedMem":0,"UsedCore":0,"MigTemplate":[],"MigUsage":{"Index":-1,"UsageList":null}}
I0906 15:30:14.685626       1 device_info.go:113] "Nvidia Device registered name" name="volcano-lab-worker2" val={"ID":1,"Node":"volcano-lab-worker2","UUID":"GPU-22345678-1234-1234-1234-123456780001","PodMap":{},"Memory":409,"Number":10,"Type":"NVIDIA-NVIDIA A100-SXM4-40GB","Health":true,"UsedNum":0,"UsedMem":0,"UsedCore":0,"MigTemplate":[],"MigUsage":{"Index":-1,"UsageList":null}}
I0906 15:30:14.685636       1 device_info.go:111] GPU sharing mode:  hami-core
I0906 15:30:14.685643       1 device_info.go:113] "Nvidia Device registered name" name="volcano-lab-worker2" val={"ID":0,"Node":"volcano-lab-worker2","UUID":"GPU-22345678-1234-1234-1234-123456780000","PodMap":{},"Memory":409,"Number":10,"Type":"NVIDIA-NVIDIA A100-SXM4-40GB","Health":true,"UsedNum":0,"UsedMem":0,"UsedCore":0,"MigTemplate":[],"MigUsage":{"Index":-1,"UsageList":null}}
I0906 15:30:14.685650       1 device_info.go:113] "Nvidia Device registered name" name="volcano-lab-worker2" val={"ID":1,"Node":"volcano-lab-worker2","UUID":"GPU-22345678-1234-1234-1234-123456780001","PodMap":{},"Memory":409,"Number":10,"Type":"NVIDIA-NVIDIA A100-SXM4-40GB","Health":true,"UsedNum":0,"UsedMem":0,"UsedCore":0,"MigTemplate":[],"MigUsage":{"Index":-1,"UsageList":null}}
E0906 15:30:14.685666       1 device_info.go:189] pod prometheus-deployment-7cb9b4545b-h2fz4 has no annotation volcano.sh/devices-to-allocate
E0906 15:30:14.685673       1 device_info.go:189] pod volcano-admission-5b979dc8f6-8rdzl has no annotation volcano.sh/devices-to-allocate
E0906 15:30:14.685685       1 device_info.go:189] pod kube-proxy-gwssg has no annotation volcano.sh/devices-to-allocate
E0906 15:30:14.685690       1 device_info.go:189] pod volcano-controllers-5b976c6d4b-rkqw6 has no annotation volcano.sh/devices-to-allocate
E0906 15:30:14.685696       1 device_info.go:189] pod volcano-scheduler-c7d5bf6df-hhh7c has no annotation volcano.sh/devices-to-allocate
E0906 15:30:14.685702       1 device_info.go:189] pod kindnet-5whpw has no annotation volcano.sh/devices-to-allocate
E0906 15:30:14.685707       1 device_info.go:189] pod mock2-nvml-mock-mtnbp has no annotation volcano.sh/devices-to-allocate
E0906 15:30:14.685712       1 device_info.go:189] pod kube-state-metrics-5ffcdf767c-gf9d5 has no annotation volcano.sh/devices-to-allocate
E0906 15:30:14.685717       1 device_info.go:189] pod volcano-device-plugin-jj26z has no annotation volcano.sh/devices-to-allocate
I0906 15:30:14.685875       1 cache.go:1581] "SnapShot for scheduling" jobNum=1 QueueNum=3 NodeNum=3
I0906 15:30:14.685902       1 session.go:1036] Start adjusting jobs' network topology spec according to hyperNodeTierNameMap map[]
I0906 15:30:14.685918       1 session.go:1079] Finish adjusting jobs' network topology spec according to hyperNodeTierNameMap map[]
I0906 15:30:14.685940       1 session.go:279] Open Session 6481f250-fbcb-43ce-b59e-b0a57dc0f93f with <1> Job and <3> Queues. HyperNodesReadyToSchedule: true
I0906 15:30:14.686461       1 gpuexclusive.go:437] gpuexclusive: no rules configured, skipping GPU exclusivity wrapping
I0906 15:30:14.686495       1 enqueue.go:79] Try to enqueue PodGroup to 0 Queues
I0906 15:30:14.686511       1 reclaim.go:68] There are <1> Jobs and <3> Queues in total for scheduling.
I0906 15:30:14.686536       1 proportion.go:326] Queue <lab> is overused: deserved <cpu 200.00, memory 67108864.00, ephemeral-storage 0.00, hugepages-1Gi 0.00, hugepages-2Mi 0.00, pods 2.00, volcano.sh/vgpu-cores 40000.00, volcano.sh/vgpu-memory 60000.00, volcano.sh/vgpu-number 2000.00>, allocated <cpu 200.00, memory 67108864.00, pods 2.00, volcano.sh/vgpu-cores 40000.00, volcano.sh/vgpu-memory 60000.00, volcano.sh/vgpu-number 2000.00>, share <1>
I0906 15:30:14.686574       1 reclaim.go:112] Queue <lab> is overused, ignore it.
I0906 15:30:14.686598       1 allocate.go:138] Try to allocate resource to 0 Queues
I0906 15:30:14.704612       1 session.go:577] Close Session 6481f250-fbcb-43ce-b59e-b0a57dc0f93f
