2026/09/06 15:29:14 maxprocs: Leaving GOMAXPROCS=12: CPU quota undefined
I0906 15:29:14.750353       1 flags.go:57] FLAG: --add-dir-header="false"
I0906 15:29:14.750366       1 flags.go:57] FLAG: --alsologtostderr="false"
I0906 15:29:14.750369       1 flags.go:57] FLAG: --alsologtostderrthreshold="0"
I0906 15:29:14.750371       1 flags.go:57] FLAG: --ca-cert-file=""
I0906 15:29:14.750374       1 flags.go:57] FLAG: --cache-dump-dir="/tmp"
I0906 15:29:14.750376       1 flags.go:57] FLAG: --cache-dumper="true"
I0906 15:29:14.750380       1 flags.go:57] FLAG: --csi-storage="false"
I0906 15:29:14.750384       1 flags.go:57] FLAG: --default-queue="default"
I0906 15:29:14.750387       1 flags.go:57] FLAG: --disable-default-scheduler-config="false"
I0906 15:29:14.750390       1 flags.go:57] FLAG: --enable-healthz="true"
I0906 15:29:14.750392       1 flags.go:57] FLAG: --enable-metrics="true"
I0906 15:29:14.750394       1 flags.go:57] FLAG: --enable-pprof="false"
I0906 15:29:14.750396       1 flags.go:57] FLAG: --feature-gates=""
I0906 15:29:14.750399       1 flags.go:57] FLAG: --gate-removal-worker-num="5"
I0906 15:29:14.750402       1 flags.go:57] FLAG: --healthz-address=":11251"
I0906 15:29:14.750404       1 flags.go:57] FLAG: --ignored-provisioners="[]"
I0906 15:29:14.750409       1 flags.go:57] FLAG: --kube-api-burst="2000"
I0906 15:29:14.750411       1 flags.go:57] FLAG: --kube-api-qps="2000"
I0906 15:29:14.750413       1 flags.go:57] FLAG: --kubeconfig=""
I0906 15:29:14.750415       1 flags.go:57] FLAG: --leader-elect="false"
I0906 15:29:14.750417       1 flags.go:57] FLAG: --leader-elect-lease-duration="15s"
I0906 15:29:14.750420       1 flags.go:57] FLAG: --leader-elect-renew-deadline="10s"
I0906 15:29:14.750422       1 flags.go:57] FLAG: --leader-elect-resource-lock="leases"
I0906 15:29:14.750424       1 flags.go:57] FLAG: --leader-elect-resource-name="volcano"
I0906 15:29:14.750431       1 flags.go:57] FLAG: --leader-elect-resource-namespace="volcano-system"
I0906 15:29:14.750434       1 flags.go:57] FLAG: --leader-elect-retry-period="2s"
I0906 15:29:14.750436       1 flags.go:57] FLAG: --legacy-stderr-threshold-behavior="false"
I0906 15:29:14.750438       1 flags.go:57] FLAG: --listen-address=":8080"
I0906 15:29:14.750440       1 flags.go:57] FLAG: --lock-object-namespace=""
I0906 15:29:14.750441       1 flags.go:57] FLAG: --log-backtrace-at=":0"
I0906 15:29:14.750444       1 flags.go:57] FLAG: --log-dir=""
I0906 15:29:14.750446       1 flags.go:57] FLAG: --log-file=""
I0906 15:29:14.750448       1 flags.go:57] FLAG: --log-file-max-size="1800"
I0906 15:29:14.750450       1 flags.go:57] FLAG: --log-flush-frequency="5s"
I0906 15:29:14.750452       1 flags.go:57] FLAG: --logtostderr="true"
I0906 15:29:14.750454       1 flags.go:57] FLAG: --master=""
I0906 15:29:14.750456       1 flags.go:57] FLAG: --minimum-feasible-nodes="100"
I0906 15:29:14.750465       1 flags.go:57] FLAG: --minimum-percentage-nodes-to-find="5"
I0906 15:29:14.750468       1 flags.go:57] FLAG: --node-selector="[]"
I0906 15:29:14.750472       1 flags.go:57] FLAG: --node-worker-threads="20"
I0906 15:29:14.750477       1 flags.go:57] FLAG: --one-output="false"
I0906 15:29:14.750479       1 flags.go:57] FLAG: --percentage-nodes-to-find="0"
I0906 15:29:14.750482       1 flags.go:57] FLAG: --plugins-dir=""
I0906 15:29:14.750483       1 flags.go:57] FLAG: --priority-class="true"
I0906 15:29:14.750485       1 flags.go:57] FLAG: --resource-sync-timeout="1m0s"
I0906 15:29:14.750487       1 flags.go:57] FLAG: --resync-period="0s"
I0906 15:29:14.750489       1 flags.go:57] FLAG: --schedule-period="1s"
I0906 15:29:14.750491       1 flags.go:57] FLAG: --scheduler-conf="/volcano.scheduler/volcano-scheduler.conf"
I0906 15:29:14.750494       1 flags.go:57] FLAG: --scheduler-name="[volcano]"
I0906 15:29:14.750498       1 flags.go:57] FLAG: --scheduler-sharding-mode="none"
I0906 15:29:14.750500       1 flags.go:57] FLAG: --scheduler-sharding-name="volcano"
I0906 15:29:14.750503       1 flags.go:57] FLAG: --skip-headers="false"
I0906 15:29:14.750504       1 flags.go:57] FLAG: --skip-log-headers="false"
I0906 15:29:14.750506       1 flags.go:57] FLAG: --stderrthreshold="0"
I0906 15:29:14.750508       1 flags.go:57] FLAG: --tls-cert-file=""
I0906 15:29:14.750510       1 flags.go:57] FLAG: --tls-private-key-file=""
I0906 15:29:14.750512       1 flags.go:57] FLAG: --v="3"
I0906 15:29:14.750514       1 flags.go:57] FLAG: --version="false"
I0906 15:29:14.750516       1 flags.go:57] FLAG: --vmodule=""
W0906 15:29:14.750536       1 client_config.go:682] Neither --kubeconfig nor --master was specified.  Using the inClusterConfig.  This might not work.
I0906 15:29:14.754369       1 registry.go:397] setting kube:feature gate emulation version to 1.35, min compatibility version to 1.34
I0906 15:29:14.754636       1 cache.go:537] Creating default queue and root queue
I0906 15:29:14.756422       1 cache.go:469] Queue root already exists, skip creating.
I0906 15:29:14.757871       1 cache.go:469] Queue default already exists, skip creating.
I0906 15:29:14.758499       1 cache.go:598] no registered bind method, new a default one
I0906 15:29:14.759372       1 scheduler.go:159] Finished loading scheduler config. Final state: actions=[enqueue reclaim allocate backfill preempt], plugins=[priority gang conformance drf predicates proportion nodeorder binpack deviceshare]
I0906 15:29:14.759481       1 reflector.go:367] "Starting reflector" type="*v1.CSINode" resyncPeriod="0s" reflector="pkg/mod/k8s.io/client-go@v0.35.3/tools/cache/reflector.go:289"
I0906 15:29:14.759481       1 reflector.go:367] "Starting reflector" type="*v1.Node" resyncPeriod="0s" reflector="pkg/mod/k8s.io/client-go@v0.35.3/tools/cache/reflector.go:289"
I0906 15:29:14.759491       1 reflector.go:367] "Starting reflector" type="*v1.PriorityClass" resyncPeriod="0s" reflector="pkg/mod/k8s.io/client-go@v0.35.3/tools/cache/reflector.go:289"
I0906 15:29:14.759496       1 reflector.go:411] "Listing and watching" type="*v1.Node" reflector="pkg/mod/k8s.io/client-go@v0.35.3/tools/cache/reflector.go:289"
I0906 15:29:14.759495       1 reflector.go:411] "Listing and watching" type="*v1.CSINode" reflector="pkg/mod/k8s.io/client-go@v0.35.3/tools/cache/reflector.go:289"
I0906 15:29:14.759532       1 reflector.go:367] "Starting reflector" type="*v1.ResourceClaim" resyncPeriod="0s" reflector="pkg/mod/k8s.io/client-go@v0.35.3/tools/cache/reflector.go:289"
I0906 15:29:14.759542       1 reflector.go:411] "Listing and watching" type="*v1.ResourceClaim" reflector="pkg/mod/k8s.io/client-go@v0.35.3/tools/cache/reflector.go:289"
I0906 15:29:14.759554       1 reflector.go:367] "Starting reflector" type="*v1.ResourceQuota" resyncPeriod="0s" reflector="pkg/mod/k8s.io/client-go@v0.35.3/tools/cache/reflector.go:289"
I0906 15:29:14.759563       1 reflector.go:411] "Listing and watching" type="*v1.ResourceQuota" reflector="pkg/mod/k8s.io/client-go@v0.35.3/tools/cache/reflector.go:289"
I0906 15:29:14.759598       1 reflector.go:367] "Starting reflector" type="*v1.ResourceSlice" resyncPeriod="0s" reflector="pkg/mod/k8s.io/client-go@v0.35.3/tools/cache/reflector.go:289"
I0906 15:29:14.759616       1 reflector.go:411] "Listing and watching" type="*v1.ResourceSlice" reflector="pkg/mod/k8s.io/client-go@v0.35.3/tools/cache/reflector.go:289"
I0906 15:29:14.759501       1 reflector.go:411] "Listing and watching" type="*v1.PriorityClass" reflector="pkg/mod/k8s.io/client-go@v0.35.3/tools/cache/reflector.go:289"
I0906 15:29:14.759658       1 reflector.go:367] "Starting reflector" type="*v1.PersistentVolume" resyncPeriod="0s" reflector="pkg/mod/k8s.io/client-go@v0.35.3/tools/cache/reflector.go:289"
I0906 15:29:14.759661       1 reflector.go:367] "Starting reflector" type="*v1.ReplicationController" resyncPeriod="0s" reflector="pkg/mod/k8s.io/client-go@v0.35.3/tools/cache/reflector.go:289"
I0906 15:29:14.759671       1 reflector.go:411] "Listing and watching" type="*v1.PersistentVolume" reflector="pkg/mod/k8s.io/client-go@v0.35.3/tools/cache/reflector.go:289"
I0906 15:29:14.759675       1 reflector.go:411] "Listing and watching" type="*v1.ReplicationController" reflector="pkg/mod/k8s.io/client-go@v0.35.3/tools/cache/reflector.go:289"
I0906 15:29:14.759484       1 reflector.go:367] "Starting reflector" type="*v1.Namespace" resyncPeriod="0s" reflector="pkg/mod/k8s.io/client-go@v0.35.3/tools/cache/reflector.go:289"
I0906 15:29:14.759692       1 reflector.go:367] "Starting reflector" type="*v1.PodDisruptionBudget" resyncPeriod="0s" reflector="pkg/mod/k8s.io/client-go@v0.35.3/tools/cache/reflector.go:289"
I0906 15:29:14.759696       1 reflector.go:411] "Listing and watching" type="*v1.Namespace" reflector="pkg/mod/k8s.io/client-go@v0.35.3/tools/cache/reflector.go:289"
I0906 15:29:14.759696       1 reflector.go:367] "Starting reflector" type="*v1.Pod" resyncPeriod="0s" reflector="pkg/mod/k8s.io/client-go@v0.35.3/tools/cache/reflector.go:289"
I0906 15:29:14.759703       1 reflector.go:411] "Listing and watching" type="*v1.PodDisruptionBudget" reflector="pkg/mod/k8s.io/client-go@v0.35.3/tools/cache/reflector.go:289"
I0906 15:29:14.759719       1 reflector.go:367] "Starting reflector" type="*v1.StatefulSet" resyncPeriod="0s" reflector="pkg/mod/k8s.io/client-go@v0.35.3/tools/cache/reflector.go:289"
I0906 15:29:14.759736       1 reflector.go:411] "Listing and watching" type="*v1.StatefulSet" reflector="pkg/mod/k8s.io/client-go@v0.35.3/tools/cache/reflector.go:289"
I0906 15:29:14.759737       1 reflector.go:367] "Starting reflector" type="*v1.StorageClass" resyncPeriod="0s" reflector="pkg/mod/k8s.io/client-go@v0.35.3/tools/cache/reflector.go:289"
I0906 15:29:14.759743       1 reflector.go:411] "Listing and watching" type="*v1.Pod" reflector="pkg/mod/k8s.io/client-go@v0.35.3/tools/cache/reflector.go:289"
I0906 15:29:14.759751       1 reflector.go:367] "Starting reflector" type="*v1beta1.Queue" resyncPeriod="0s" reflector="pkg/mod/k8s.io/client-go@v0.35.3/tools/cache/reflector.go:289"
I0906 15:29:14.759758       1 reflector.go:411] "Listing and watching" type="*v1.StorageClass" reflector="pkg/mod/k8s.io/client-go@v0.35.3/tools/cache/reflector.go:289"
I0906 15:29:14.759772       1 reflector.go:411] "Listing and watching" type="*v1beta1.Queue" reflector="pkg/mod/k8s.io/client-go@v0.35.3/tools/cache/reflector.go:289"
I0906 15:29:14.759788       1 reflector.go:367] "Starting reflector" type="*v1alpha1.Numatopology" resyncPeriod="0s" reflector="pkg/mod/k8s.io/client-go@v0.35.3/tools/cache/reflector.go:289"
I0906 15:29:14.759812       1 reflector.go:411] "Listing and watching" type="*v1alpha1.Numatopology" reflector="pkg/mod/k8s.io/client-go@v0.35.3/tools/cache/reflector.go:289"
I0906 15:29:14.759819       1 reflector.go:367] "Starting reflector" type="*v1.ReplicaSet" resyncPeriod="0s" reflector="pkg/mod/k8s.io/client-go@v0.35.3/tools/cache/reflector.go:289"
I0906 15:29:14.759827       1 reflector.go:411] "Listing and watching" type="*v1.ReplicaSet" reflector="pkg/mod/k8s.io/client-go@v0.35.3/tools/cache/reflector.go:289"
I0906 15:29:14.759830       1 reflector.go:367] "Starting reflector" type="*v1.Service" resyncPeriod="0s" reflector="pkg/mod/k8s.io/client-go@v0.35.3/tools/cache/reflector.go:289"
I0906 15:29:14.759827       1 reflector.go:367] "Starting reflector" type="*v1.DeviceClass" resyncPeriod="0s" reflector="pkg/mod/k8s.io/client-go@v0.35.3/tools/cache/reflector.go:289"
I0906 15:29:14.759837       1 reflector.go:411] "Listing and watching" type="*v1.Service" reflector="pkg/mod/k8s.io/client-go@v0.35.3/tools/cache/reflector.go:289"
I0906 15:29:14.759854       1 reflector.go:411] "Listing and watching" type="*v1.DeviceClass" reflector="pkg/mod/k8s.io/client-go@v0.35.3/tools/cache/reflector.go:289"
I0906 15:29:14.759874       1 reflector.go:367] "Starting reflector" type="*v1beta1.PodGroup" resyncPeriod="0s" reflector="pkg/mod/k8s.io/client-go@v0.35.3/tools/cache/reflector.go:289"
I0906 15:29:14.759882       1 reflector.go:411] "Listing and watching" type="*v1beta1.PodGroup" reflector="pkg/mod/k8s.io/client-go@v0.35.3/tools/cache/reflector.go:289"
I0906 15:29:14.760200       1 reflector.go:367] "Starting reflector" type="*v1.VolumeAttachment" resyncPeriod="0s" reflector="pkg/mod/k8s.io/client-go@v0.35.3/tools/cache/reflector.go:289"
I0906 15:29:14.760214       1 reflector.go:411] "Listing and watching" type="*v1.VolumeAttachment" reflector="pkg/mod/k8s.io/client-go@v0.35.3/tools/cache/reflector.go:289"
I0906 15:29:14.759752       1 reflector.go:367] "Starting reflector" type="*v1.PersistentVolumeClaim" resyncPeriod="0s" reflector="pkg/mod/k8s.io/client-go@v0.35.3/tools/cache/reflector.go:289"
I0906 15:29:14.760236       1 reflector.go:367] "Starting reflector" type="*v1alpha1.HyperNode" resyncPeriod="0s" reflector="pkg/mod/k8s.io/client-go@v0.35.3/tools/cache/reflector.go:289"
I0906 15:29:14.760246       1 reflector.go:411] "Listing and watching" type="*v1.PersistentVolumeClaim" reflector="pkg/mod/k8s.io/client-go@v0.35.3/tools/cache/reflector.go:289"
I0906 15:29:14.760250       1 reflector.go:411] "Listing and watching" type="*v1alpha1.HyperNode" reflector="pkg/mod/k8s.io/client-go@v0.35.3/tools/cache/reflector.go:289"
I0906 15:29:14.761914       1 reflector.go:446] "Caches populated" type="*v1.ResourceSlice" reflector="pkg/mod/k8s.io/client-go@v0.35.3/tools/cache/reflector.go:289"
I0906 15:29:14.762010       1 reflector.go:446] "Caches populated" type="*v1.ReplicationController" reflector="pkg/mod/k8s.io/client-go@v0.35.3/tools/cache/reflector.go:289"
I0906 15:29:14.762270       1 reflector.go:446] "Caches populated" type="*v1.PriorityClass" reflector="pkg/mod/k8s.io/client-go@v0.35.3/tools/cache/reflector.go:289"
I0906 15:29:14.762734       1 reflector.go:446] "Caches populated" type="*v1.StatefulSet" reflector="pkg/mod/k8s.io/client-go@v0.35.3/tools/cache/reflector.go:289"
I0906 15:29:14.762919       1 reflector.go:446] "Caches populated" type="*v1.CSINode" reflector="pkg/mod/k8s.io/client-go@v0.35.3/tools/cache/reflector.go:289"
I0906 15:29:14.763251       1 reflector.go:446] "Caches populated" type="*v1.Namespace" reflector="pkg/mod/k8s.io/client-go@v0.35.3/tools/cache/reflector.go:289"
I0906 15:29:14.763256       1 reflector.go:446] "Caches populated" type="*v1.StorageClass" reflector="pkg/mod/k8s.io/client-go@v0.35.3/tools/cache/reflector.go:289"
I0906 15:29:14.763272       1 reflector.go:446] "Caches populated" type="*v1.ResourceQuota" reflector="pkg/mod/k8s.io/client-go@v0.35.3/tools/cache/reflector.go:289"
I0906 15:29:14.763330       1 reflector.go:446] "Caches populated" type="*v1.PersistentVolume" reflector="pkg/mod/k8s.io/client-go@v0.35.3/tools/cache/reflector.go:289"
I0906 15:29:14.763356       1 reflector.go:446] "Caches populated" type="*v1.DeviceClass" reflector="pkg/mod/k8s.io/client-go@v0.35.3/tools/cache/reflector.go:289"
I0906 15:29:14.763375       1 reflector.go:446] "Caches populated" type="*v1.ResourceClaim" reflector="pkg/mod/k8s.io/client-go@v0.35.3/tools/cache/reflector.go:289"
I0906 15:29:14.763423       1 reflector.go:446] "Caches populated" type="*v1.VolumeAttachment" reflector="pkg/mod/k8s.io/client-go@v0.35.3/tools/cache/reflector.go:289"
I0906 15:29:14.763433       1 reflector.go:446] "Caches populated" type="*v1alpha1.Numatopology" reflector="pkg/mod/k8s.io/client-go@v0.35.3/tools/cache/reflector.go:289"
I0906 15:29:14.763443       1 reflector.go:446] "Caches populated" type="*v1.PodDisruptionBudget" reflector="pkg/mod/k8s.io/client-go@v0.35.3/tools/cache/reflector.go:289"
I0906 15:29:14.763469       1 reflector.go:446] "Caches populated" type="*v1.PersistentVolumeClaim" reflector="pkg/mod/k8s.io/client-go@v0.35.3/tools/cache/reflector.go:289"
I0906 15:29:14.763535       1 reflector.go:446] "Caches populated" type="*v1beta1.PodGroup" reflector="pkg/mod/k8s.io/client-go@v0.35.3/tools/cache/reflector.go:289"
I0906 15:29:14.763619       1 reflector.go:446] "Caches populated" type="*v1.Node" reflector="pkg/mod/k8s.io/client-go@v0.35.3/tools/cache/reflector.go:289"
I0906 15:29:14.763824       1 reflector.go:446] "Caches populated" type="*v1alpha1.HyperNode" reflector="pkg/mod/k8s.io/client-go@v0.35.3/tools/cache/reflector.go:289"
I0906 15:29:14.763997       1 reflector.go:446] "Caches populated" type="*v1.Service" reflector="pkg/mod/k8s.io/client-go@v0.35.3/tools/cache/reflector.go:289"
I0906 15:29:14.764338       1 reflector.go:446] "Caches populated" type="*v1beta1.Queue" reflector="pkg/mod/k8s.io/client-go@v0.35.3/tools/cache/reflector.go:289"
I0906 15:29:14.765215       1 reflector.go:446] "Caches populated" type="*v1.ReplicaSet" reflector="pkg/mod/k8s.io/client-go@v0.35.3/tools/cache/reflector.go:289"
I0906 15:29:14.766405       1 reflector.go:446] "Caches populated" type="*v1.Pod" reflector="pkg/mod/k8s.io/client-go@v0.35.3/tools/cache/reflector.go:289"
W0906 15:29:14.766495       1 node_info.go:359] received argument of nil node, no need to set other resources for
W0906 15:29:14.766501       1 node_info.go:254] the argument node is null.
I0906 15:29:14.766507       1 event_handlers.go:421] Added pod <kube-system/coredns-7d764666f9-d2csr> into cache.
I0906 15:29:14.766514       1 event_handlers.go:421] Added pod <kube-system/coredns-7d764666f9-vzd7n> into cache.
I0906 15:29:14.766528       1 event_handlers.go:421] Added pod <kube-system/kube-proxy-5ckcv> into cache.
W0906 15:29:14.766535       1 node_info.go:359] received argument of nil node, no need to set other resources for
W0906 15:29:14.766537       1 node_info.go:254] the argument node is null.
I0906 15:29:14.766541       1 event_handlers.go:421] Added pod <kube-system/volcano-device-plugin-2sg22> into cache.
I0906 15:29:14.766546       1 event_handlers.go:421] Added pod <local-path-storage/local-path-provisioner-67b8995b4b-cs4p4> into cache.
I0906 15:29:14.766554       1 event_handlers.go:421] Added pod <volcano-system/grafana-7c5659d458-xrbnn> into cache.
W0906 15:29:14.766559       1 node_info.go:359] received argument of nil node, no need to set other resources for
W0906 15:29:14.766563       1 node_info.go:254] the argument node is null.
I0906 15:29:14.766566       1 event_handlers.go:421] Added pod <volcano-system/kube-state-metrics-5ffcdf767c-gf9d5> into cache.
I0906 15:29:14.766575       1 event_handlers.go:421] Added pod <volcano-system/volcano-admission-5b979dc8f6-8rdzl> into cache.
I0906 15:29:14.766583       1 event_handlers.go:421] Added pod <kube-system/kindnet-k2m7h> into cache.
I0906 15:29:14.766601       1 event_handlers.go:421] Added pod <volcano-system/volcano-controllers-5b976c6d4b-rkqw6> into cache.
I0906 15:29:14.766607       1 event_handlers.go:421] Added pod <volcano-system/volcano-scheduler-5c9b5db6bf-6qtjx> into cache.
I0906 15:29:14.766612       1 event_handlers.go:421] Added pod <kube-system/kube-apiserver-volcano-lab-control-plane> into cache.
I0906 15:29:14.766619       1 event_handlers.go:421] Added pod <mock-system/mock1-nvml-mock-9rgh9> into cache.
I0906 15:29:14.766625       1 event_handlers.go:421] Added pod <mock-system/mock2-nvml-mock-mtnbp> into cache.
I0906 15:29:14.766630       1 event_handlers.go:421] Added pod <volcano-system/prometheus-deployment-7cb9b4545b-h2fz4> into cache.
I0906 15:29:14.766634       1 event_handlers.go:421] Added pod <volcano-system/volcano-scheduler-75847d877-kglkg> into cache.
I0906 15:29:14.766639       1 event_handlers.go:421] Added pod <kube-system/volcano-device-plugin-jj26z> into cache.
I0906 15:29:14.766646       1 event_handlers.go:421] Added pod <kube-system/etcd-volcano-lab-control-plane> into cache.
I0906 15:29:14.766652       1 event_handlers.go:421] Added pod <kube-system/kindnet-5whpw> into cache.
I0906 15:29:14.766672       1 event_handlers.go:421] Added pod <kube-system/kindnet-xp5ff> into cache.
I0906 15:29:14.766686       1 event_handlers.go:421] Added pod <kube-system/kube-controller-manager-volcano-lab-control-plane> into cache.
I0906 15:29:14.766697       1 event_handlers.go:421] Added pod <kube-system/kube-proxy-btcmr> into cache.
I0906 15:29:14.766706       1 event_handlers.go:421] Added pod <kube-system/kube-proxy-gwssg> into cache.
I0906 15:29:14.766714       1 event_handlers.go:421] Added pod <kube-system/kube-scheduler-volcano-lab-control-plane> into cache.
I0906 15:29:14.859631       1 cache.go:877] Start metrics collection, metricsConf is map[]
I0906 15:29:14.859672       1 cache.go:882] The interval for querying metrics data is 30s
I0906 15:29:14.859739       1 cache.go:885] scheduler wait for handlers sync
W0906 15:29:14.859784       1 node_info.go:359] received argument of nil node, no need to set other resources for
W0906 15:29:14.859812       1 node_info.go:254] the argument node is null.
I0906 15:29:14.859844       1 event_handlers.go:765] "No need to update hyperNode cache when node added or deleted"
I0906 15:29:14.859870       1 cache.go:1758] The metrics type is not set in the volcano scheduler configmap file. As a result, the CPU and memory load information of the node is not collected.
I0906 15:29:14.859883       1 event_handlers.go:765] "No need to update hyperNode cache when node added or deleted"
I0906 15:29:14.859903       1 event_handlers.go:765] "No need to update hyperNode cache when node added or deleted"
W0906 15:29:14.860002       1 node_info.go:359] received argument of nil node, no need to set other resources for
W0906 15:29:14.860018       1 node_info.go:254] the argument node is null.
I0906 15:29:14.860109       1 hyper_node_info.go:332] "Successfully built RealNodesSet with members" name="rack-a" nodeSets={"volcano-lab-worker":{}}
I0906 15:29:14.860151       1 hyper_node_info.go:332] "Successfully built RealNodesSet with members" name="rack-b" nodeSets={"volcano-lab-worker2":{}}
I0906 15:29:14.860178       1 hyper_node_info.go:332] "Successfully built RealNodesSet with members" name="fabric" nodeSets={"volcano-lab-worker":{},"volcano-lab-worker2":{}}
W0906 15:29:14.860318       1 node_info.go:359] received argument of nil node, no need to set other resources for
W0906 15:29:14.860328       1 node_info.go:254] the argument node is null.
I0906 15:29:14.960766       1 cache.go:887] scheduler finished handlers sync
I0906 15:29:14.960798       1 scheduler.go:114] Scheduler completes Initialization and start to run
I0906 15:29:14.961206       1 cache.go:1581] "SnapShot for scheduling" jobNum=0 QueueNum=3 NodeNum=3
I0906 15:29:14.961227       1 session.go:1036] Start adjusting jobs' network topology spec according to hyperNodeTierNameMap map[]
I0906 15:29:14.961235       1 session.go:1079] Finish adjusting jobs' network topology spec according to hyperNodeTierNameMap map[]
I0906 15:29:14.961242       1 session.go:279] Open Session 8f169374-5d29-44aa-ab48-21890d0d8703 with <0> Job and <3> Queues. HyperNodesReadyToSchedule: true
I0906 15:29:14.964875       1 config.go:164] "Initializing volcano device config" device-configs={"NvidiaConfig":{"ResourceCountName":"volcano.sh/vgpu-number","ResourceMemoryName":"volcano.sh/vgpu-memory","ResourceCoreName":"volcano.sh/vgpu-cores","ResourceMemoryPercentageName":"volcano.sh/vgpu-memory-percentage","ResourcePriority":"","OverwriteEnv":false,"DefaultMemory":0,"DefaultCores":0,"DefaultGPUNum":1,"DeviceSplitCount":10,"DeviceMemoryScaling":1,"DeviceCoreScaling":1,"DisableCoreLimit":false,"MigGeometriesList":[{"Models":["A30"],"Geometries":[{"Group":"group1","Instances":[{"Name":"1g.6gb","Memory":6144,"Count":4}]},{"Group":"group2","Instances":[{"Name":"2g.12gb","Memory":12288,"Count":2}]},{"Group":"group3","Instances":[{"Name":"4g.24gb","Memory":24576,"Count":1}]}]},{"Models":["A100-SXM4-40GB","A100-40GB-PCIe","A100-PCIE-40GB","A100-SXM4-40GB"],"Geometries":[{"Group":"group1","Instances":[{"Name":"1g.5gb","Memory":5120,"Count":7}]},{"Group":"group2","Instances":[{"Name":"2g.10gb","Memory":10240,"Count":3},{"Name":"1g.5gb","Memory":5120,"Count":1}]},{"Group":"group3","Instances":[{"Name":"3g.20gb","Memory":20480,"Count":2}]},{"Group":"group4","Instances":[{"Name":"7g.40gb","Memory":40960,"Count":1}]}]},{"Models":["A100-SXM4-80GB","A100-80GB-PCIe","A100-PCIE-80GB"],"Geometries":[{"Group":"group1","Instances":[{"Name":"1g.10gb","Memory":9728,"Count":7}]},{"Group":"group2","Instances":[{"Name":"2g.20gb","Memory":19968,"Count":3},{"Name":"1g.10gb","Memory":9728,"Count":1}]},{"Group":"group3","Instances":[{"Name":"3g.40gb","Memory":40192,"Count":2}]},{"Group":"group4","Instances":[{"Name":"7g.80gb","Memory":80896,"Count":1}]}]}],"GPUMemoryFactor":100},"VNPUs":null}
I0906 15:29:14.964900       1 gpuexclusive.go:437] gpuexclusive: no rules configured, skipping GPU exclusivity wrapping
I0906 15:29:14.964918       1 enqueue.go:79] Try to enqueue PodGroup to 0 Queues
I0906 15:29:14.964937       1 reclaim.go:68] There are <0> Jobs and <3> Queues in total for scheduling.
I0906 15:29:14.964944       1 allocate.go:138] Try to allocate resource to 0 Queues
I0906 15:29:14.964992       1 session.go:577] Close Session 8f169374-5d29-44aa-ab48-21890d0d8703
I0906 15:29:15.915518       1 event_handlers.go:476] Deleted pod <volcano-system/volcano-scheduler-5c9b5db6bf-6qtjx> from cache.
I0906 15:29:15.965199       1 device_info.go:111] GPU sharing mode:  hami-core
I0906 15:29:15.965270       1 device_info.go:113] "Nvidia Device registered name" name="volcano-lab-worker" val={"ID":0,"Node":"volcano-lab-worker","UUID":"GPU-12345678-1234-1234-1234-123456780000","PodMap":{},"Memory":409,"Number":10,"Type":"NVIDIA-NVIDIA A100-SXM4-40GB","Health":true,"UsedNum":0,"UsedMem":0,"UsedCore":0,"MigTemplate":[],"MigUsage":{"Index":-1,"UsageList":null}}
I0906 15:29:15.965290       1 device_info.go:113] "Nvidia Device registered name" name="volcano-lab-worker" val={"ID":1,"Node":"volcano-lab-worker","UUID":"GPU-12345678-1234-1234-1234-123456780001","PodMap":{},"Memory":409,"Number":10,"Type":"NVIDIA-NVIDIA A100-SXM4-40GB","Health":true,"UsedNum":0,"UsedMem":0,"UsedCore":0,"MigTemplate":[],"MigUsage":{"Index":-1,"UsageList":null}}
I0906 15:29:15.965300       1 device_info.go:111] GPU sharing mode:  hami-core
I0906 15:29:15.965306       1 device_info.go:113] "Nvidia Device registered name" name="volcano-lab-worker" val={"ID":1,"Node":"volcano-lab-worker","UUID":"GPU-12345678-1234-1234-1234-123456780001","PodMap":{},"Memory":409,"Number":10,"Type":"NVIDIA-NVIDIA A100-SXM4-40GB","Health":true,"UsedNum":0,"UsedMem":0,"UsedCore":0,"MigTemplate":[],"MigUsage":{"Index":-1,"UsageList":null}}
I0906 15:29:15.965311       1 device_info.go:113] "Nvidia Device registered name" name="volcano-lab-worker" val={"ID":0,"Node":"volcano-lab-worker","UUID":"GPU-12345678-1234-1234-1234-123456780000","PodMap":{},"Memory":409,"Number":10,"Type":"NVIDIA-NVIDIA A100-SXM4-40GB","Health":true,"UsedNum":0,"UsedMem":0,"UsedCore":0,"MigTemplate":[],"MigUsage":{"Index":-1,"UsageList":null}}
E0906 15:29:15.965327       1 device_info.go:189] pod volcano-device-plugin-2sg22 has no annotation volcano.sh/devices-to-allocate
E0906 15:29:15.965336       1 device_info.go:189] pod grafana-7c5659d458-xrbnn has no annotation volcano.sh/devices-to-allocate
E0906 15:29:15.965340       1 device_info.go:189] pod kindnet-k2m7h has no annotation volcano.sh/devices-to-allocate
E0906 15:29:15.965344       1 device_info.go:189] pod mock1-nvml-mock-9rgh9 has no annotation volcano.sh/devices-to-allocate
E0906 15:29:15.965348       1 device_info.go:189] pod volcano-scheduler-75847d877-kglkg has no annotation volcano.sh/devices-to-allocate
E0906 15:29:15.965351       1 device_info.go:189] pod kube-proxy-btcmr has no annotation volcano.sh/devices-to-allocate
I0906 15:29:15.965375       1 device_info.go:111] GPU sharing mode:  hami-core
I0906 15:29:15.965380       1 device_info.go:113] "Nvidia Device registered name" name="volcano-lab-worker2" val={"ID":0,"Node":"volcano-lab-worker2","UUID":"GPU-22345678-1234-1234-1234-123456780001","PodMap":{},"Memory":409,"Number":10,"Type":"NVIDIA-NVIDIA A100-SXM4-40GB","Health":true,"UsedNum":0,"UsedMem":0,"UsedCore":0,"MigTemplate":[],"MigUsage":{"Index":-1,"UsageList":null}}
I0906 15:29:15.965391       1 device_info.go:113] "Nvidia Device registered name" name="volcano-lab-worker2" val={"ID":1,"Node":"volcano-lab-worker2","UUID":"GPU-22345678-1234-1234-1234-123456780000","PodMap":{},"Memory":409,"Number":10,"Type":"NVIDIA-NVIDIA A100-SXM4-40GB","Health":true,"UsedNum":0,"UsedMem":0,"UsedCore":0,"MigTemplate":[],"MigUsage":{"Index":-1,"UsageList":null}}
I0906 15:29:15.965397       1 device_info.go:111] GPU sharing mode:  hami-core
I0906 15:29:15.965401       1 device_info.go:113] "Nvidia Device registered name" name="volcano-lab-worker2" val={"ID":0,"Node":"volcano-lab-worker2","UUID":"GPU-22345678-1234-1234-1234-123456780001","PodMap":{},"Memory":409,"Number":10,"Type":"NVIDIA-NVIDIA A100-SXM4-40GB","Health":true,"UsedNum":0,"UsedMem":0,"UsedCore":0,"MigTemplate":[],"MigUsage":{"Index":-1,"UsageList":null}}
I0906 15:29:15.965406       1 device_info.go:113] "Nvidia Device registered name" name="volcano-lab-worker2" val={"ID":1,"Node":"volcano-lab-worker2","UUID":"GPU-22345678-1234-1234-1234-123456780000","PodMap":{},"Memory":409,"Number":10,"Type":"NVIDIA-NVIDIA A100-SXM4-40GB","Health":true,"UsedNum":0,"UsedMem":0,"UsedCore":0,"MigTemplate":[],"MigUsage":{"Index":-1,"UsageList":null}}
E0906 15:29:15.965419       1 device_info.go:189] pod volcano-admission-5b979dc8f6-8rdzl has no annotation volcano.sh/devices-to-allocate
E0906 15:29:15.965424       1 device_info.go:189] pod volcano-controllers-5b976c6d4b-rkqw6 has no annotation volcano.sh/devices-to-allocate
E0906 15:29:15.965428       1 device_info.go:189] pod prometheus-deployment-7cb9b4545b-h2fz4 has no annotation volcano.sh/devices-to-allocate
E0906 15:29:15.965432       1 device_info.go:189] pod volcano-device-plugin-jj26z has no annotation volcano.sh/devices-to-allocate
E0906 15:29:15.965435       1 device_info.go:189] pod kube-state-metrics-5ffcdf767c-gf9d5 has no annotation volcano.sh/devices-to-allocate
E0906 15:29:15.965438       1 device_info.go:189] pod mock2-nvml-mock-mtnbp has no annotation volcano.sh/devices-to-allocate
E0906 15:29:15.965442       1 device_info.go:189] pod kindnet-5whpw has no annotation volcano.sh/devices-to-allocate
E0906 15:29:15.965449       1 device_info.go:189] pod kube-proxy-gwssg has no annotation volcano.sh/devices-to-allocate
I0906 15:29:15.965514       1 cache.go:1581] "SnapShot for scheduling" jobNum=1 QueueNum=3 NodeNum=3
I0906 15:29:15.965525       1 session.go:1036] Start adjusting jobs' network topology spec according to hyperNodeTierNameMap map[]
I0906 15:29:15.965532       1 session.go:1079] Finish adjusting jobs' network topology spec according to hyperNodeTierNameMap map[]
I0906 15:29:15.965539       1 session.go:279] Open Session ba7b8fce-7643-4d10-be1c-0fa4ffb249da with <1> Job and <3> Queues. HyperNodesReadyToSchedule: true
I0906 15:29:15.965863       1 gpuexclusive.go:437] gpuexclusive: no rules configured, skipping GPU exclusivity wrapping
I0906 15:29:15.965877       1 enqueue.go:79] Try to enqueue PodGroup to 1 Queues
I0906 15:29:15.965892       1 reclaim.go:68] There are <1> Jobs and <3> Queues in total for scheduling.
I0906 15:29:15.965904       1 allocate.go:138] Try to allocate resource to 0 Queues
I0906 15:29:15.973638       1 session.go:577] Close Session ba7b8fce-7643-4d10-be1c-0fa4ffb249da
I0906 15:29:15.985795       1 event_handlers.go:421] Added pod <volcano-tests/early-0-worker-0> into cache.
I0906 15:29:15.990477       1 event_handlers.go:421] Added pod <volcano-tests/early-0-worker-1> into cache.
I0906 15:29:16.974695       1 device_info.go:111] GPU sharing mode:  hami-core
I0906 15:29:16.974743       1 device_info.go:113] "Nvidia Device registered name" name="volcano-lab-worker" val={"ID":0,"Node":"volcano-lab-worker","UUID":"GPU-12345678-1234-1234-1234-123456780000","PodMap":{},"Memory":409,"Number":10,"Type":"NVIDIA-NVIDIA A100-SXM4-40GB","Health":true,"UsedNum":0,"UsedMem":0,"UsedCore":0,"MigTemplate":[],"MigUsage":{"Index":-1,"UsageList":null}}
I0906 15:29:16.974778       1 device_info.go:113] "Nvidia Device registered name" name="volcano-lab-worker" val={"ID":1,"Node":"volcano-lab-worker","UUID":"GPU-12345678-1234-1234-1234-123456780001","PodMap":{},"Memory":409,"Number":10,"Type":"NVIDIA-NVIDIA A100-SXM4-40GB","Health":true,"UsedNum":0,"UsedMem":0,"UsedCore":0,"MigTemplate":[],"MigUsage":{"Index":-1,"UsageList":null}}
I0906 15:29:16.974819       1 device_info.go:111] GPU sharing mode:  hami-core
I0906 15:29:16.974836       1 device_info.go:113] "Nvidia Device registered name" name="volcano-lab-worker" val={"ID":0,"Node":"volcano-lab-worker","UUID":"GPU-12345678-1234-1234-1234-123456780000","PodMap":{},"Memory":409,"Number":10,"Type":"NVIDIA-NVIDIA A100-SXM4-40GB","Health":true,"UsedNum":0,"UsedMem":0,"UsedCore":0,"MigTemplate":[],"MigUsage":{"Index":-1,"UsageList":null}}
I0906 15:29:16.974854       1 device_info.go:113] "Nvidia Device registered name" name="volcano-lab-worker" val={"ID":1,"Node":"volcano-lab-worker","UUID":"GPU-12345678-1234-1234-1234-123456780001","PodMap":{},"Memory":409,"Number":10,"Type":"NVIDIA-NVIDIA A100-SXM4-40GB","Health":true,"UsedNum":0,"UsedMem":0,"UsedCore":0,"MigTemplate":[],"MigUsage":{"Index":-1,"UsageList":null}}
E0906 15:29:16.974895       1 device_info.go:189] pod mock1-nvml-mock-9rgh9 has no annotation volcano.sh/devices-to-allocate
E0906 15:29:16.974915       1 device_info.go:189] pod volcano-scheduler-75847d877-kglkg has no annotation volcano.sh/devices-to-allocate
E0906 15:29:16.974932       1 device_info.go:189] pod kube-proxy-btcmr has no annotation volcano.sh/devices-to-allocate
E0906 15:29:16.974946       1 device_info.go:189] pod volcano-device-plugin-2sg22 has no annotation volcano.sh/devices-to-allocate
E0906 15:29:16.974960       1 device_info.go:189] pod grafana-7c5659d458-xrbnn has no annotation volcano.sh/devices-to-allocate
E0906 15:29:16.974969       1 device_info.go:189] pod kindnet-k2m7h has no annotation volcano.sh/devices-to-allocate
I0906 15:29:16.975101       1 device_info.go:111] GPU sharing mode:  hami-core
I0906 15:29:16.975141       1 device_info.go:113] "Nvidia Device registered name" name="volcano-lab-worker2" val={"ID":0,"Node":"volcano-lab-worker2","UUID":"GPU-22345678-1234-1234-1234-123456780001","PodMap":{},"Memory":409,"Number":10,"Type":"NVIDIA-NVIDIA A100-SXM4-40GB","Health":true,"UsedNum":0,"UsedMem":0,"UsedCore":0,"MigTemplate":[],"MigUsage":{"Index":-1,"UsageList":null}}
I0906 15:29:16.975179       1 device_info.go:113] "Nvidia Device registered name" name="volcano-lab-worker2" val={"ID":1,"Node":"volcano-lab-worker2","UUID":"GPU-22345678-1234-1234-1234-123456780000","PodMap":{},"Memory":409,"Number":10,"Type":"NVIDIA-NVIDIA A100-SXM4-40GB","Health":true,"UsedNum":0,"UsedMem":0,"UsedCore":0,"MigTemplate":[],"MigUsage":{"Index":-1,"UsageList":null}}
I0906 15:29:16.975210       1 device_info.go:111] GPU sharing mode:  hami-core
I0906 15:29:16.975230       1 device_info.go:113] "Nvidia Device registered name" name="volcano-lab-worker2" val={"ID":0,"Node":"volcano-lab-worker2","UUID":"GPU-22345678-1234-1234-1234-123456780001","PodMap":{},"Memory":409,"Number":10,"Type":"NVIDIA-NVIDIA A100-SXM4-40GB","Health":true,"UsedNum":0,"UsedMem":0,"UsedCore":0,"MigTemplate":[],"MigUsage":{"Index":-1,"UsageList":null}}
I0906 15:29:16.975251       1 device_info.go:113] "Nvidia Device registered name" name="volcano-lab-worker2" val={"ID":1,"Node":"volcano-lab-worker2","UUID":"GPU-22345678-1234-1234-1234-123456780000","PodMap":{},"Memory":409,"Number":10,"Type":"NVIDIA-NVIDIA A100-SXM4-40GB","Health":true,"UsedNum":0,"UsedMem":0,"UsedCore":0,"MigTemplate":[],"MigUsage":{"Index":-1,"UsageList":null}}
E0906 15:29:16.975270       1 device_info.go:189] pod volcano-admission-5b979dc8f6-8rdzl has no annotation volcano.sh/devices-to-allocate
E0906 15:29:16.975285       1 device_info.go:189] pod volcano-controllers-5b976c6d4b-rkqw6 has no annotation volcano.sh/devices-to-allocate
E0906 15:29:16.975295       1 device_info.go:189] pod prometheus-deployment-7cb9b4545b-h2fz4 has no annotation volcano.sh/devices-to-allocate
E0906 15:29:16.975304       1 device_info.go:189] pod volcano-device-plugin-jj26z has no annotation volcano.sh/devices-to-allocate
E0906 15:29:16.975313       1 device_info.go:189] pod kube-state-metrics-5ffcdf767c-gf9d5 has no annotation volcano.sh/devices-to-allocate
E0906 15:29:16.975322       1 device_info.go:189] pod mock2-nvml-mock-mtnbp has no annotation volcano.sh/devices-to-allocate
E0906 15:29:16.975330       1 device_info.go:189] pod kindnet-5whpw has no annotation volcano.sh/devices-to-allocate
E0906 15:29:16.975341       1 device_info.go:189] pod kube-proxy-gwssg has no annotation volcano.sh/devices-to-allocate
I0906 15:29:16.975513       1 cache.go:1581] "SnapShot for scheduling" jobNum=1 QueueNum=3 NodeNum=3
I0906 15:29:16.975544       1 session.go:1036] Start adjusting jobs' network topology spec according to hyperNodeTierNameMap map[]
I0906 15:29:16.975561       1 session.go:1079] Finish adjusting jobs' network topology spec according to hyperNodeTierNameMap map[]
I0906 15:29:16.975582       1 session.go:279] Open Session 04920086-50ea-4653-bb0e-38e2a51051e7 with <1> Job and <3> Queues. HyperNodesReadyToSchedule: true
I0906 15:29:16.976108       1 gpuexclusive.go:437] gpuexclusive: no rules configured, skipping GPU exclusivity wrapping
I0906 15:29:16.976125       1 enqueue.go:79] Try to enqueue PodGroup to 0 Queues
I0906 15:29:16.976131       1 reclaim.go:68] There are <1> Jobs and <3> Queues in total for scheduling.
I0906 15:29:16.976148       1 reclaim.go:140] Considering reclaim for 2 tasks of job <volcano-tests/early-0-2e2d493f-d181-47e8-945c-6cad70b7cb25>.
I0906 15:29:16.976215       1 predicate_helper.go:115] Predicates failed: task volcano-tests/early-0-worker-0 on node volcano-lab-control-plane fit failed: node(s) had untolerated taint(s)
W0906 15:29:16.976232       1 deviceshare.go:256] Devices hamivgpu assertion conversion failed, skip
W0906 15:29:16.976232       1 deviceshare.go:256] Devices hamivgpu assertion conversion failed, skip
I0906 15:29:16.976251       1 reclaim.go:185] Considering Task <volcano-tests/early-0-worker-0> on Node <volcano-lab-worker2>.
I0906 15:29:16.976256       1 reclaim.go:185] Considering Task <volcano-tests/early-0-worker-0> on Node <volcano-lab-worker>.
I0906 15:29:16.976263       1 reclaim.go:140] Considering reclaim for 1 tasks of job <volcano-tests/early-0-2e2d493f-d181-47e8-945c-6cad70b7cb25>.
I0906 15:29:16.976290       1 predicate_helper.go:115] Predicates failed: task volcano-tests/early-0-worker-1 on node volcano-lab-control-plane fit failed: node(s) had untolerated taint(s)
W0906 15:29:16.976299       1 deviceshare.go:256] Devices hamivgpu assertion conversion failed, skip
W0906 15:29:16.976305       1 deviceshare.go:256] Devices hamivgpu assertion conversion failed, skip
I0906 15:29:16.976314       1 reclaim.go:185] Considering Task <volcano-tests/early-0-worker-1> on Node <volcano-lab-worker2>.
I0906 15:29:16.976318       1 reclaim.go:185] Considering Task <volcano-tests/early-0-worker-1> on Node <volcano-lab-worker>.
I0906 15:29:16.976323       1 reclaim.go:135] No preemptor task in job <volcano-tests/early-0-2e2d493f-d181-47e8-945c-6cad70b7cb25>.
I0906 15:29:16.976328       1 statement.go:366] Discarding operations ...
I0906 15:29:16.976342       1 allocate.go:138] Try to allocate resource to 1 Queues
I0906 15:29:16.976356       1 allocate.go:328] "Try to allocate resource" queue="lab" job="volcano-tests/early-0-2e2d493f-d181-47e8-945c-6cad70b7cb25" taskNum=2
I0906 15:29:16.976366       1 allocate.go:757] There are <3> nodes for Job <volcano-tests/early-0-2e2d493f-d181-47e8-945c-6cad70b7cb25>
I0906 15:29:16.976399       1 predicate_helper.go:115] Predicates failed: task volcano-tests/early-0-worker-0 on node volcano-lab-control-plane fit failed: Insufficient volcano.sh/vgpu-memory
W0906 15:29:16.976413       1 deviceshare.go:256] Devices hamivgpu assertion conversion failed, skip
W0906 15:29:16.976425       1 deviceshare.go:256] Devices hamivgpu assertion conversion failed, skip
I0906 15:29:16.977249       1 allocate.go:934] Binding Task <volcano-tests/early-0-worker-0> to node <volcano-lab-worker>
I0906 15:29:16.977434       1 statement.go:277] After allocated Task <volcano-tests/early-0-worker-0> to Node <volcano-lab-worker>: idle <cpu 11290.00, memory 27959619584.00, ephemeral-storage 1005867986944000.00, hugepages-1Gi 0.00, hugepages-2Mi 0.00, pods 103.00, volcano.sh/vgpu-cores 180000.00, volcano.sh/vgpu-memory 788000.00, volcano.sh/vgpu-number 19000.00>, used <cpu 710.00, memory 1193279488.00, pods 7.00, volcano.sh/vgpu-cores 20000.00, volcano.sh/vgpu-memory 30000.00, volcano.sh/vgpu-number 1000.00>, releasing <cpu 0.00, memory 0.00>
W0906 15:29:16.977493       1 predicates.go:249] Devices hamivgpu assertion conversion failed, skip
I0906 15:29:16.977539       1 statement.go:307] Allocating operations ...
I0906 15:29:16.977553       1 allocate.go:757] There are <3> nodes for Job <volcano-tests/early-0-2e2d493f-d181-47e8-945c-6cad70b7cb25>
W0906 15:29:16.977590       1 deviceshare.go:256] Devices hamivgpu assertion conversion failed, skip
W0906 15:29:16.977653       1 deviceshare.go:256] Devices hamivgpu assertion conversion failed, skip
I0906 15:29:16.977799       1 allocate.go:934] Binding Task <volcano-tests/early-0-worker-1> to node <volcano-lab-worker>
I0906 15:29:16.977811       1 statement.go:277] After allocated Task <volcano-tests/early-0-worker-1> to Node <volcano-lab-worker>: idle <cpu 11190.00, memory 27926065152.00, ephemeral-storage 1005867986944000.00, hugepages-1Gi 0.00, hugepages-2Mi 0.00, pods 102.00, volcano.sh/vgpu-cores 160000.00, volcano.sh/vgpu-memory 758000.00, volcano.sh/vgpu-number 18000.00>, used <cpu 810.00, memory 1226833920.00, pods 8.00, volcano.sh/vgpu-cores 40000.00, volcano.sh/vgpu-memory 60000.00, volcano.sh/vgpu-number 2000.00>, releasing <cpu 0.00, memory 0.00>
W0906 15:29:16.977842       1 predicates.go:249] Devices hamivgpu assertion conversion failed, skip
I0906 15:29:16.977859       1 statement.go:307] Allocating operations ...
I0906 15:29:16.977876       1 allocate.go:833] "SubJob ready, return statement" job="volcano-tests/early-0-2e2d493f-d181-47e8-945c-6cad70b7cb25" subJob="volcano-tests/early-0-2e2d493f-d181-47e8-945c-6cad70b7cb25"
I0906 15:29:16.977882       1 statement.go:393] Committing operations ...
I0906 15:29:16.977911       1 proportion.go:326] Queue <lab> is overused: deserved <cpu 200.00, memory 67108864.00, ephemeral-storage 0.00, hugepages-1Gi 0.00, hugepages-2Mi 0.00, pods 2.00, volcano.sh/vgpu-cores 40000.00, volcano.sh/vgpu-memory 60000.00, volcano.sh/vgpu-number 2000.00>, allocated <cpu 200.00, memory 67108864.00, pods 2.00, volcano.sh/vgpu-cores 40000.00, volcano.sh/vgpu-memory 60000.00, volcano.sh/vgpu-number 2000.00>, share <1>
I0906 15:29:16.977924       1 allocate.go:295] Queue <lab> is overused, ignore it.
I0906 15:29:16.998755       1 cache.go:992] bind ok, latency 14.996639ms
I0906 15:29:16.998771       1 cache.go:992] bind ok, latency 15.014512ms
I0906 15:29:17.009329       1 session.go:577] Close Session 04920086-50ea-4653-bb0e-38e2a51051e7
I0906 15:29:17.066227       1 cache.go:1126] Try to delete Job <volcano-tests/early-0-2e2d493f-d181-47e8-945c-6cad70b7cb25:volcano-tests/early-0-2e2d493f-d181-47e8-945c-6cad70b7cb25>
I0906 15:29:17.066247       1 cache.go:1171] Retry to delete Job <volcano-tests/early-0-2e2d493f-d181-47e8-945c-6cad70b7cb25:volcano-tests/early-0-2e2d493f-d181-47e8-945c-6cad70b7cb25>
I0906 15:29:17.071435       1 cache.go:1171] Retry to delete Job <volcano-tests/early-0-2e2d493f-d181-47e8-945c-6cad70b7cb25:volcano-tests/early-0-2e2d493f-d181-47e8-945c-6cad70b7cb25>
I0906 15:29:17.081642       1 cache.go:1171] Retry to delete Job <volcano-tests/early-0-2e2d493f-d181-47e8-945c-6cad70b7cb25:volcano-tests/early-0-2e2d493f-d181-47e8-945c-6cad70b7cb25>
I0906 15:29:17.102040       1 cache.go:1171] Retry to delete Job <volcano-tests/early-0-2e2d493f-d181-47e8-945c-6cad70b7cb25:volcano-tests/early-0-2e2d493f-d181-47e8-945c-6cad70b7cb25>
I0906 15:29:17.142497       1 cache.go:1171] Retry to delete Job <volcano-tests/early-0-2e2d493f-d181-47e8-945c-6cad70b7cb25:volcano-tests/early-0-2e2d493f-d181-47e8-945c-6cad70b7cb25>
I0906 15:29:17.223262       1 cache.go:1171] Retry to delete Job <volcano-tests/early-0-2e2d493f-d181-47e8-945c-6cad70b7cb25:volcano-tests/early-0-2e2d493f-d181-47e8-945c-6cad70b7cb25>
I0906 15:29:17.383774       1 cache.go:1171] Retry to delete Job <volcano-tests/early-0-2e2d493f-d181-47e8-945c-6cad70b7cb25:volcano-tests/early-0-2e2d493f-d181-47e8-945c-6cad70b7cb25>
I0906 15:29:17.652826       1 event_handlers.go:476] Deleted pod <volcano-tests/early-0-worker-1> from cache.
I0906 15:29:17.654501       1 cache.go:1126] Try to delete Job <volcano-tests/early-0-2e2d493f-d181-47e8-945c-6cad70b7cb25:volcano-tests/early-0-2e2d493f-d181-47e8-945c-6cad70b7cb25>
I0906 15:29:17.654517       1 event_handlers.go:476] Deleted pod <volcano-tests/early-0-worker-0> from cache.
I0906 15:29:17.654535       1 cache.go:1166] Job <volcano-tests/early-0-2e2d493f-d181-47e8-945c-6cad70b7cb25:volcano-tests/early-0-2e2d493f-d181-47e8-945c-6cad70b7cb25> was deleted.
I0906 15:29:17.704098       1 cache.go:1154] Failed to find Job <volcano-tests/early-0-2e2d493f-d181-47e8-945c-6cad70b7cb25>, ignore it
I0906 15:29:18.009865       1 device_info.go:111] GPU sharing mode:  hami-core
I0906 15:29:18.009898       1 device_info.go:113] "Nvidia Device registered name" name="volcano-lab-worker" val={"ID":0,"Node":"volcano-lab-worker","UUID":"GPU-12345678-1234-1234-1234-123456780000","PodMap":{},"Memory":409,"Number":10,"Type":"NVIDIA-NVIDIA A100-SXM4-40GB","Health":true,"UsedNum":0,"UsedMem":0,"UsedCore":0,"MigTemplate":[],"MigUsage":{"Index":-1,"UsageList":null}}
I0906 15:29:18.009925       1 device_info.go:113] "Nvidia Device registered name" name="volcano-lab-worker" val={"ID":1,"Node":"volcano-lab-worker","UUID":"GPU-12345678-1234-1234-1234-123456780001","PodMap":{},"Memory":409,"Number":10,"Type":"NVIDIA-NVIDIA A100-SXM4-40GB","Health":true,"UsedNum":0,"UsedMem":0,"UsedCore":0,"MigTemplate":[],"MigUsage":{"Index":-1,"UsageList":null}}
I0906 15:29:18.009942       1 device_info.go:111] GPU sharing mode:  hami-core
I0906 15:29:18.009955       1 device_info.go:113] "Nvidia Device registered name" name="volcano-lab-worker" val={"ID":0,"Node":"volcano-lab-worker","UUID":"GPU-12345678-1234-1234-1234-123456780000","PodMap":{},"Memory":409,"Number":10,"Type":"NVIDIA-NVIDIA A100-SXM4-40GB","Health":true,"UsedNum":0,"UsedMem":0,"UsedCore":0,"MigTemplate":[],"MigUsage":{"Index":-1,"UsageList":null}}
I0906 15:29:18.009972       1 device_info.go:113] "Nvidia Device registered name" name="volcano-lab-worker" val={"ID":1,"Node":"volcano-lab-worker","UUID":"GPU-12345678-1234-1234-1234-123456780001","PodMap":{},"Memory":409,"Number":10,"Type":"NVIDIA-NVIDIA A100-SXM4-40GB","Health":true,"UsedNum":0,"UsedMem":0,"UsedCore":0,"MigTemplate":[],"MigUsage":{"Index":-1,"UsageList":null}}
E0906 15:29:18.009995       1 device_info.go:189] pod grafana-7c5659d458-xrbnn has no annotation volcano.sh/devices-to-allocate
E0906 15:29:18.010010       1 device_info.go:189] pod kindnet-k2m7h has no annotation volcano.sh/devices-to-allocate
E0906 15:29:18.010029       1 device_info.go:189] pod mock1-nvml-mock-9rgh9 has no annotation volcano.sh/devices-to-allocate
E0906 15:29:18.010091       1 device_info.go:189] pod volcano-scheduler-75847d877-kglkg has no annotation volcano.sh/devices-to-allocate
E0906 15:29:18.010104       1 device_info.go:189] pod kube-proxy-btcmr has no annotation volcano.sh/devices-to-allocate
E0906 15:29:18.010114       1 device_info.go:189] pod volcano-device-plugin-2sg22 has no annotation volcano.sh/devices-to-allocate
I0906 15:29:18.010164       1 device_info.go:111] GPU sharing mode:  hami-core
I0906 15:29:18.010180       1 device_info.go:113] "Nvidia Device registered name" name="volcano-lab-worker2" val={"ID":0,"Node":"volcano-lab-worker2","UUID":"GPU-22345678-1234-1234-1234-123456780001","PodMap":{},"Memory":409,"Number":10,"Type":"NVIDIA-NVIDIA A100-SXM4-40GB","Health":true,"UsedNum":0,"UsedMem":0,"UsedCore":0,"MigTemplate":[],"MigUsage":{"Index":-1,"UsageList":null}}
I0906 15:29:18.010198       1 device_info.go:113] "Nvidia Device registered name" name="volcano-lab-worker2" val={"ID":1,"Node":"volcano-lab-worker2","UUID":"GPU-22345678-1234-1234-1234-123456780000","PodMap":{},"Memory":409,"Number":10,"Type":"NVIDIA-NVIDIA A100-SXM4-40GB","Health":true,"UsedNum":0,"UsedMem":0,"UsedCore":0,"MigTemplate":[],"MigUsage":{"Index":-1,"UsageList":null}}
I0906 15:29:18.010209       1 device_info.go:111] GPU sharing mode:  hami-core
I0906 15:29:18.010236       1 device_info.go:113] "Nvidia Device registered name" name="volcano-lab-worker2" val={"ID":0,"Node":"volcano-lab-worker2","UUID":"GPU-22345678-1234-1234-1234-123456780001","PodMap":{},"Memory":409,"Number":10,"Type":"NVIDIA-NVIDIA A100-SXM4-40GB","Health":true,"UsedNum":0,"UsedMem":0,"UsedCore":0,"MigTemplate":[],"MigUsage":{"Index":-1,"UsageList":null}}
I0906 15:29:18.010248       1 device_info.go:113] "Nvidia Device registered name" name="volcano-lab-worker2" val={"ID":1,"Node":"volcano-lab-worker2","UUID":"GPU-22345678-1234-1234-1234-123456780000","PodMap":{},"Memory":409,"Number":10,"Type":"NVIDIA-NVIDIA A100-SXM4-40GB","Health":true,"UsedNum":0,"UsedMem":0,"UsedCore":0,"MigTemplate":[],"MigUsage":{"Index":-1,"UsageList":null}}
E0906 15:29:18.010262       1 device_info.go:189] pod kube-state-metrics-5ffcdf767c-gf9d5 has no annotation volcano.sh/devices-to-allocate
E0906 15:29:18.010272       1 device_info.go:189] pod mock2-nvml-mock-mtnbp has no annotation volcano.sh/devices-to-allocate
E0906 15:29:18.010288       1 device_info.go:189] pod kindnet-5whpw has no annotation volcano.sh/devices-to-allocate
E0906 15:29:18.010300       1 device_info.go:189] pod kube-proxy-gwssg has no annotation volcano.sh/devices-to-allocate
E0906 15:29:18.010324       1 device_info.go:189] pod volcano-admission-5b979dc8f6-8rdzl has no annotation volcano.sh/devices-to-allocate
E0906 15:29:18.010336       1 device_info.go:189] pod volcano-controllers-5b976c6d4b-rkqw6 has no annotation volcano.sh/devices-to-allocate
E0906 15:29:18.010343       1 device_info.go:189] pod prometheus-deployment-7cb9b4545b-h2fz4 has no annotation volcano.sh/devices-to-allocate
E0906 15:29:18.010349       1 device_info.go:189] pod volcano-device-plugin-jj26z has no annotation volcano.sh/devices-to-allocate
I0906 15:29:18.010416       1 cache.go:1581] "SnapShot for scheduling" jobNum=0 QueueNum=3 NodeNum=3
I0906 15:29:18.010435       1 session.go:1036] Start adjusting jobs' network topology spec according to hyperNodeTierNameMap map[]
I0906 15:29:18.010446       1 session.go:1079] Finish adjusting jobs' network topology spec according to hyperNodeTierNameMap map[]
I0906 15:29:18.010460       1 session.go:279] Open Session ec90ebcf-9f74-4087-a39c-4763be80e8c2 with <0> Job and <3> Queues. HyperNodesReadyToSchedule: true
I0906 15:29:18.010808       1 gpuexclusive.go:437] gpuexclusive: no rules configured, skipping GPU exclusivity wrapping
I0906 15:29:18.010826       1 enqueue.go:79] Try to enqueue PodGroup to 0 Queues
I0906 15:29:18.010836       1 reclaim.go:68] There are <0> Jobs and <3> Queues in total for scheduling.
I0906 15:29:18.010850       1 allocate.go:138] Try to allocate resource to 0 Queues
I0906 15:29:18.023326       1 session.go:577] Close Session ec90ebcf-9f74-4087-a39c-4763be80e8c2
I0906 15:29:19.024239       1 device_info.go:111] GPU sharing mode:  hami-core
I0906 15:29:19.024284       1 device_info.go:113] "Nvidia Device registered name" name="volcano-lab-worker" val={"ID":0,"Node":"volcano-lab-worker","UUID":"GPU-12345678-1234-1234-1234-123456780000","PodMap":{},"Memory":409,"Number":10,"Type":"NVIDIA-NVIDIA A100-SXM4-40GB","Health":true,"UsedNum":0,"UsedMem":0,"UsedCore":0,"MigTemplate":[],"MigUsage":{"Index":-1,"UsageList":null}}
I0906 15:29:19.024317       1 device_info.go:113] "Nvidia Device registered name" name="volcano-lab-worker" val={"ID":1,"Node":"volcano-lab-worker","UUID":"GPU-12345678-1234-1234-1234-123456780001","PodMap":{},"Memory":409,"Number":10,"Type":"NVIDIA-NVIDIA A100-SXM4-40GB","Health":true,"UsedNum":0,"UsedMem":0,"UsedCore":0,"MigTemplate":[],"MigUsage":{"Index":-1,"UsageList":null}}
I0906 15:29:19.024340       1 device_info.go:111] GPU sharing mode:  hami-core
I0906 15:29:19.024370       1 device_info.go:113] "Nvidia Device registered name" name="volcano-lab-worker" val={"ID":0,"Node":"volcano-lab-worker","UUID":"GPU-12345678-1234-1234-1234-123456780000","PodMap":{},"Memory":409,"Number":10,"Type":"NVIDIA-NVIDIA A100-SXM4-40GB","Health":true,"UsedNum":0,"UsedMem":0,"UsedCore":0,"MigTemplate":[],"MigUsage":{"Index":-1,"UsageList":null}}
I0906 15:29:19.024410       1 device_info.go:113] "Nvidia Device registered name" name="volcano-lab-worker" val={"ID":1,"Node":"volcano-lab-worker","UUID":"GPU-12345678-1234-1234-1234-123456780001","PodMap":{},"Memory":409,"Number":10,"Type":"NVIDIA-NVIDIA A100-SXM4-40GB","Health":true,"UsedNum":0,"UsedMem":0,"UsedCore":0,"MigTemplate":[],"MigUsage":{"Index":-1,"UsageList":null}}
E0906 15:29:19.024432       1 device_info.go:189] pod kube-proxy-btcmr has no annotation volcano.sh/devices-to-allocate
E0906 15:29:19.024444       1 device_info.go:189] pod volcano-device-plugin-2sg22 has no annotation volcano.sh/devices-to-allocate
E0906 15:29:19.024451       1 device_info.go:189] pod grafana-7c5659d458-xrbnn has no annotation volcano.sh/devices-to-allocate
E0906 15:29:19.024460       1 device_info.go:189] pod kindnet-k2m7h has no annotation volcano.sh/devices-to-allocate
E0906 15:29:19.024467       1 device_info.go:189] pod mock1-nvml-mock-9rgh9 has no annotation volcano.sh/devices-to-allocate
E0906 15:29:19.024477       1 device_info.go:189] pod volcano-scheduler-75847d877-kglkg has no annotation volcano.sh/devices-to-allocate
I0906 15:29:19.024526       1 device_info.go:111] GPU sharing mode:  hami-core
I0906 15:29:19.024541       1 device_info.go:113] "Nvidia Device registered name" name="volcano-lab-worker2" val={"ID":0,"Node":"volcano-lab-worker2","UUID":"GPU-22345678-1234-1234-1234-123456780001","PodMap":{},"Memory":409,"Number":10,"Type":"NVIDIA-NVIDIA A100-SXM4-40GB","Health":true,"UsedNum":0,"UsedMem":0,"UsedCore":0,"MigTemplate":[],"MigUsage":{"Index":-1,"UsageList":null}}
I0906 15:29:19.024562       1 device_info.go:113] "Nvidia Device registered name" name="volcano-lab-worker2" val={"ID":1,"Node":"volcano-lab-worker2","UUID":"GPU-22345678-1234-1234-1234-123456780000","PodMap":{},"Memory":409,"Number":10,"Type":"NVIDIA-NVIDIA A100-SXM4-40GB","Health":true,"UsedNum":0,"UsedMem":0,"UsedCore":0,"MigTemplate":[],"MigUsage":{"Index":-1,"UsageList":null}}
I0906 15:29:19.024582       1 device_info.go:111] GPU sharing mode:  hami-core
I0906 15:29:19.024602       1 device_info.go:113] "Nvidia Device registered name" name="volcano-lab-worker2" val={"ID":0,"Node":"volcano-lab-worker2","UUID":"GPU-22345678-1234-1234-1234-123456780001","PodMap":{},"Memory":409,"Number":10,"Type":"NVIDIA-NVIDIA A100-SXM4-40GB","Health":true,"UsedNum":0,"UsedMem":0,"UsedCore":0,"MigTemplate":[],"MigUsage":{"Index":-1,"UsageList":null}}
I0906 15:29:19.024623       1 device_info.go:113] "Nvidia Device registered name" name="volcano-lab-worker2" val={"ID":1,"Node":"volcano-lab-worker2","UUID":"GPU-22345678-1234-1234-1234-123456780000","PodMap":{},"Memory":409,"Number":10,"Type":"NVIDIA-NVIDIA A100-SXM4-40GB","Health":true,"UsedNum":0,"UsedMem":0,"UsedCore":0,"MigTemplate":[],"MigUsage":{"Index":-1,"UsageList":null}}
E0906 15:29:19.024645       1 device_info.go:189] pod kube-state-metrics-5ffcdf767c-gf9d5 has no annotation volcano.sh/devices-to-allocate
E0906 15:29:19.024661       1 device_info.go:189] pod mock2-nvml-mock-mtnbp has no annotation volcano.sh/devices-to-allocate
E0906 15:29:19.024669       1 device_info.go:189] pod kindnet-5whpw has no annotation volcano.sh/devices-to-allocate
E0906 15:29:19.024675       1 device_info.go:189] pod kube-proxy-gwssg has no annotation volcano.sh/devices-to-allocate
E0906 15:29:19.024684       1 device_info.go:189] pod volcano-admission-5b979dc8f6-8rdzl has no annotation volcano.sh/devices-to-allocate
E0906 15:29:19.024694       1 device_info.go:189] pod volcano-controllers-5b976c6d4b-rkqw6 has no annotation volcano.sh/devices-to-allocate
E0906 15:29:19.024704       1 device_info.go:189] pod prometheus-deployment-7cb9b4545b-h2fz4 has no annotation volcano.sh/devices-to-allocate
E0906 15:29:19.024714       1 device_info.go:189] pod volcano-device-plugin-jj26z has no annotation volcano.sh/devices-to-allocate
I0906 15:29:19.024778       1 cache.go:1581] "SnapShot for scheduling" jobNum=0 QueueNum=3 NodeNum=3
I0906 15:29:19.024795       1 session.go:1036] Start adjusting jobs' network topology spec according to hyperNodeTierNameMap map[]
I0906 15:29:19.024806       1 session.go:1079] Finish adjusting jobs' network topology spec according to hyperNodeTierNameMap map[]
I0906 15:29:19.024827       1 session.go:279] Open Session 0564e09a-81e9-491c-9a67-6ecbd25d3429 with <0> Job and <3> Queues. HyperNodesReadyToSchedule: true
I0906 15:29:19.025212       1 gpuexclusive.go:437] gpuexclusive: no rules configured, skipping GPU exclusivity wrapping
I0906 15:29:19.025223       1 enqueue.go:79] Try to enqueue PodGroup to 0 Queues
I0906 15:29:19.025229       1 reclaim.go:68] There are <0> Jobs and <3> Queues in total for scheduling.
I0906 15:29:19.025235       1 allocate.go:138] Try to allocate resource to 0 Queues
I0906 15:29:19.025261       1 session.go:577] Close Session 0564e09a-81e9-491c-9a67-6ecbd25d3429
I0906 15:29:20.026157       1 device_info.go:111] GPU sharing mode:  hami-core
I0906 15:29:20.026204       1 device_info.go:113] "Nvidia Device registered name" name="volcano-lab-worker" val={"ID":0,"Node":"volcano-lab-worker","UUID":"GPU-12345678-1234-1234-1234-123456780000","PodMap":{},"Memory":409,"Number":10,"Type":"NVIDIA-NVIDIA A100-SXM4-40GB","Health":true,"UsedNum":0,"UsedMem":0,"UsedCore":0,"MigTemplate":[],"MigUsage":{"Index":-1,"UsageList":null}}
I0906 15:29:20.026249       1 device_info.go:113] "Nvidia Device registered name" name="volcano-lab-worker" val={"ID":1,"Node":"volcano-lab-worker","UUID":"GPU-12345678-1234-1234-1234-123456780001","PodMap":{},"Memory":409,"Number":10,"Type":"NVIDIA-NVIDIA A100-SXM4-40GB","Health":true,"UsedNum":0,"UsedMem":0,"UsedCore":0,"MigTemplate":[],"MigUsage":{"Index":-1,"UsageList":null}}
I0906 15:29:20.026283       1 device_info.go:111] GPU sharing mode:  hami-core
I0906 15:29:20.026308       1 device_info.go:113] "Nvidia Device registered name" name="volcano-lab-worker" val={"ID":0,"Node":"volcano-lab-worker","UUID":"GPU-12345678-1234-1234-1234-123456780000","PodMap":{},"Memory":409,"Number":10,"Type":"NVIDIA-NVIDIA A100-SXM4-40GB","Health":true,"UsedNum":0,"UsedMem":0,"UsedCore":0,"MigTemplate":[],"MigUsage":{"Index":-1,"UsageList":null}}
I0906 15:29:20.026341       1 device_info.go:113] "Nvidia Device registered name" name="volcano-lab-worker" val={"ID":1,"Node":"volcano-lab-worker","UUID":"GPU-12345678-1234-1234-1234-123456780001","PodMap":{},"Memory":409,"Number":10,"Type":"NVIDIA-NVIDIA A100-SXM4-40GB","Health":true,"UsedNum":0,"UsedMem":0,"UsedCore":0,"MigTemplate":[],"MigUsage":{"Index":-1,"UsageList":null}}
E0906 15:29:20.026375       1 device_info.go:189] pod grafana-7c5659d458-xrbnn has no annotation volcano.sh/devices-to-allocate
E0906 15:29:20.026398       1 device_info.go:189] pod kindnet-k2m7h has no annotation volcano.sh/devices-to-allocate
E0906 15:29:20.026413       1 device_info.go:189] pod mock1-nvml-mock-9rgh9 has no annotation volcano.sh/devices-to-allocate
E0906 15:29:20.026430       1 device_info.go:189] pod volcano-scheduler-75847d877-kglkg has no annotation volcano.sh/devices-to-allocate
E0906 15:29:20.026447       1 device_info.go:189] pod kube-proxy-btcmr has no annotation volcano.sh/devices-to-allocate
E0906 15:29:20.026465       1 device_info.go:189] pod volcano-device-plugin-2sg22 has no annotation volcano.sh/devices-to-allocate
I0906 15:29:20.026552       1 device_info.go:111] GPU sharing mode:  hami-core
I0906 15:29:20.026575       1 device_info.go:113] "Nvidia Device registered name" name="volcano-lab-worker2" val={"ID":0,"Node":"volcano-lab-worker2","UUID":"GPU-22345678-1234-1234-1234-123456780001","PodMap":{},"Memory":409,"Number":10,"Type":"NVIDIA-NVIDIA A100-SXM4-40GB","Health":true,"UsedNum":0,"UsedMem":0,"UsedCore":0,"MigTemplate":[],"MigUsage":{"Index":-1,"UsageList":null}}
I0906 15:29:20.026616       1 device_info.go:113] "Nvidia Device registered name" name="volcano-lab-worker2" val={"ID":1,"Node":"volcano-lab-worker2","UUID":"GPU-22345678-1234-1234-1234-123456780000","PodMap":{},"Memory":409,"Number":10,"Type":"NVIDIA-NVIDIA A100-SXM4-40GB","Health":true,"UsedNum":0,"UsedMem":0,"UsedCore":0,"MigTemplate":[],"MigUsage":{"Index":-1,"UsageList":null}}
I0906 15:29:20.026671       1 device_info.go:111] GPU sharing mode:  hami-core
I0906 15:29:20.026693       1 device_info.go:113] "Nvidia Device registered name" name="volcano-lab-worker2" val={"ID":0,"Node":"volcano-lab-worker2","UUID":"GPU-22345678-1234-1234-1234-123456780001","PodMap":{},"Memory":409,"Number":10,"Type":"NVIDIA-NVIDIA A100-SXM4-40GB","Health":true,"UsedNum":0,"UsedMem":0,"UsedCore":0,"MigTemplate":[],"MigUsage":{"Index":-1,"UsageList":null}}
I0906 15:29:20.026720       1 device_info.go:113] "Nvidia Device registered name" name="volcano-lab-worker2" val={"ID":1,"Node":"volcano-lab-worker2","UUID":"GPU-22345678-1234-1234-1234-123456780000","PodMap":{},"Memory":409,"Number":10,"Type":"NVIDIA-NVIDIA A100-SXM4-40GB","Health":true,"UsedNum":0,"UsedMem":0,"UsedCore":0,"MigTemplate":[],"MigUsage":{"Index":-1,"UsageList":null}}
E0906 15:29:20.026754       1 device_info.go:189] pod kindnet-5whpw has no annotation volcano.sh/devices-to-allocate
E0906 15:29:20.026771       1 device_info.go:189] pod kube-proxy-gwssg has no annotation volcano.sh/devices-to-allocate
E0906 15:29:20.026787       1 device_info.go:189] pod volcano-admission-5b979dc8f6-8rdzl has no annotation volcano.sh/devices-to-allocate
E0906 15:29:20.026804       1 device_info.go:189] pod volcano-controllers-5b976c6d4b-rkqw6 has no annotation volcano.sh/devices-to-allocate
E0906 15:29:20.026818       1 device_info.go:189] pod prometheus-deployment-7cb9b4545b-h2fz4 has no annotation volcano.sh/devices-to-allocate
E0906 15:29:20.026833       1 device_info.go:189] pod volcano-device-plugin-jj26z has no annotation volcano.sh/devices-to-allocate
E0906 15:29:20.026843       1 device_info.go:189] pod kube-state-metrics-5ffcdf767c-gf9d5 has no annotation volcano.sh/devices-to-allocate
E0906 15:29:20.026852       1 device_info.go:189] pod mock2-nvml-mock-mtnbp has no annotation volcano.sh/devices-to-allocate
I0906 15:29:20.026952       1 cache.go:1581] "SnapShot for scheduling" jobNum=0 QueueNum=3 NodeNum=3
I0906 15:29:20.026994       1 session.go:1036] Start adjusting jobs' network topology spec according to hyperNodeTierNameMap map[]
I0906 15:29:20.027015       1 session.go:1079] Finish adjusting jobs' network topology spec according to hyperNodeTierNameMap map[]
I0906 15:29:20.027060       1 session.go:279] Open Session 55c2243f-20aa-4987-b5c0-94b28440cbda with <0> Job and <3> Queues. HyperNodesReadyToSchedule: true
I0906 15:29:20.027667       1 gpuexclusive.go:437] gpuexclusive: no rules configured, skipping GPU exclusivity wrapping
I0906 15:29:20.027678       1 enqueue.go:79] Try to enqueue PodGroup to 0 Queues
I0906 15:29:20.027688       1 reclaim.go:68] There are <0> Jobs and <3> Queues in total for scheduling.
I0906 15:29:20.027698       1 allocate.go:138] Try to allocate resource to 0 Queues
I0906 15:29:20.027732       1 session.go:577] Close Session 55c2243f-20aa-4987-b5c0-94b28440cbda
I0906 15:29:20.099326       1 device_info.go:111] GPU sharing mode:  hami-core
I0906 15:29:20.099390       1 device_info.go:113] "Nvidia Device registered name" name="volcano-lab-worker" val={"ID":0,"Node":"volcano-lab-worker","UUID":"GPU-12345678-1234-1234-1234-123456780000","PodMap":{},"Memory":409,"Number":10,"Type":"NVIDIA-NVIDIA A100-SXM4-40GB","Health":true,"UsedNum":0,"UsedMem":0,"UsedCore":0,"MigTemplate":[],"MigUsage":{"Index":-1,"UsageList":null}}
I0906 15:29:20.099414       1 device_info.go:113] "Nvidia Device registered name" name="volcano-lab-worker" val={"ID":1,"Node":"volcano-lab-worker","UUID":"GPU-12345678-1234-1234-1234-123456780001","PodMap":{},"Memory":409,"Number":10,"Type":"NVIDIA-NVIDIA A100-SXM4-40GB","Health":true,"UsedNum":0,"UsedMem":0,"UsedCore":0,"MigTemplate":[],"MigUsage":{"Index":-1,"UsageList":null}}
I0906 15:29:20.099428       1 device_info.go:111] GPU sharing mode:  hami-core
I0906 15:29:20.099435       1 device_info.go:113] "Nvidia Device registered name" name="volcano-lab-worker" val={"ID":0,"Node":"volcano-lab-worker","UUID":"GPU-12345678-1234-1234-1234-123456780000","PodMap":{},"Memory":409,"Number":10,"Type":"NVIDIA-NVIDIA A100-SXM4-40GB","Health":true,"UsedNum":0,"UsedMem":0,"UsedCore":0,"MigTemplate":[],"MigUsage":{"Index":-1,"UsageList":null}}
I0906 15:29:20.099443       1 device_info.go:113] "Nvidia Device registered name" name="volcano-lab-worker" val={"ID":1,"Node":"volcano-lab-worker","UUID":"GPU-12345678-1234-1234-1234-123456780001","PodMap":{},"Memory":409,"Number":10,"Type":"NVIDIA-NVIDIA A100-SXM4-40GB","Health":true,"UsedNum":0,"UsedMem":0,"UsedCore":0,"MigTemplate":[],"MigUsage":{"Index":-1,"UsageList":null}}
E0906 15:29:20.099458       1 device_info.go:189] pod kube-proxy-btcmr has no annotation volcano.sh/devices-to-allocate
E0906 15:29:20.099465       1 device_info.go:189] pod volcano-device-plugin-2sg22 has no annotation volcano.sh/devices-to-allocate
E0906 15:29:20.099473       1 device_info.go:189] pod grafana-7c5659d458-xrbnn has no annotation volcano.sh/devices-to-allocate
E0906 15:29:20.099478       1 device_info.go:189] pod kindnet-k2m7h has no annotation volcano.sh/devices-to-allocate
E0906 15:29:20.099484       1 device_info.go:189] pod mock1-nvml-mock-9rgh9 has no annotation volcano.sh/devices-to-allocate
E0906 15:29:20.099489       1 device_info.go:189] pod volcano-scheduler-75847d877-kglkg has no annotation volcano.sh/devices-to-allocate
I0906 15:29:20.099504       1 device_info.go:111] GPU sharing mode:  hami-core
I0906 15:29:20.099510       1 device_info.go:113] "Nvidia Device registered name" name="volcano-lab-worker" val={"ID":0,"Node":"volcano-lab-worker","UUID":"GPU-12345678-1234-1234-1234-123456780000","PodMap":{},"Memory":409,"Number":10,"Type":"NVIDIA-NVIDIA A100-SXM4-40GB","Health":true,"UsedNum":0,"UsedMem":0,"UsedCore":0,"MigTemplate":[],"MigUsage":{"Index":-1,"UsageList":null}}
I0906 15:29:20.099519       1 device_info.go:113] "Nvidia Device registered name" name="volcano-lab-worker" val={"ID":1,"Node":"volcano-lab-worker","UUID":"GPU-12345678-1234-1234-1234-123456780001","PodMap":{},"Memory":409,"Number":10,"Type":"NVIDIA-NVIDIA A100-SXM4-40GB","Health":true,"UsedNum":0,"UsedMem":0,"UsedCore":0,"MigTemplate":[],"MigUsage":{"Index":-1,"UsageList":null}}
I0906 15:29:20.099526       1 device_info.go:111] GPU sharing mode:  hami-core
I0906 15:29:20.099532       1 device_info.go:113] "Nvidia Device registered name" name="volcano-lab-worker" val={"ID":0,"Node":"volcano-lab-worker","UUID":"GPU-12345678-1234-1234-1234-123456780000","PodMap":{},"Memory":409,"Number":10,"Type":"NVIDIA-NVIDIA A100-SXM4-40GB","Health":true,"UsedNum":0,"UsedMem":0,"UsedCore":0,"MigTemplate":[],"MigUsage":{"Index":-1,"UsageList":null}}
I0906 15:29:20.099538       1 device_info.go:113] "Nvidia Device registered name" name="volcano-lab-worker" val={"ID":1,"Node":"volcano-lab-worker","UUID":"GPU-12345678-1234-1234-1234-123456780001","PodMap":{},"Memory":409,"Number":10,"Type":"NVIDIA-NVIDIA A100-SXM4-40GB","Health":true,"UsedNum":0,"UsedMem":0,"UsedCore":0,"MigTemplate":[],"MigUsage":{"Index":-1,"UsageList":null}}
E0906 15:29:20.099569       1 device_info.go:189] pod volcano-scheduler-75847d877-kglkg has no annotation volcano.sh/devices-to-allocate
E0906 15:29:20.099573       1 device_info.go:189] pod kube-proxy-btcmr has no annotation volcano.sh/devices-to-allocate
E0906 15:29:20.099576       1 device_info.go:189] pod volcano-device-plugin-2sg22 has no annotation volcano.sh/devices-to-allocate
E0906 15:29:20.099580       1 device_info.go:189] pod grafana-7c5659d458-xrbnn has no annotation volcano.sh/devices-to-allocate
E0906 15:29:20.099583       1 device_info.go:189] pod kindnet-k2m7h has no annotation volcano.sh/devices-to-allocate
E0906 15:29:20.099586       1 device_info.go:189] pod mock1-nvml-mock-9rgh9 has no annotation volcano.sh/devices-to-allocate
I0906 15:29:20.099591       1 device_info.go:111] GPU sharing mode:  hami-core
I0906 15:29:20.099597       1 device_info.go:113] "Nvidia Device registered name" name="volcano-lab-worker" val={"ID":0,"Node":"volcano-lab-worker","UUID":"GPU-12345678-1234-1234-1234-123456780000","PodMap":{},"Memory":409,"Number":10,"Type":"NVIDIA-NVIDIA A100-SXM4-40GB","Health":true,"UsedNum":0,"UsedMem":0,"UsedCore":0,"MigTemplate":[],"MigUsage":{"Index":-1,"UsageList":null}}
I0906 15:29:20.099605       1 device_info.go:113] "Nvidia Device registered name" name="volcano-lab-worker" val={"ID":1,"Node":"volcano-lab-worker","UUID":"GPU-12345678-1234-1234-1234-123456780001","PodMap":{},"Memory":409,"Number":10,"Type":"NVIDIA-NVIDIA A100-SXM4-40GB","Health":true,"UsedNum":0,"UsedMem":0,"UsedCore":0,"MigTemplate":[],"MigUsage":{"Index":-1,"UsageList":null}}
I0906 15:29:20.099611       1 device_info.go:111] GPU sharing mode:  hami-core
I0906 15:29:20.099616       1 device_info.go:113] "Nvidia Device registered name" name="volcano-lab-worker" val={"ID":1,"Node":"volcano-lab-worker","UUID":"GPU-12345678-1234-1234-1234-123456780001","PodMap":{},"Memory":409,"Number":10,"Type":"NVIDIA-NVIDIA A100-SXM4-40GB","Health":true,"UsedNum":0,"UsedMem":0,"UsedCore":0,"MigTemplate":[],"MigUsage":{"Index":-1,"UsageList":null}}
I0906 15:29:20.099623       1 device_info.go:113] "Nvidia Device registered name" name="volcano-lab-worker" val={"ID":0,"Node":"volcano-lab-worker","UUID":"GPU-12345678-1234-1234-1234-123456780000","PodMap":{},"Memory":409,"Number":10,"Type":"NVIDIA-NVIDIA A100-SXM4-40GB","Health":true,"UsedNum":0,"UsedMem":0,"UsedCore":0,"MigTemplate":[],"MigUsage":{"Index":-1,"UsageList":null}}
E0906 15:29:20.099644       1 device_info.go:189] pod volcano-device-plugin-2sg22 has no annotation volcano.sh/devices-to-allocate
E0906 15:29:20.099648       1 device_info.go:189] pod grafana-7c5659d458-xrbnn has no annotation volcano.sh/devices-to-allocate
E0906 15:29:20.099652       1 device_info.go:189] pod kindnet-k2m7h has no annotation volcano.sh/devices-to-allocate
E0906 15:29:20.099655       1 device_info.go:189] pod mock1-nvml-mock-9rgh9 has no annotation volcano.sh/devices-to-allocate
E0906 15:29:20.099658       1 device_info.go:189] pod volcano-scheduler-75847d877-kglkg has no annotation volcano.sh/devices-to-allocate
E0906 15:29:20.099661       1 device_info.go:189] pod kube-proxy-btcmr has no annotation volcano.sh/devices-to-allocate
I0906 15:29:21.028301       1 device_info.go:111] GPU sharing mode:  hami-core
I0906 15:29:21.028334       1 device_info.go:113] "Nvidia Device registered name" name="volcano-lab-worker" val={"ID":0,"Node":"volcano-lab-worker","UUID":"GPU-12345678-1234-1234-1234-123456780000","PodMap":{},"Memory":409,"Number":10,"Type":"NVIDIA-NVIDIA A100-SXM4-40GB","Health":true,"UsedNum":0,"UsedMem":0,"UsedCore":0,"MigTemplate":[],"MigUsage":{"Index":-1,"UsageList":null}}
I0906 15:29:21.028357       1 device_info.go:113] "Nvidia Device registered name" name="volcano-lab-worker" val={"ID":1,"Node":"volcano-lab-worker","UUID":"GPU-12345678-1234-1234-1234-123456780001","PodMap":{},"Memory":409,"Number":10,"Type":"NVIDIA-NVIDIA A100-SXM4-40GB","Health":true,"UsedNum":0,"UsedMem":0,"UsedCore":0,"MigTemplate":[],"MigUsage":{"Index":-1,"UsageList":null}}
I0906 15:29:21.028376       1 device_info.go:111] GPU sharing mode:  hami-core
I0906 15:29:21.028391       1 device_info.go:113] "Nvidia Device registered name" name="volcano-lab-worker" val={"ID":0,"Node":"volcano-lab-worker","UUID":"GPU-12345678-1234-1234-1234-123456780000","PodMap":{},"Memory":409,"Number":10,"Type":"NVIDIA-NVIDIA A100-SXM4-40GB","Health":true,"UsedNum":0,"UsedMem":0,"UsedCore":0,"MigTemplate":[],"MigUsage":{"Index":-1,"UsageList":null}}
I0906 15:29:21.028401       1 device_info.go:113] "Nvidia Device registered name" name="volcano-lab-worker" val={"ID":1,"Node":"volcano-lab-worker","UUID":"GPU-12345678-1234-1234-1234-123456780001","PodMap":{},"Memory":409,"Number":10,"Type":"NVIDIA-NVIDIA A100-SXM4-40GB","Health":true,"UsedNum":0,"UsedMem":0,"UsedCore":0,"MigTemplate":[],"MigUsage":{"Index":-1,"UsageList":null}}
E0906 15:29:21.028422       1 device_info.go:189] pod volcano-device-plugin-2sg22 has no annotation volcano.sh/devices-to-allocate
E0906 15:29:21.028433       1 device_info.go:189] pod grafana-7c5659d458-xrbnn has no annotation volcano.sh/devices-to-allocate
E0906 15:29:21.028441       1 device_info.go:189] pod kindnet-k2m7h has no annotation volcano.sh/devices-to-allocate
E0906 15:29:21.028448       1 device_info.go:189] pod mock1-nvml-mock-9rgh9 has no annotation volcano.sh/devices-to-allocate
E0906 15:29:21.028456       1 device_info.go:189] pod volcano-scheduler-75847d877-kglkg has no annotation volcano.sh/devices-to-allocate
E0906 15:29:21.028463       1 device_info.go:189] pod kube-proxy-btcmr has no annotation volcano.sh/devices-to-allocate
I0906 15:29:21.028508       1 device_info.go:111] GPU sharing mode:  hami-core
I0906 15:29:21.028520       1 device_info.go:113] "Nvidia Device registered name" name="volcano-lab-worker2" val={"ID":0,"Node":"volcano-lab-worker2","UUID":"GPU-22345678-1234-1234-1234-123456780001","PodMap":{},"Memory":409,"Number":10,"Type":"NVIDIA-NVIDIA A100-SXM4-40GB","Health":true,"UsedNum":0,"UsedMem":0,"UsedCore":0,"MigTemplate":[],"MigUsage":{"Index":-1,"UsageList":null}}
I0906 15:29:21.028532       1 device_info.go:113] "Nvidia Device registered name" name="volcano-lab-worker2" val={"ID":1,"Node":"volcano-lab-worker2","UUID":"GPU-22345678-1234-1234-1234-123456780000","PodMap":{},"Memory":409,"Number":10,"Type":"NVIDIA-NVIDIA A100-SXM4-40GB","Health":true,"UsedNum":0,"UsedMem":0,"UsedCore":0,"MigTemplate":[],"MigUsage":{"Index":-1,"UsageList":null}}
I0906 15:29:21.028570       1 device_info.go:111] GPU sharing mode:  hami-core
I0906 15:29:21.028579       1 device_info.go:113] "Nvidia Device registered name" name="volcano-lab-worker2" val={"ID":0,"Node":"volcano-lab-worker2","UUID":"GPU-22345678-1234-1234-1234-123456780001","PodMap":{},"Memory":409,"Number":10,"Type":"NVIDIA-NVIDIA A100-SXM4-40GB","Health":true,"UsedNum":0,"UsedMem":0,"UsedCore":0,"MigTemplate":[],"MigUsage":{"Index":-1,"UsageList":null}}
I0906 15:29:21.028596       1 device_info.go:113] "Nvidia Device registered name" name="volcano-lab-worker2" val={"ID":1,"Node":"volcano-lab-worker2","UUID":"GPU-22345678-1234-1234-1234-123456780000","PodMap":{},"Memory":409,"Number":10,"Type":"NVIDIA-NVIDIA A100-SXM4-40GB","Health":true,"UsedNum":0,"UsedMem":0,"UsedCore":0,"MigTemplate":[],"MigUsage":{"Index":-1,"UsageList":null}}
E0906 15:29:21.028609       1 device_info.go:189] pod mock2-nvml-mock-mtnbp has no annotation volcano.sh/devices-to-allocate
E0906 15:29:21.028619       1 device_info.go:189] pod kindnet-5whpw has no annotation volcano.sh/devices-to-allocate
E0906 15:29:21.028626       1 device_info.go:189] pod kube-proxy-gwssg has no annotation volcano.sh/devices-to-allocate
E0906 15:29:21.028634       1 device_info.go:189] pod volcano-admission-5b979dc8f6-8rdzl has no annotation volcano.sh/devices-to-allocate
E0906 15:29:21.028640       1 device_info.go:189] pod volcano-controllers-5b976c6d4b-rkqw6 has no annotation volcano.sh/devices-to-allocate
E0906 15:29:21.028647       1 device_info.go:189] pod prometheus-deployment-7cb9b4545b-h2fz4 has no annotation volcano.sh/devices-to-allocate
E0906 15:29:21.028653       1 device_info.go:189] pod volcano-device-plugin-jj26z has no annotation volcano.sh/devices-to-allocate
E0906 15:29:21.028660       1 device_info.go:189] pod kube-state-metrics-5ffcdf767c-gf9d5 has no annotation volcano.sh/devices-to-allocate
I0906 15:29:21.028763       1 cache.go:1581] "SnapShot for scheduling" jobNum=0 QueueNum=3 NodeNum=3
I0906 15:29:21.028781       1 session.go:1036] Start adjusting jobs' network topology spec according to hyperNodeTierNameMap map[]
I0906 15:29:21.028791       1 session.go:1079] Finish adjusting jobs' network topology spec according to hyperNodeTierNameMap map[]
I0906 15:29:21.028804       1 session.go:279] Open Session e35b9511-deab-44ee-9ac6-8e810c7cc188 with <0> Job and <3> Queues. HyperNodesReadyToSchedule: true
I0906 15:29:21.029288       1 gpuexclusive.go:437] gpuexclusive: no rules configured, skipping GPU exclusivity wrapping
I0906 15:29:21.029301       1 enqueue.go:79] Try to enqueue PodGroup to 0 Queues
I0906 15:29:21.029308       1 reclaim.go:68] There are <0> Jobs and <3> Queues in total for scheduling.
I0906 15:29:21.029316       1 allocate.go:138] Try to allocate resource to 0 Queues
I0906 15:29:21.029344       1 session.go:577] Close Session e35b9511-deab-44ee-9ac6-8e810c7cc188
I0906 15:29:22.030148       1 device_info.go:111] GPU sharing mode:  hami-core
I0906 15:29:22.030182       1 device_info.go:113] "Nvidia Device registered name" name="volcano-lab-worker" val={"ID":0,"Node":"volcano-lab-worker","UUID":"GPU-12345678-1234-1234-1234-123456780000","PodMap":{},"Memory":409,"Number":10,"Type":"NVIDIA-NVIDIA A100-SXM4-40GB","Health":true,"UsedNum":0,"UsedMem":0,"UsedCore":0,"MigTemplate":[],"MigUsage":{"Index":-1,"UsageList":null}}
I0906 15:29:22.030215       1 device_info.go:113] "Nvidia Device registered name" name="volcano-lab-worker" val={"ID":1,"Node":"volcano-lab-worker","UUID":"GPU-12345678-1234-1234-1234-123456780001","PodMap":{},"Memory":409,"Number":10,"Type":"NVIDIA-NVIDIA A100-SXM4-40GB","Health":true,"UsedNum":0,"UsedMem":0,"UsedCore":0,"MigTemplate":[],"MigUsage":{"Index":-1,"UsageList":null}}
I0906 15:29:22.030240       1 device_info.go:111] GPU sharing mode:  hami-core
I0906 15:29:22.030255       1 device_info.go:113] "Nvidia Device registered name" name="volcano-lab-worker" val={"ID":1,"Node":"volcano-lab-worker","UUID":"GPU-12345678-1234-1234-1234-123456780001","PodMap":{},"Memory":409,"Number":10,"Type":"NVIDIA-NVIDIA A100-SXM4-40GB","Health":true,"UsedNum":0,"UsedMem":0,"UsedCore":0,"MigTemplate":[],"MigUsage":{"Index":-1,"UsageList":null}}
I0906 15:29:22.030272       1 device_info.go:113] "Nvidia Device registered name" name="volcano-lab-worker" val={"ID":0,"Node":"volcano-lab-worker","UUID":"GPU-12345678-1234-1234-1234-123456780000","PodMap":{},"Memory":409,"Number":10,"Type":"NVIDIA-NVIDIA A100-SXM4-40GB","Health":true,"UsedNum":0,"UsedMem":0,"UsedCore":0,"MigTemplate":[],"MigUsage":{"Index":-1,"UsageList":null}}
E0906 15:29:22.030294       1 device_info.go:189] pod grafana-7c5659d458-xrbnn has no annotation volcano.sh/devices-to-allocate
E0906 15:29:22.030306       1 device_info.go:189] pod kindnet-k2m7h has no annotation volcano.sh/devices-to-allocate
E0906 15:29:22.030317       1 device_info.go:189] pod mock1-nvml-mock-9rgh9 has no annotation volcano.sh/devices-to-allocate
E0906 15:29:22.030327       1 device_info.go:189] pod volcano-scheduler-75847d877-kglkg has no annotation volcano.sh/devices-to-allocate
E0906 15:29:22.030337       1 device_info.go:189] pod kube-proxy-btcmr has no annotation volcano.sh/devices-to-allocate
E0906 15:29:22.030371       1 device_info.go:189] pod volcano-device-plugin-2sg22 has no annotation volcano.sh/devices-to-allocate
I0906 15:29:22.030410       1 device_info.go:111] GPU sharing mode:  hami-core
I0906 15:29:22.030421       1 device_info.go:113] "Nvidia Device registered name" name="volcano-lab-worker2" val={"ID":0,"Node":"volcano-lab-worker2","UUID":"GPU-22345678-1234-1234-1234-123456780001","PodMap":{},"Memory":409,"Number":10,"Type":"NVIDIA-NVIDIA A100-SXM4-40GB","Health":true,"UsedNum":0,"UsedMem":0,"UsedCore":0,"MigTemplate":[],"MigUsage":{"Index":-1,"UsageList":null}}
I0906 15:29:22.030435       1 device_info.go:113] "Nvidia Device registered name" name="volcano-lab-worker2" val={"ID":1,"Node":"volcano-lab-worker2","UUID":"GPU-22345678-1234-1234-1234-123456780000","PodMap":{},"Memory":409,"Number":10,"Type":"NVIDIA-NVIDIA A100-SXM4-40GB","Health":true,"UsedNum":0,"UsedMem":0,"UsedCore":0,"MigTemplate":[],"MigUsage":{"Index":-1,"UsageList":null}}
I0906 15:29:22.030445       1 device_info.go:111] GPU sharing mode:  hami-core
I0906 15:29:22.030450       1 device_info.go:113] "Nvidia Device registered name" name="volcano-lab-worker2" val={"ID":0,"Node":"volcano-lab-worker2","UUID":"GPU-22345678-1234-1234-1234-123456780001","PodMap":{},"Memory":409,"Number":10,"Type":"NVIDIA-NVIDIA A100-SXM4-40GB","Health":true,"UsedNum":0,"UsedMem":0,"UsedCore":0,"MigTemplate":[],"MigUsage":{"Index":-1,"UsageList":null}}
I0906 15:29:22.030467       1 device_info.go:113] "Nvidia Device registered name" name="volcano-lab-worker2" val={"ID":1,"Node":"volcano-lab-worker2","UUID":"GPU-22345678-1234-1234-1234-123456780000","PodMap":{},"Memory":409,"Number":10,"Type":"NVIDIA-NVIDIA A100-SXM4-40GB","Health":true,"UsedNum":0,"UsedMem":0,"UsedCore":0,"MigTemplate":[],"MigUsage":{"Index":-1,"UsageList":null}}
E0906 15:29:22.030481       1 device_info.go:189] pod kube-state-metrics-5ffcdf767c-gf9d5 has no annotation volcano.sh/devices-to-allocate
E0906 15:29:22.030489       1 device_info.go:189] pod mock2-nvml-mock-mtnbp has no annotation volcano.sh/devices-to-allocate
E0906 15:29:22.030495       1 device_info.go:189] pod kindnet-5whpw has no annotation volcano.sh/devices-to-allocate
E0906 15:29:22.030501       1 device_info.go:189] pod kube-proxy-gwssg has no annotation volcano.sh/devices-to-allocate
E0906 15:29:22.030506       1 device_info.go:189] pod volcano-admission-5b979dc8f6-8rdzl has no annotation volcano.sh/devices-to-allocate
E0906 15:29:22.030511       1 device_info.go:189] pod volcano-controllers-5b976c6d4b-rkqw6 has no annotation volcano.sh/devices-to-allocate
E0906 15:29:22.030517       1 device_info.go:189] pod prometheus-deployment-7cb9b4545b-h2fz4 has no annotation volcano.sh/devices-to-allocate
E0906 15:29:22.030521       1 device_info.go:189] pod volcano-device-plugin-jj26z has no annotation volcano.sh/devices-to-allocate
I0906 15:29:22.030573       1 cache.go:1581] "SnapShot for scheduling" jobNum=0 QueueNum=3 NodeNum=3
I0906 15:29:22.030585       1 session.go:1036] Start adjusting jobs' network topology spec according to hyperNodeTierNameMap map[]
I0906 15:29:22.030593       1 session.go:1079] Finish adjusting jobs' network topology spec according to hyperNodeTierNameMap map[]
I0906 15:29:22.030612       1 session.go:279] Open Session fae13e76-3193-4c0a-9ba2-6fab1014e661 with <0> Job and <3> Queues. HyperNodesReadyToSchedule: true
I0906 15:29:22.030974       1 gpuexclusive.go:437] gpuexclusive: no rules configured, skipping GPU exclusivity wrapping
I0906 15:29:22.030987       1 enqueue.go:79] Try to enqueue PodGroup to 0 Queues
I0906 15:29:22.030995       1 reclaim.go:68] There are <0> Jobs and <3> Queues in total for scheduling.
I0906 15:29:22.031002       1 allocate.go:138] Try to allocate resource to 0 Queues
I0906 15:29:22.031034       1 session.go:577] Close Session fae13e76-3193-4c0a-9ba2-6fab1014e661
I0906 15:29:23.032200       1 device_info.go:111] GPU sharing mode:  hami-core
I0906 15:29:23.032245       1 device_info.go:113] "Nvidia Device registered name" name="volcano-lab-worker" val={"ID":0,"Node":"volcano-lab-worker","UUID":"GPU-12345678-1234-1234-1234-123456780000","PodMap":{},"Memory":409,"Number":10,"Type":"NVIDIA-NVIDIA A100-SXM4-40GB","Health":true,"UsedNum":0,"UsedMem":0,"UsedCore":0,"MigTemplate":[],"MigUsage":{"Index":-1,"UsageList":null}}
I0906 15:29:23.032288       1 device_info.go:113] "Nvidia Device registered name" name="volcano-lab-worker" val={"ID":1,"Node":"volcano-lab-worker","UUID":"GPU-12345678-1234-1234-1234-123456780001","PodMap":{},"Memory":409,"Number":10,"Type":"NVIDIA-NVIDIA A100-SXM4-40GB","Health":true,"UsedNum":0,"UsedMem":0,"UsedCore":0,"MigTemplate":[],"MigUsage":{"Index":-1,"UsageList":null}}
I0906 15:29:23.032320       1 device_info.go:111] GPU sharing mode:  hami-core
I0906 15:29:23.032342       1 device_info.go:113] "Nvidia Device registered name" name="volcano-lab-worker" val={"ID":1,"Node":"volcano-lab-worker","UUID":"GPU-12345678-1234-1234-1234-123456780001","PodMap":{},"Memory":409,"Number":10,"Type":"NVIDIA-NVIDIA A100-SXM4-40GB","Health":true,"UsedNum":0,"UsedMem":0,"UsedCore":0,"MigTemplate":[],"MigUsage":{"Index":-1,"UsageList":null}}
I0906 15:29:23.032368       1 device_info.go:113] "Nvidia Device registered name" name="volcano-lab-worker" val={"ID":0,"Node":"volcano-lab-worker","UUID":"GPU-12345678-1234-1234-1234-123456780000","PodMap":{},"Memory":409,"Number":10,"Type":"NVIDIA-NVIDIA A100-SXM4-40GB","Health":true,"UsedNum":0,"UsedMem":0,"UsedCore":0,"MigTemplate":[],"MigUsage":{"Index":-1,"UsageList":null}}
E0906 15:29:23.032426       1 device_info.go:189] pod volcano-scheduler-75847d877-kglkg has no annotation volcano.sh/devices-to-allocate
E0906 15:29:23.032450       1 device_info.go:189] pod kube-proxy-btcmr has no annotation volcano.sh/devices-to-allocate
E0906 15:29:23.032466       1 device_info.go:189] pod volcano-device-plugin-2sg22 has no annotation volcano.sh/devices-to-allocate
E0906 15:29:23.032491       1 device_info.go:189] pod grafana-7c5659d458-xrbnn has no annotation volcano.sh/devices-to-allocate
E0906 15:29:23.032522       1 device_info.go:189] pod kindnet-k2m7h has no annotation volcano.sh/devices-to-allocate
E0906 15:29:23.032530       1 device_info.go:189] pod mock1-nvml-mock-9rgh9 has no annotation volcano.sh/devices-to-allocate
I0906 15:29:23.032561       1 device_info.go:111] GPU sharing mode:  hami-core
I0906 15:29:23.032568       1 device_info.go:113] "Nvidia Device registered name" name="volcano-lab-worker2" val={"ID":0,"Node":"volcano-lab-worker2","UUID":"GPU-22345678-1234-1234-1234-123456780001","PodMap":{},"Memory":409,"Number":10,"Type":"NVIDIA-NVIDIA A100-SXM4-40GB","Health":true,"UsedNum":0,"UsedMem":0,"UsedCore":0,"MigTemplate":[],"MigUsage":{"Index":-1,"UsageList":null}}
I0906 15:29:23.032579       1 device_info.go:113] "Nvidia Device registered name" name="volcano-lab-worker2" val={"ID":1,"Node":"volcano-lab-worker2","UUID":"GPU-22345678-1234-1234-1234-123456780000","PodMap":{},"Memory":409,"Number":10,"Type":"NVIDIA-NVIDIA A100-SXM4-40GB","Health":true,"UsedNum":0,"UsedMem":0,"UsedCore":0,"MigTemplate":[],"MigUsage":{"Index":-1,"UsageList":null}}
I0906 15:29:23.032590       1 device_info.go:111] GPU sharing mode:  hami-core
I0906 15:29:23.032598       1 device_info.go:113] "Nvidia Device registered name" name="volcano-lab-worker2" val={"ID":0,"Node":"volcano-lab-worker2","UUID":"GPU-22345678-1234-1234-1234-123456780001","PodMap":{},"Memory":409,"Number":10,"Type":"NVIDIA-NVIDIA A100-SXM4-40GB","Health":true,"UsedNum":0,"UsedMem":0,"UsedCore":0,"MigTemplate":[],"MigUsage":{"Index":-1,"UsageList":null}}
I0906 15:29:23.032607       1 device_info.go:113] "Nvidia Device registered name" name="volcano-lab-worker2" val={"ID":1,"Node":"volcano-lab-worker2","UUID":"GPU-22345678-1234-1234-1234-123456780000","PodMap":{},"Memory":409,"Number":10,"Type":"NVIDIA-NVIDIA A100-SXM4-40GB","Health":true,"UsedNum":0,"UsedMem":0,"UsedCore":0,"MigTemplate":[],"MigUsage":{"Index":-1,"UsageList":null}}
E0906 15:29:23.032618       1 device_info.go:189] pod kube-state-metrics-5ffcdf767c-gf9d5 has no annotation volcano.sh/devices-to-allocate
E0906 15:29:23.032625       1 device_info.go:189] pod mock2-nvml-mock-mtnbp has no annotation volcano.sh/devices-to-allocate
E0906 15:29:23.032630       1 device_info.go:189] pod kindnet-5whpw has no annotation volcano.sh/devices-to-allocate
E0906 15:29:23.032634       1 device_info.go:189] pod kube-proxy-gwssg has no annotation volcano.sh/devices-to-allocate
E0906 15:29:23.032638       1 device_info.go:189] pod volcano-admission-5b979dc8f6-8rdzl has no annotation volcano.sh/devices-to-allocate
E0906 15:29:23.032642       1 device_info.go:189] pod volcano-controllers-5b976c6d4b-rkqw6 has no annotation volcano.sh/devices-to-allocate
E0906 15:29:23.032645       1 device_info.go:189] pod prometheus-deployment-7cb9b4545b-h2fz4 has no annotation volcano.sh/devices-to-allocate
E0906 15:29:23.032648       1 device_info.go:189] pod volcano-device-plugin-jj26z has no annotation volcano.sh/devices-to-allocate
I0906 15:29:23.032692       1 cache.go:1581] "SnapShot for scheduling" jobNum=0 QueueNum=3 NodeNum=3
I0906 15:29:23.032708       1 session.go:1036] Start adjusting jobs' network topology spec according to hyperNodeTierNameMap map[]
I0906 15:29:23.032715       1 session.go:1079] Finish adjusting jobs' network topology spec according to hyperNodeTierNameMap map[]
I0906 15:29:23.032723       1 session.go:279] Open Session cf8b7fd8-8928-4686-913d-db50bedabe11 with <0> Job and <3> Queues. HyperNodesReadyToSchedule: true
I0906 15:29:23.033016       1 gpuexclusive.go:437] gpuexclusive: no rules configured, skipping GPU exclusivity wrapping
I0906 15:29:23.033028       1 enqueue.go:79] Try to enqueue PodGroup to 0 Queues
I0906 15:29:23.033034       1 reclaim.go:68] There are <0> Jobs and <3> Queues in total for scheduling.
I0906 15:29:23.033040       1 allocate.go:138] Try to allocate resource to 0 Queues
I0906 15:29:23.033081       1 session.go:577] Close Session cf8b7fd8-8928-4686-913d-db50bedabe11
I0906 15:29:24.033845       1 device_info.go:111] GPU sharing mode:  hami-core
I0906 15:29:24.033870       1 device_info.go:113] "Nvidia Device registered name" name="volcano-lab-worker" val={"ID":0,"Node":"volcano-lab-worker","UUID":"GPU-12345678-1234-1234-1234-123456780000","PodMap":{},"Memory":409,"Number":10,"Type":"NVIDIA-NVIDIA A100-SXM4-40GB","Health":true,"UsedNum":0,"UsedMem":0,"UsedCore":0,"MigTemplate":[],"MigUsage":{"Index":-1,"UsageList":null}}
I0906 15:29:24.033886       1 device_info.go:113] "Nvidia Device registered name" name="volcano-lab-worker" val={"ID":1,"Node":"volcano-lab-worker","UUID":"GPU-12345678-1234-1234-1234-123456780001","PodMap":{},"Memory":409,"Number":10,"Type":"NVIDIA-NVIDIA A100-SXM4-40GB","Health":true,"UsedNum":0,"UsedMem":0,"UsedCore":0,"MigTemplate":[],"MigUsage":{"Index":-1,"UsageList":null}}
I0906 15:29:24.033896       1 device_info.go:111] GPU sharing mode:  hami-core
I0906 15:29:24.033906       1 device_info.go:113] "Nvidia Device registered name" name="volcano-lab-worker" val={"ID":0,"Node":"volcano-lab-worker","UUID":"GPU-12345678-1234-1234-1234-123456780000","PodMap":{},"Memory":409,"Number":10,"Type":"NVIDIA-NVIDIA A100-SXM4-40GB","Health":true,"UsedNum":0,"UsedMem":0,"UsedCore":0,"MigTemplate":[],"MigUsage":{"Index":-1,"UsageList":null}}
I0906 15:29:24.033914       1 device_info.go:113] "Nvidia Device registered name" name="volcano-lab-worker" val={"ID":1,"Node":"volcano-lab-worker","UUID":"GPU-12345678-1234-1234-1234-123456780001","PodMap":{},"Memory":409,"Number":10,"Type":"NVIDIA-NVIDIA A100-SXM4-40GB","Health":true,"UsedNum":0,"UsedMem":0,"UsedCore":0,"MigTemplate":[],"MigUsage":{"Index":-1,"UsageList":null}}
E0906 15:29:24.033924       1 device_info.go:189] pod volcano-device-plugin-2sg22 has no annotation volcano.sh/devices-to-allocate
E0906 15:29:24.033934       1 device_info.go:189] pod grafana-7c5659d458-xrbnn has no annotation volcano.sh/devices-to-allocate
E0906 15:29:24.033940       1 device_info.go:189] pod kindnet-k2m7h has no annotation volcano.sh/devices-to-allocate
E0906 15:29:24.033945       1 device_info.go:189] pod mock1-nvml-mock-9rgh9 has no annotation volcano.sh/devices-to-allocate
E0906 15:29:24.033952       1 device_info.go:189] pod volcano-scheduler-75847d877-kglkg has no annotation volcano.sh/devices-to-allocate
E0906 15:29:24.033959       1 device_info.go:189] pod kube-proxy-btcmr has no annotation volcano.sh/devices-to-allocate
I0906 15:29:24.033994       1 device_info.go:111] GPU sharing mode:  hami-core
I0906 15:29:24.034001       1 device_info.go:113] "Nvidia Device registered name" name="volcano-lab-worker2" val={"ID":0,"Node":"volcano-lab-worker2","UUID":"GPU-22345678-1234-1234-1234-123456780001","PodMap":{},"Memory":409,"Number":10,"Type":"NVIDIA-NVIDIA A100-SXM4-40GB","Health":true,"UsedNum":0,"UsedMem":0,"UsedCore":0,"MigTemplate":[],"MigUsage":{"Index":-1,"UsageList":null}}
I0906 15:29:24.034008       1 device_info.go:113] "Nvidia Device registered name" name="volcano-lab-worker2" val={"ID":1,"Node":"volcano-lab-worker2","UUID":"GPU-22345678-1234-1234-1234-123456780000","PodMap":{},"Memory":409,"Number":10,"Type":"NVIDIA-NVIDIA A100-SXM4-40GB","Health":true,"UsedNum":0,"UsedMem":0,"UsedCore":0,"MigTemplate":[],"MigUsage":{"Index":-1,"UsageList":null}}
I0906 15:29:24.034015       1 device_info.go:111] GPU sharing mode:  hami-core
I0906 15:29:24.034022       1 device_info.go:113] "Nvidia Device registered name" name="volcano-lab-worker2" val={"ID":0,"Node":"volcano-lab-worker2","UUID":"GPU-22345678-1234-1234-1234-123456780001","PodMap":{},"Memory":409,"Number":10,"Type":"NVIDIA-NVIDIA A100-SXM4-40GB","Health":true,"UsedNum":0,"UsedMem":0,"UsedCore":0,"MigTemplate":[],"MigUsage":{"Index":-1,"UsageList":null}}
I0906 15:29:24.034038       1 device_info.go:113] "Nvidia Device registered name" name="volcano-lab-worker2" val={"ID":1,"Node":"volcano-lab-worker2","UUID":"GPU-22345678-1234-1234-1234-123456780000","PodMap":{},"Memory":409,"Number":10,"Type":"NVIDIA-NVIDIA A100-SXM4-40GB","Health":true,"UsedNum":0,"UsedMem":0,"UsedCore":0,"MigTemplate":[],"MigUsage":{"Index":-1,"UsageList":null}}
E0906 15:29:24.034058       1 device_info.go:189] pod kube-state-metrics-5ffcdf767c-gf9d5 has no annotation volcano.sh/devices-to-allocate
E0906 15:29:24.034066       1 device_info.go:189] pod mock2-nvml-mock-mtnbp has no annotation volcano.sh/devices-to-allocate
E0906 15:29:24.034072       1 device_info.go:189] pod kindnet-5whpw has no annotation volcano.sh/devices-to-allocate
E0906 15:29:24.034079       1 device_info.go:189] pod kube-proxy-gwssg has no annotation volcano.sh/devices-to-allocate
E0906 15:29:24.034085       1 device_info.go:189] pod volcano-admission-5b979dc8f6-8rdzl has no annotation volcano.sh/devices-to-allocate
E0906 15:29:24.034091       1 device_info.go:189] pod volcano-controllers-5b976c6d4b-rkqw6 has no annotation volcano.sh/devices-to-allocate
E0906 15:29:24.034096       1 device_info.go:189] pod prometheus-deployment-7cb9b4545b-h2fz4 has no annotation volcano.sh/devices-to-allocate
E0906 15:29:24.034110       1 device_info.go:189] pod volcano-device-plugin-jj26z has no annotation volcano.sh/devices-to-allocate
I0906 15:29:24.034162       1 cache.go:1581] "SnapShot for scheduling" jobNum=0 QueueNum=3 NodeNum=3
I0906 15:29:24.034173       1 session.go:1036] Start adjusting jobs' network topology spec according to hyperNodeTierNameMap map[]
I0906 15:29:24.034181       1 session.go:1079] Finish adjusting jobs' network topology spec according to hyperNodeTierNameMap map[]
I0906 15:29:24.034192       1 session.go:279] Open Session c60faf8d-a630-4bb8-999d-e2be1926eb67 with <0> Job and <3> Queues. HyperNodesReadyToSchedule: true
I0906 15:29:24.034632       1 gpuexclusive.go:437] gpuexclusive: no rules configured, skipping GPU exclusivity wrapping
I0906 15:29:24.034650       1 enqueue.go:79] Try to enqueue PodGroup to 0 Queues
I0906 15:29:24.034662       1 reclaim.go:68] There are <0> Jobs and <3> Queues in total for scheduling.
I0906 15:29:24.034676       1 allocate.go:138] Try to allocate resource to 0 Queues
I0906 15:29:24.034726       1 session.go:577] Close Session c60faf8d-a630-4bb8-999d-e2be1926eb67
I0906 15:29:25.035141       1 device_info.go:111] GPU sharing mode:  hami-core
I0906 15:29:25.035195       1 device_info.go:113] "Nvidia Device registered name" name="volcano-lab-worker" val={"ID":0,"Node":"volcano-lab-worker","UUID":"GPU-12345678-1234-1234-1234-123456780000","PodMap":{},"Memory":409,"Number":10,"Type":"NVIDIA-NVIDIA A100-SXM4-40GB","Health":true,"UsedNum":0,"UsedMem":0,"UsedCore":0,"MigTemplate":[],"MigUsage":{"Index":-1,"UsageList":null}}
I0906 15:29:25.035232       1 device_info.go:113] "Nvidia Device registered name" name="volcano-lab-worker" val={"ID":1,"Node":"volcano-lab-worker","UUID":"GPU-12345678-1234-1234-1234-123456780001","PodMap":{},"Memory":409,"Number":10,"Type":"NVIDIA-NVIDIA A100-SXM4-40GB","Health":true,"UsedNum":0,"UsedMem":0,"UsedCore":0,"MigTemplate":[],"MigUsage":{"Index":-1,"UsageList":null}}
I0906 15:29:25.035254       1 device_info.go:111] GPU sharing mode:  hami-core
I0906 15:29:25.035265       1 device_info.go:113] "Nvidia Device registered name" name="volcano-lab-worker" val={"ID":0,"Node":"volcano-lab-worker","UUID":"GPU-12345678-1234-1234-1234-123456780000","PodMap":{},"Memory":409,"Number":10,"Type":"NVIDIA-NVIDIA A100-SXM4-40GB","Health":true,"UsedNum":0,"UsedMem":0,"UsedCore":0,"MigTemplate":[],"MigUsage":{"Index":-1,"UsageList":null}}
I0906 15:29:25.035278       1 device_info.go:113] "Nvidia Device registered name" name="volcano-lab-worker" val={"ID":1,"Node":"volcano-lab-worker","UUID":"GPU-12345678-1234-1234-1234-123456780001","PodMap":{},"Memory":409,"Number":10,"Type":"NVIDIA-NVIDIA A100-SXM4-40GB","Health":true,"UsedNum":0,"UsedMem":0,"UsedCore":0,"MigTemplate":[],"MigUsage":{"Index":-1,"UsageList":null}}
E0906 15:29:25.035302       1 device_info.go:189] pod volcano-scheduler-75847d877-kglkg has no annotation volcano.sh/devices-to-allocate
E0906 15:29:25.035315       1 device_info.go:189] pod kube-proxy-btcmr has no annotation volcano.sh/devices-to-allocate
E0906 15:29:25.035324       1 device_info.go:189] pod volcano-device-plugin-2sg22 has no annotation volcano.sh/devices-to-allocate
E0906 15:29:25.035331       1 device_info.go:189] pod grafana-7c5659d458-xrbnn has no annotation volcano.sh/devices-to-allocate
E0906 15:29:25.035339       1 device_info.go:189] pod kindnet-k2m7h has no annotation volcano.sh/devices-to-allocate
E0906 15:29:25.035346       1 device_info.go:189] pod mock1-nvml-mock-9rgh9 has no annotation volcano.sh/devices-to-allocate
I0906 15:29:25.035406       1 device_info.go:111] GPU sharing mode:  hami-core
I0906 15:29:25.035417       1 device_info.go:113] "Nvidia Device registered name" name="volcano-lab-worker2" val={"ID":0,"Node":"volcano-lab-worker2","UUID":"GPU-22345678-1234-1234-1234-123456780001","PodMap":{},"Memory":409,"Number":10,"Type":"NVIDIA-NVIDIA A100-SXM4-40GB","Health":true,"UsedNum":0,"UsedMem":0,"UsedCore":0,"MigTemplate":[],"MigUsage":{"Index":-1,"UsageList":null}}
I0906 15:29:25.035436       1 device_info.go:113] "Nvidia Device registered name" name="volcano-lab-worker2" val={"ID":1,"Node":"volcano-lab-worker2","UUID":"GPU-22345678-1234-1234-1234-123456780000","PodMap":{},"Memory":409,"Number":10,"Type":"NVIDIA-NVIDIA A100-SXM4-40GB","Health":true,"UsedNum":0,"UsedMem":0,"UsedCore":0,"MigTemplate":[],"MigUsage":{"Index":-1,"UsageList":null}}
I0906 15:29:25.035450       1 device_info.go:111] GPU sharing mode:  hami-core
I0906 15:29:25.035460       1 device_info.go:113] "Nvidia Device registered name" name="volcano-lab-worker2" val={"ID":0,"Node":"volcano-lab-worker2","UUID":"GPU-22345678-1234-1234-1234-123456780001","PodMap":{},"Memory":409,"Number":10,"Type":"NVIDIA-NVIDIA A100-SXM4-40GB","Health":true,"UsedNum":0,"UsedMem":0,"UsedCore":0,"MigTemplate":[],"MigUsage":{"Index":-1,"UsageList":null}}
I0906 15:29:25.035520       1 device_info.go:113] "Nvidia Device registered name" name="volcano-lab-worker2" val={"ID":1,"Node":"volcano-lab-worker2","UUID":"GPU-22345678-1234-1234-1234-123456780000","PodMap":{},"Memory":409,"Number":10,"Type":"NVIDIA-NVIDIA A100-SXM4-40GB","Health":true,"UsedNum":0,"UsedMem":0,"UsedCore":0,"MigTemplate":[],"MigUsage":{"Index":-1,"UsageList":null}}
E0906 15:29:25.035540       1 device_info.go:189] pod volcano-admission-5b979dc8f6-8rdzl has no annotation volcano.sh/devices-to-allocate
E0906 15:29:25.035551       1 device_info.go:189] pod volcano-controllers-5b976c6d4b-rkqw6 has no annotation volcano.sh/devices-to-allocate
E0906 15:29:25.035559       1 device_info.go:189] pod prometheus-deployment-7cb9b4545b-h2fz4 has no annotation volcano.sh/devices-to-allocate
E0906 15:29:25.035568       1 device_info.go:189] pod volcano-device-plugin-jj26z has no annotation volcano.sh/devices-to-allocate
E0906 15:29:25.035575       1 device_info.go:189] pod kube-state-metrics-5ffcdf767c-gf9d5 has no annotation volcano.sh/devices-to-allocate
E0906 15:29:25.035582       1 device_info.go:189] pod mock2-nvml-mock-mtnbp has no annotation volcano.sh/devices-to-allocate
E0906 15:29:25.035589       1 device_info.go:189] pod kindnet-5whpw has no annotation volcano.sh/devices-to-allocate
E0906 15:29:25.035595       1 device_info.go:189] pod kube-proxy-gwssg has no annotation volcano.sh/devices-to-allocate
I0906 15:29:25.035653       1 cache.go:1581] "SnapShot for scheduling" jobNum=0 QueueNum=3 NodeNum=3
I0906 15:29:25.035671       1 session.go:1036] Start adjusting jobs' network topology spec according to hyperNodeTierNameMap map[]
I0906 15:29:25.035684       1 session.go:1079] Finish adjusting jobs' network topology spec according to hyperNodeTierNameMap map[]
I0906 15:29:25.035704       1 session.go:279] Open Session 5ff35d8c-7492-4ede-bb46-5f06fcd366ba with <0> Job and <3> Queues. HyperNodesReadyToSchedule: true
I0906 15:29:25.036060       1 gpuexclusive.go:437] gpuexclusive: no rules configured, skipping GPU exclusivity wrapping
I0906 15:29:25.036079       1 enqueue.go:79] Try to enqueue PodGroup to 0 Queues
I0906 15:29:25.036093       1 reclaim.go:68] There are <0> Jobs and <3> Queues in total for scheduling.
I0906 15:29:25.036110       1 allocate.go:138] Try to allocate resource to 0 Queues
I0906 15:29:25.036156       1 session.go:577] Close Session 5ff35d8c-7492-4ede-bb46-5f06fcd366ba
I0906 15:29:26.037145       1 device_info.go:111] GPU sharing mode:  hami-core
I0906 15:29:26.037204       1 device_info.go:113] "Nvidia Device registered name" name="volcano-lab-worker" val={"ID":0,"Node":"volcano-lab-worker","UUID":"GPU-12345678-1234-1234-1234-123456780000","PodMap":{},"Memory":409,"Number":10,"Type":"NVIDIA-NVIDIA A100-SXM4-40GB","Health":true,"UsedNum":0,"UsedMem":0,"UsedCore":0,"MigTemplate":[],"MigUsage":{"Index":-1,"UsageList":null}}
I0906 15:29:26.037240       1 device_info.go:113] "Nvidia Device registered name" name="volcano-lab-worker" val={"ID":1,"Node":"volcano-lab-worker","UUID":"GPU-12345678-1234-1234-1234-123456780001","PodMap":{},"Memory":409,"Number":10,"Type":"NVIDIA-NVIDIA A100-SXM4-40GB","Health":true,"UsedNum":0,"UsedMem":0,"UsedCore":0,"MigTemplate":[],"MigUsage":{"Index":-1,"UsageList":null}}
I0906 15:29:26.037263       1 device_info.go:111] GPU sharing mode:  hami-core
I0906 15:29:26.037278       1 device_info.go:113] "Nvidia Device registered name" name="volcano-lab-worker" val={"ID":0,"Node":"volcano-lab-worker","UUID":"GPU-12345678-1234-1234-1234-123456780000","PodMap":{},"Memory":409,"Number":10,"Type":"NVIDIA-NVIDIA A100-SXM4-40GB","Health":true,"UsedNum":0,"UsedMem":0,"UsedCore":0,"MigTemplate":[],"MigUsage":{"Index":-1,"UsageList":null}}
I0906 15:29:26.037295       1 device_info.go:113] "Nvidia Device registered name" name="volcano-lab-worker" val={"ID":1,"Node":"volcano-lab-worker","UUID":"GPU-12345678-1234-1234-1234-123456780001","PodMap":{},"Memory":409,"Number":10,"Type":"NVIDIA-NVIDIA A100-SXM4-40GB","Health":true,"UsedNum":0,"UsedMem":0,"UsedCore":0,"MigTemplate":[],"MigUsage":{"Index":-1,"UsageList":null}}
E0906 15:29:26.037329       1 device_info.go:189] pod kindnet-k2m7h has no annotation volcano.sh/devices-to-allocate
E0906 15:29:26.037352       1 device_info.go:189] pod mock1-nvml-mock-9rgh9 has no annotation volcano.sh/devices-to-allocate
E0906 15:29:26.037365       1 device_info.go:189] pod volcano-scheduler-75847d877-kglkg has no annotation volcano.sh/devices-to-allocate
E0906 15:29:26.037390       1 device_info.go:189] pod kube-proxy-btcmr has no annotation volcano.sh/devices-to-allocate
E0906 15:29:26.037406       1 device_info.go:189] pod volcano-device-plugin-2sg22 has no annotation volcano.sh/devices-to-allocate
E0906 15:29:26.037420       1 device_info.go:189] pod grafana-7c5659d458-xrbnn has no annotation volcano.sh/devices-to-allocate
I0906 15:29:26.037517       1 device_info.go:111] GPU sharing mode:  hami-core
I0906 15:29:26.037547       1 device_info.go:113] "Nvidia Device registered name" name="volcano-lab-worker2" val={"ID":0,"Node":"volcano-lab-worker2","UUID":"GPU-22345678-1234-1234-1234-123456780001","PodMap":{},"Memory":409,"Number":10,"Type":"NVIDIA-NVIDIA A100-SXM4-40GB","Health":true,"UsedNum":0,"UsedMem":0,"UsedCore":0,"MigTemplate":[],"MigUsage":{"Index":-1,"UsageList":null}}
I0906 15:29:26.037592       1 device_info.go:113] "Nvidia Device registered name" name="volcano-lab-worker2" val={"ID":1,"Node":"volcano-lab-worker2","UUID":"GPU-22345678-1234-1234-1234-123456780000","PodMap":{},"Memory":409,"Number":10,"Type":"NVIDIA-NVIDIA A100-SXM4-40GB","Health":true,"UsedNum":0,"UsedMem":0,"UsedCore":0,"MigTemplate":[],"MigUsage":{"Index":-1,"UsageList":null}}
I0906 15:29:26.037618       1 device_info.go:111] GPU sharing mode:  hami-core
I0906 15:29:26.037640       1 device_info.go:113] "Nvidia Device registered name" name="volcano-lab-worker2" val={"ID":0,"Node":"volcano-lab-worker2","UUID":"GPU-22345678-1234-1234-1234-123456780001","PodMap":{},"Memory":409,"Number":10,"Type":"NVIDIA-NVIDIA A100-SXM4-40GB","Health":true,"UsedNum":0,"UsedMem":0,"UsedCore":0,"MigTemplate":[],"MigUsage":{"Index":-1,"UsageList":null}}
I0906 15:29:26.037666       1 device_info.go:113] "Nvidia Device registered name" name="volcano-lab-worker2" val={"ID":1,"Node":"volcano-lab-worker2","UUID":"GPU-22345678-1234-1234-1234-123456780000","PodMap":{},"Memory":409,"Number":10,"Type":"NVIDIA-NVIDIA A100-SXM4-40GB","Health":true,"UsedNum":0,"UsedMem":0,"UsedCore":0,"MigTemplate":[],"MigUsage":{"Index":-1,"UsageList":null}}
E0906 15:29:26.037695       1 device_info.go:189] pod volcano-admission-5b979dc8f6-8rdzl has no annotation volcano.sh/devices-to-allocate
E0906 15:29:26.037718       1 device_info.go:189] pod volcano-controllers-5b976c6d4b-rkqw6 has no annotation volcano.sh/devices-to-allocate
E0906 15:29:26.037733       1 device_info.go:189] pod prometheus-deployment-7cb9b4545b-h2fz4 has no annotation volcano.sh/devices-to-allocate
E0906 15:29:26.037747       1 device_info.go:189] pod volcano-device-plugin-jj26z has no annotation volcano.sh/devices-to-allocate
E0906 15:29:26.037771       1 device_info.go:189] pod kube-state-metrics-5ffcdf767c-gf9d5 has no annotation volcano.sh/devices-to-allocate
E0906 15:29:26.037780       1 device_info.go:189] pod mock2-nvml-mock-mtnbp has no annotation volcano.sh/devices-to-allocate
E0906 15:29:26.037790       1 device_info.go:189] pod kindnet-5whpw has no annotation volcano.sh/devices-to-allocate
E0906 15:29:26.037799       1 device_info.go:189] pod kube-proxy-gwssg has no annotation volcano.sh/devices-to-allocate
I0906 15:29:26.037898       1 cache.go:1581] "SnapShot for scheduling" jobNum=0 QueueNum=3 NodeNum=3
I0906 15:29:26.037928       1 session.go:1036] Start adjusting jobs' network topology spec according to hyperNodeTierNameMap map[]
I0906 15:29:26.037953       1 session.go:1079] Finish adjusting jobs' network topology spec according to hyperNodeTierNameMap map[]
I0906 15:29:26.037982       1 session.go:279] Open Session f6cc971a-bfe6-48bc-8b66-f0f9885fea1d with <0> Job and <3> Queues. HyperNodesReadyToSchedule: true
I0906 15:29:26.038555       1 gpuexclusive.go:437] gpuexclusive: no rules configured, skipping GPU exclusivity wrapping
I0906 15:29:26.038585       1 enqueue.go:79] Try to enqueue PodGroup to 0 Queues
I0906 15:29:26.038599       1 reclaim.go:68] There are <0> Jobs and <3> Queues in total for scheduling.
I0906 15:29:26.038615       1 allocate.go:138] Try to allocate resource to 0 Queues
I0906 15:29:26.038655       1 session.go:577] Close Session f6cc971a-bfe6-48bc-8b66-f0f9885fea1d
I0906 15:29:27.039847       1 device_info.go:111] GPU sharing mode:  hami-core
I0906 15:29:27.039894       1 device_info.go:113] "Nvidia Device registered name" name="volcano-lab-worker" val={"ID":0,"Node":"volcano-lab-worker","UUID":"GPU-12345678-1234-1234-1234-123456780000","PodMap":{},"Memory":409,"Number":10,"Type":"NVIDIA-NVIDIA A100-SXM4-40GB","Health":true,"UsedNum":0,"UsedMem":0,"UsedCore":0,"MigTemplate":[],"MigUsage":{"Index":-1,"UsageList":null}}
I0906 15:29:27.039928       1 device_info.go:113] "Nvidia Device registered name" name="volcano-lab-worker" val={"ID":1,"Node":"volcano-lab-worker","UUID":"GPU-12345678-1234-1234-1234-123456780001","PodMap":{},"Memory":409,"Number":10,"Type":"NVIDIA-NVIDIA A100-SXM4-40GB","Health":true,"UsedNum":0,"UsedMem":0,"UsedCore":0,"MigTemplate":[],"MigUsage":{"Index":-1,"UsageList":null}}
I0906 15:29:27.039953       1 device_info.go:111] GPU sharing mode:  hami-core
I0906 15:29:27.039969       1 device_info.go:113] "Nvidia Device registered name" name="volcano-lab-worker" val={"ID":0,"Node":"volcano-lab-worker","UUID":"GPU-12345678-1234-1234-1234-123456780000","PodMap":{},"Memory":409,"Number":10,"Type":"NVIDIA-NVIDIA A100-SXM4-40GB","Health":true,"UsedNum":0,"UsedMem":0,"UsedCore":0,"MigTemplate":[],"MigUsage":{"Index":-1,"UsageList":null}}
I0906 15:29:27.039986       1 device_info.go:113] "Nvidia Device registered name" name="volcano-lab-worker" val={"ID":1,"Node":"volcano-lab-worker","UUID":"GPU-12345678-1234-1234-1234-123456780001","PodMap":{},"Memory":409,"Number":10,"Type":"NVIDIA-NVIDIA A100-SXM4-40GB","Health":true,"UsedNum":0,"UsedMem":0,"UsedCore":0,"MigTemplate":[],"MigUsage":{"Index":-1,"UsageList":null}}
E0906 15:29:27.040020       1 device_info.go:189] pod mock1-nvml-mock-9rgh9 has no annotation volcano.sh/devices-to-allocate
E0906 15:29:27.040039       1 device_info.go:189] pod volcano-scheduler-75847d877-kglkg has no annotation volcano.sh/devices-to-allocate
E0906 15:29:27.040070       1 device_info.go:189] pod kube-proxy-btcmr has no annotation volcano.sh/devices-to-allocate
E0906 15:29:27.040088       1 device_info.go:189] pod volcano-device-plugin-2sg22 has no annotation volcano.sh/devices-to-allocate
E0906 15:29:27.040102       1 device_info.go:189] pod grafana-7c5659d458-xrbnn has no annotation volcano.sh/devices-to-allocate
E0906 15:29:27.040118       1 device_info.go:189] pod kindnet-k2m7h has no annotation volcano.sh/devices-to-allocate
I0906 15:29:27.040201       1 device_info.go:111] GPU sharing mode:  hami-core
I0906 15:29:27.040226       1 device_info.go:113] "Nvidia Device registered name" name="volcano-lab-worker2" val={"ID":0,"Node":"volcano-lab-worker2","UUID":"GPU-22345678-1234-1234-1234-123456780001","PodMap":{},"Memory":409,"Number":10,"Type":"NVIDIA-NVIDIA A100-SXM4-40GB","Health":true,"UsedNum":0,"UsedMem":0,"UsedCore":0,"MigTemplate":[],"MigUsage":{"Index":-1,"UsageList":null}}
I0906 15:29:27.040262       1 device_info.go:113] "Nvidia Device registered name" name="volcano-lab-worker2" val={"ID":1,"Node":"volcano-lab-worker2","UUID":"GPU-22345678-1234-1234-1234-123456780000","PodMap":{},"Memory":409,"Number":10,"Type":"NVIDIA-NVIDIA A100-SXM4-40GB","Health":true,"UsedNum":0,"UsedMem":0,"UsedCore":0,"MigTemplate":[],"MigUsage":{"Index":-1,"UsageList":null}}
I0906 15:29:27.040297       1 device_info.go:111] GPU sharing mode:  hami-core
I0906 15:29:27.040325       1 device_info.go:113] "Nvidia Device registered name" name="volcano-lab-worker2" val={"ID":0,"Node":"volcano-lab-worker2","UUID":"GPU-22345678-1234-1234-1234-123456780001","PodMap":{},"Memory":409,"Number":10,"Type":"NVIDIA-NVIDIA A100-SXM4-40GB","Health":true,"UsedNum":0,"UsedMem":0,"UsedCore":0,"MigTemplate":[],"MigUsage":{"Index":-1,"UsageList":null}}
I0906 15:29:27.040360       1 device_info.go:113] "Nvidia Device registered name" name="volcano-lab-worker2" val={"ID":1,"Node":"volcano-lab-worker2","UUID":"GPU-22345678-1234-1234-1234-123456780000","PodMap":{},"Memory":409,"Number":10,"Type":"NVIDIA-NVIDIA A100-SXM4-40GB","Health":true,"UsedNum":0,"UsedMem":0,"UsedCore":0,"MigTemplate":[],"MigUsage":{"Index":-1,"UsageList":null}}
E0906 15:29:27.040404       1 device_info.go:189] pod volcano-controllers-5b976c6d4b-rkqw6 has no annotation volcano.sh/devices-to-allocate
E0906 15:29:27.040430       1 device_info.go:189] pod prometheus-deployment-7cb9b4545b-h2fz4 has no annotation volcano.sh/devices-to-allocate
E0906 15:29:27.040446       1 device_info.go:189] pod volcano-device-plugin-jj26z has no annotation volcano.sh/devices-to-allocate
E0906 15:29:27.040465       1 device_info.go:189] pod kube-state-metrics-5ffcdf767c-gf9d5 has no annotation volcano.sh/devices-to-allocate
E0906 15:29:27.040480       1 device_info.go:189] pod mock2-nvml-mock-mtnbp has no annotation volcano.sh/devices-to-allocate
E0906 15:29:27.040495       1 device_info.go:189] pod kindnet-5whpw has no annotation volcano.sh/devices-to-allocate
E0906 15:29:27.040511       1 device_info.go:189] pod kube-proxy-gwssg has no annotation volcano.sh/devices-to-allocate
E0906 15:29:27.040531       1 device_info.go:189] pod volcano-admission-5b979dc8f6-8rdzl has no annotation volcano.sh/devices-to-allocate
I0906 15:29:27.040616       1 cache.go:1581] "SnapShot for scheduling" jobNum=0 QueueNum=3 NodeNum=3
I0906 15:29:27.040644       1 session.go:1036] Start adjusting jobs' network topology spec according to hyperNodeTierNameMap map[]
I0906 15:29:27.040660       1 session.go:1079] Finish adjusting jobs' network topology spec according to hyperNodeTierNameMap map[]
I0906 15:29:27.040675       1 session.go:279] Open Session ba2cf8c0-6382-4f18-bc7f-724463eb1f21 with <0> Job and <3> Queues. HyperNodesReadyToSchedule: true
I0906 15:29:27.040907       1 gpuexclusive.go:437] gpuexclusive: no rules configured, skipping GPU exclusivity wrapping
I0906 15:29:27.040920       1 enqueue.go:79] Try to enqueue PodGroup to 0 Queues
I0906 15:29:27.040929       1 reclaim.go:68] There are <0> Jobs and <3> Queues in total for scheduling.
I0906 15:29:27.040938       1 allocate.go:138] Try to allocate resource to 0 Queues
I0906 15:29:27.040971       1 session.go:577] Close Session ba2cf8c0-6382-4f18-bc7f-724463eb1f21
I0906 15:29:28.041860       1 device_info.go:111] GPU sharing mode:  hami-core
I0906 15:29:28.041905       1 device_info.go:113] "Nvidia Device registered name" name="volcano-lab-worker" val={"ID":0,"Node":"volcano-lab-worker","UUID":"GPU-12345678-1234-1234-1234-123456780000","PodMap":{},"Memory":409,"Number":10,"Type":"NVIDIA-NVIDIA A100-SXM4-40GB","Health":true,"UsedNum":0,"UsedMem":0,"UsedCore":0,"MigTemplate":[],"MigUsage":{"Index":-1,"UsageList":null}}
I0906 15:29:28.041938       1 device_info.go:113] "Nvidia Device registered name" name="volcano-lab-worker" val={"ID":1,"Node":"volcano-lab-worker","UUID":"GPU-12345678-1234-1234-1234-123456780001","PodMap":{},"Memory":409,"Number":10,"Type":"NVIDIA-NVIDIA A100-SXM4-40GB","Health":true,"UsedNum":0,"UsedMem":0,"UsedCore":0,"MigTemplate":[],"MigUsage":{"Index":-1,"UsageList":null}}
I0906 15:29:28.041958       1 device_info.go:111] GPU sharing mode:  hami-core
I0906 15:29:28.041973       1 device_info.go:113] "Nvidia Device registered name" name="volcano-lab-worker" val={"ID":0,"Node":"volcano-lab-worker","UUID":"GPU-12345678-1234-1234-1234-123456780000","PodMap":{},"Memory":409,"Number":10,"Type":"NVIDIA-NVIDIA A100-SXM4-40GB","Health":true,"UsedNum":0,"UsedMem":0,"UsedCore":0,"MigTemplate":[],"MigUsage":{"Index":-1,"UsageList":null}}
I0906 15:29:28.041990       1 device_info.go:113] "Nvidia Device registered name" name="volcano-lab-worker" val={"ID":1,"Node":"volcano-lab-worker","UUID":"GPU-12345678-1234-1234-1234-123456780001","PodMap":{},"Memory":409,"Number":10,"Type":"NVIDIA-NVIDIA A100-SXM4-40GB","Health":true,"UsedNum":0,"UsedMem":0,"UsedCore":0,"MigTemplate":[],"MigUsage":{"Index":-1,"UsageList":null}}
E0906 15:29:28.042012       1 device_info.go:189] pod grafana-7c5659d458-xrbnn has no annotation volcano.sh/devices-to-allocate
E0906 15:29:28.042025       1 device_info.go:189] pod kindnet-k2m7h has no annotation volcano.sh/devices-to-allocate
E0906 15:29:28.042038       1 device_info.go:189] pod mock1-nvml-mock-9rgh9 has no annotation volcano.sh/devices-to-allocate
E0906 15:29:28.042072       1 device_info.go:189] pod volcano-scheduler-75847d877-kglkg has no annotation volcano.sh/devices-to-allocate
E0906 15:29:28.042082       1 device_info.go:189] pod kube-proxy-btcmr has no annotation volcano.sh/devices-to-allocate
E0906 15:29:28.042094       1 device_info.go:189] pod volcano-device-plugin-2sg22 has no annotation volcano.sh/devices-to-allocate
I0906 15:29:28.042155       1 device_info.go:111] GPU sharing mode:  hami-core
I0906 15:29:28.042171       1 device_info.go:113] "Nvidia Device registered name" name="volcano-lab-worker2" val={"ID":0,"Node":"volcano-lab-worker2","UUID":"GPU-22345678-1234-1234-1234-123456780001","PodMap":{},"Memory":409,"Number":10,"Type":"NVIDIA-NVIDIA A100-SXM4-40GB","Health":true,"UsedNum":0,"UsedMem":0,"UsedCore":0,"MigTemplate":[],"MigUsage":{"Index":-1,"UsageList":null}}
I0906 15:29:28.042195       1 device_info.go:113] "Nvidia Device registered name" name="volcano-lab-worker2" val={"ID":1,"Node":"volcano-lab-worker2","UUID":"GPU-22345678-1234-1234-1234-123456780000","PodMap":{},"Memory":409,"Number":10,"Type":"NVIDIA-NVIDIA A100-SXM4-40GB","Health":true,"UsedNum":0,"UsedMem":0,"UsedCore":0,"MigTemplate":[],"MigUsage":{"Index":-1,"UsageList":null}}
I0906 15:29:28.042216       1 device_info.go:111] GPU sharing mode:  hami-core
I0906 15:29:28.042229       1 device_info.go:113] "Nvidia Device registered name" name="volcano-lab-worker2" val={"ID":0,"Node":"volcano-lab-worker2","UUID":"GPU-22345678-1234-1234-1234-123456780001","PodMap":{},"Memory":409,"Number":10,"Type":"NVIDIA-NVIDIA A100-SXM4-40GB","Health":true,"UsedNum":0,"UsedMem":0,"UsedCore":0,"MigTemplate":[],"MigUsage":{"Index":-1,"UsageList":null}}
I0906 15:29:28.042250       1 device_info.go:113] "Nvidia Device registered name" name="volcano-lab-worker2" val={"ID":1,"Node":"volcano-lab-worker2","UUID":"GPU-22345678-1234-1234-1234-123456780000","PodMap":{},"Memory":409,"Number":10,"Type":"NVIDIA-NVIDIA A100-SXM4-40GB","Health":true,"UsedNum":0,"UsedMem":0,"UsedCore":0,"MigTemplate":[],"MigUsage":{"Index":-1,"UsageList":null}}
E0906 15:29:28.042268       1 device_info.go:189] pod kube-state-metrics-5ffcdf767c-gf9d5 has no annotation volcano.sh/devices-to-allocate
E0906 15:29:28.042280       1 device_info.go:189] pod mock2-nvml-mock-mtnbp has no annotation volcano.sh/devices-to-allocate
E0906 15:29:28.042289       1 device_info.go:189] pod kindnet-5whpw has no annotation volcano.sh/devices-to-allocate
E0906 15:29:28.042299       1 device_info.go:189] pod kube-proxy-gwssg has no annotation volcano.sh/devices-to-allocate
E0906 15:29:28.042309       1 device_info.go:189] pod volcano-admission-5b979dc8f6-8rdzl has no annotation volcano.sh/devices-to-allocate
E0906 15:29:28.042317       1 device_info.go:189] pod volcano-controllers-5b976c6d4b-rkqw6 has no annotation volcano.sh/devices-to-allocate
E0906 15:29:28.042326       1 device_info.go:189] pod prometheus-deployment-7cb9b4545b-h2fz4 has no annotation volcano.sh/devices-to-allocate
E0906 15:29:28.042336       1 device_info.go:189] pod volcano-device-plugin-jj26z has no annotation volcano.sh/devices-to-allocate
I0906 15:29:28.042410       1 cache.go:1581] "SnapShot for scheduling" jobNum=0 QueueNum=3 NodeNum=3
I0906 15:29:28.042433       1 session.go:1036] Start adjusting jobs' network topology spec according to hyperNodeTierNameMap map[]
I0906 15:29:28.042450       1 session.go:1079] Finish adjusting jobs' network topology spec according to hyperNodeTierNameMap map[]
I0906 15:29:28.042469       1 session.go:279] Open Session cf154549-8392-4b6e-a3bc-666995e8f1c2 with <0> Job and <3> Queues. HyperNodesReadyToSchedule: true
I0906 15:29:28.042817       1 gpuexclusive.go:437] gpuexclusive: no rules configured, skipping GPU exclusivity wrapping
I0906 15:29:28.042828       1 enqueue.go:79] Try to enqueue PodGroup to 0 Queues
I0906 15:29:28.042834       1 reclaim.go:68] There are <0> Jobs and <3> Queues in total for scheduling.
I0906 15:29:28.042841       1 allocate.go:138] Try to allocate resource to 0 Queues
I0906 15:29:28.042866       1 session.go:577] Close Session cf154549-8392-4b6e-a3bc-666995e8f1c2
I0906 15:29:29.043610       1 device_info.go:111] GPU sharing mode:  hami-core
I0906 15:29:29.043656       1 device_info.go:113] "Nvidia Device registered name" name="volcano-lab-worker" val={"ID":0,"Node":"volcano-lab-worker","UUID":"GPU-12345678-1234-1234-1234-123456780000","PodMap":{},"Memory":409,"Number":10,"Type":"NVIDIA-NVIDIA A100-SXM4-40GB","Health":true,"UsedNum":0,"UsedMem":0,"UsedCore":0,"MigTemplate":[],"MigUsage":{"Index":-1,"UsageList":null}}
I0906 15:29:29.043690       1 device_info.go:113] "Nvidia Device registered name" name="volcano-lab-worker" val={"ID":1,"Node":"volcano-lab-worker","UUID":"GPU-12345678-1234-1234-1234-123456780001","PodMap":{},"Memory":409,"Number":10,"Type":"NVIDIA-NVIDIA A100-SXM4-40GB","Health":true,"UsedNum":0,"UsedMem":0,"UsedCore":0,"MigTemplate":[],"MigUsage":{"Index":-1,"UsageList":null}}
I0906 15:29:29.043710       1 device_info.go:111] GPU sharing mode:  hami-core
I0906 15:29:29.043731       1 device_info.go:113] "Nvidia Device registered name" name="volcano-lab-worker" val={"ID":0,"Node":"volcano-lab-worker","UUID":"GPU-12345678-1234-1234-1234-123456780000","PodMap":{},"Memory":409,"Number":10,"Type":"NVIDIA-NVIDIA A100-SXM4-40GB","Health":true,"UsedNum":0,"UsedMem":0,"UsedCore":0,"MigTemplate":[],"MigUsage":{"Index":-1,"UsageList":null}}
I0906 15:29:29.043747       1 device_info.go:113] "Nvidia Device registered name" name="volcano-lab-worker" val={"ID":1,"Node":"volcano-lab-worker","UUID":"GPU-12345678-1234-1234-1234-123456780001","PodMap":{},"Memory":409,"Number":10,"Type":"NVIDIA-NVIDIA A100-SXM4-40GB","Health":true,"UsedNum":0,"UsedMem":0,"UsedCore":0,"MigTemplate":[],"MigUsage":{"Index":-1,"UsageList":null}}
E0906 15:29:29.043774       1 device_info.go:189] pod kindnet-k2m7h has no annotation volcano.sh/devices-to-allocate
E0906 15:29:29.043796       1 device_info.go:189] pod mock1-nvml-mock-9rgh9 has no annotation volcano.sh/devices-to-allocate
E0906 15:29:29.043812       1 device_info.go:189] pod volcano-scheduler-75847d877-kglkg has no annotation volcano.sh/devices-to-allocate
E0906 15:29:29.043836       1 device_info.go:189] pod kube-proxy-btcmr has no annotation volcano.sh/devices-to-allocate
E0906 15:29:29.043850       1 device_info.go:189] pod volcano-device-plugin-2sg22 has no annotation volcano.sh/devices-to-allocate
E0906 15:29:29.043867       1 device_info.go:189] pod grafana-7c5659d458-xrbnn has no annotation volcano.sh/devices-to-allocate
I0906 15:29:29.043958       1 device_info.go:111] GPU sharing mode:  hami-core
I0906 15:29:29.043981       1 device_info.go:113] "Nvidia Device registered name" name="volcano-lab-worker2" val={"ID":0,"Node":"volcano-lab-worker2","UUID":"GPU-22345678-1234-1234-1234-123456780001","PodMap":{},"Memory":409,"Number":10,"Type":"NVIDIA-NVIDIA A100-SXM4-40GB","Health":true,"UsedNum":0,"UsedMem":0,"UsedCore":0,"MigTemplate":[],"MigUsage":{"Index":-1,"UsageList":null}}
I0906 15:29:29.044004       1 device_info.go:113] "Nvidia Device registered name" name="volcano-lab-worker2" val={"ID":1,"Node":"volcano-lab-worker2","UUID":"GPU-22345678-1234-1234-1234-123456780000","PodMap":{},"Memory":409,"Number":10,"Type":"NVIDIA-NVIDIA A100-SXM4-40GB","Health":true,"UsedNum":0,"UsedMem":0,"UsedCore":0,"MigTemplate":[],"MigUsage":{"Index":-1,"UsageList":null}}
I0906 15:29:29.044027       1 device_info.go:111] GPU sharing mode:  hami-core
I0906 15:29:29.044098       1 device_info.go:113] "Nvidia Device registered name" name="volcano-lab-worker2" val={"ID":0,"Node":"volcano-lab-worker2","UUID":"GPU-22345678-1234-1234-1234-123456780001","PodMap":{},"Memory":409,"Number":10,"Type":"NVIDIA-NVIDIA A100-SXM4-40GB","Health":true,"UsedNum":0,"UsedMem":0,"UsedCore":0,"MigTemplate":[],"MigUsage":{"Index":-1,"UsageList":null}}
I0906 15:29:29.044130       1 device_info.go:113] "Nvidia Device registered name" name="volcano-lab-worker2" val={"ID":1,"Node":"volcano-lab-worker2","UUID":"GPU-22345678-1234-1234-1234-123456780000","PodMap":{},"Memory":409,"Number":10,"Type":"NVIDIA-NVIDIA A100-SXM4-40GB","Health":true,"UsedNum":0,"UsedMem":0,"UsedCore":0,"MigTemplate":[],"MigUsage":{"Index":-1,"UsageList":null}}
E0906 15:29:29.044155       1 device_info.go:189] pod kindnet-5whpw has no annotation volcano.sh/devices-to-allocate
E0906 15:29:29.044168       1 device_info.go:189] pod kube-proxy-gwssg has no annotation volcano.sh/devices-to-allocate
E0906 15:29:29.044180       1 device_info.go:189] pod volcano-admission-5b979dc8f6-8rdzl has no annotation volcano.sh/devices-to-allocate
E0906 15:29:29.044192       1 device_info.go:189] pod volcano-controllers-5b976c6d4b-rkqw6 has no annotation volcano.sh/devices-to-allocate
E0906 15:29:29.044209       1 device_info.go:189] pod prometheus-deployment-7cb9b4545b-h2fz4 has no annotation volcano.sh/devices-to-allocate
E0906 15:29:29.044224       1 device_info.go:189] pod volcano-device-plugin-jj26z has no annotation volcano.sh/devices-to-allocate
E0906 15:29:29.044239       1 device_info.go:189] pod kube-state-metrics-5ffcdf767c-gf9d5 has no annotation volcano.sh/devices-to-allocate
E0906 15:29:29.044254       1 device_info.go:189] pod mock2-nvml-mock-mtnbp has no annotation volcano.sh/devices-to-allocate
I0906 15:29:29.044356       1 cache.go:1581] "SnapShot for scheduling" jobNum=0 QueueNum=3 NodeNum=3
I0906 15:29:29.044384       1 session.go:1036] Start adjusting jobs' network topology spec according to hyperNodeTierNameMap map[]
I0906 15:29:29.044399       1 session.go:1079] Finish adjusting jobs' network topology spec according to hyperNodeTierNameMap map[]
I0906 15:29:29.044422       1 session.go:279] Open Session 5a62df09-9a06-4e92-80de-ae851a1e6c07 with <0> Job and <3> Queues. HyperNodesReadyToSchedule: true
I0906 15:29:29.044861       1 gpuexclusive.go:437] gpuexclusive: no rules configured, skipping GPU exclusivity wrapping
I0906 15:29:29.044872       1 enqueue.go:79] Try to enqueue PodGroup to 0 Queues
I0906 15:29:29.044880       1 reclaim.go:68] There are <0> Jobs and <3> Queues in total for scheduling.
I0906 15:29:29.044888       1 allocate.go:138] Try to allocate resource to 0 Queues
I0906 15:29:29.044917       1 session.go:577] Close Session 5a62df09-9a06-4e92-80de-ae851a1e6c07
I0906 15:29:30.045561       1 device_info.go:111] GPU sharing mode:  hami-core
I0906 15:29:30.045618       1 device_info.go:113] "Nvidia Device registered name" name="volcano-lab-worker" val={"ID":0,"Node":"volcano-lab-worker","UUID":"GPU-12345678-1234-1234-1234-123456780000","PodMap":{},"Memory":409,"Number":10,"Type":"NVIDIA-NVIDIA A100-SXM4-40GB","Health":true,"UsedNum":0,"UsedMem":0,"UsedCore":0,"MigTemplate":[],"MigUsage":{"Index":-1,"UsageList":null}}
I0906 15:29:30.045685       1 device_info.go:113] "Nvidia Device registered name" name="volcano-lab-worker" val={"ID":1,"Node":"volcano-lab-worker","UUID":"GPU-12345678-1234-1234-1234-123456780001","PodMap":{},"Memory":409,"Number":10,"Type":"NVIDIA-NVIDIA A100-SXM4-40GB","Health":true,"UsedNum":0,"UsedMem":0,"UsedCore":0,"MigTemplate":[],"MigUsage":{"Index":-1,"UsageList":null}}
I0906 15:29:30.045714       1 device_info.go:111] GPU sharing mode:  hami-core
I0906 15:29:30.045739       1 device_info.go:113] "Nvidia Device registered name" name="volcano-lab-worker" val={"ID":1,"Node":"volcano-lab-worker","UUID":"GPU-12345678-1234-1234-1234-123456780001","PodMap":{},"Memory":409,"Number":10,"Type":"NVIDIA-NVIDIA A100-SXM4-40GB","Health":true,"UsedNum":0,"UsedMem":0,"UsedCore":0,"MigTemplate":[],"MigUsage":{"Index":-1,"UsageList":null}}
I0906 15:29:30.045763       1 device_info.go:113] "Nvidia Device registered name" name="volcano-lab-worker" val={"ID":0,"Node":"volcano-lab-worker","UUID":"GPU-12345678-1234-1234-1234-123456780000","PodMap":{},"Memory":409,"Number":10,"Type":"NVIDIA-NVIDIA A100-SXM4-40GB","Health":true,"UsedNum":0,"UsedMem":0,"UsedCore":0,"MigTemplate":[],"MigUsage":{"Index":-1,"UsageList":null}}
E0906 15:29:30.045785       1 device_info.go:189] pod mock1-nvml-mock-9rgh9 has no annotation volcano.sh/devices-to-allocate
E0906 15:29:30.045799       1 device_info.go:189] pod volcano-scheduler-75847d877-kglkg has no annotation volcano.sh/devices-to-allocate
E0906 15:29:30.045828       1 device_info.go:189] pod kube-proxy-btcmr has no annotation volcano.sh/devices-to-allocate
E0906 15:29:30.045847       1 device_info.go:189] pod volcano-device-plugin-2sg22 has no annotation volcano.sh/devices-to-allocate
E0906 15:29:30.045860       1 device_info.go:189] pod grafana-7c5659d458-xrbnn has no annotation volcano.sh/devices-to-allocate
E0906 15:29:30.045873       1 device_info.go:189] pod kindnet-k2m7h has no annotation volcano.sh/devices-to-allocate
I0906 15:29:30.045943       1 device_info.go:111] GPU sharing mode:  hami-core
I0906 15:29:30.045969       1 device_info.go:113] "Nvidia Device registered name" name="volcano-lab-worker2" val={"ID":1,"Node":"volcano-lab-worker2","UUID":"GPU-22345678-1234-1234-1234-123456780000","PodMap":{},"Memory":409,"Number":10,"Type":"NVIDIA-NVIDIA A100-SXM4-40GB","Health":true,"UsedNum":0,"UsedMem":0,"UsedCore":0,"MigTemplate":[],"MigUsage":{"Index":-1,"UsageList":null}}
I0906 15:29:30.046004       1 device_info.go:113] "Nvidia Device registered name" name="volcano-lab-worker2" val={"ID":0,"Node":"volcano-lab-worker2","UUID":"GPU-22345678-1234-1234-1234-123456780001","PodMap":{},"Memory":409,"Number":10,"Type":"NVIDIA-NVIDIA A100-SXM4-40GB","Health":true,"UsedNum":0,"UsedMem":0,"UsedCore":0,"MigTemplate":[],"MigUsage":{"Index":-1,"UsageList":null}}
I0906 15:29:30.046021       1 device_info.go:111] GPU sharing mode:  hami-core
I0906 15:29:30.046037       1 device_info.go:113] "Nvidia Device registered name" name="volcano-lab-worker2" val={"ID":0,"Node":"volcano-lab-worker2","UUID":"GPU-22345678-1234-1234-1234-123456780001","PodMap":{},"Memory":409,"Number":10,"Type":"NVIDIA-NVIDIA A100-SXM4-40GB","Health":true,"UsedNum":0,"UsedMem":0,"UsedCore":0,"MigTemplate":[],"MigUsage":{"Index":-1,"UsageList":null}}
I0906 15:29:30.046084       1 device_info.go:113] "Nvidia Device registered name" name="volcano-lab-worker2" val={"ID":1,"Node":"volcano-lab-worker2","UUID":"GPU-22345678-1234-1234-1234-123456780000","PodMap":{},"Memory":409,"Number":10,"Type":"NVIDIA-NVIDIA A100-SXM4-40GB","Health":true,"UsedNum":0,"UsedMem":0,"UsedCore":0,"MigTemplate":[],"MigUsage":{"Index":-1,"UsageList":null}}
E0906 15:29:30.046113       1 device_info.go:189] pod mock2-nvml-mock-mtnbp has no annotation volcano.sh/devices-to-allocate
E0906 15:29:30.046131       1 device_info.go:189] pod kindnet-5whpw has no annotation volcano.sh/devices-to-allocate
E0906 15:29:30.046141       1 device_info.go:189] pod kube-proxy-gwssg has no annotation volcano.sh/devices-to-allocate
E0906 15:29:30.046151       1 device_info.go:189] pod volcano-admission-5b979dc8f6-8rdzl has no annotation volcano.sh/devices-to-allocate
E0906 15:29:30.046160       1 device_info.go:189] pod volcano-controllers-5b976c6d4b-rkqw6 has no annotation volcano.sh/devices-to-allocate
E0906 15:29:30.046169       1 device_info.go:189] pod prometheus-deployment-7cb9b4545b-h2fz4 has no annotation volcano.sh/devices-to-allocate
E0906 15:29:30.046179       1 device_info.go:189] pod volcano-device-plugin-jj26z has no annotation volcano.sh/devices-to-allocate
E0906 15:29:30.046193       1 device_info.go:189] pod kube-state-metrics-5ffcdf767c-gf9d5 has no annotation volcano.sh/devices-to-allocate
I0906 15:29:30.046285       1 cache.go:1581] "SnapShot for scheduling" jobNum=0 QueueNum=3 NodeNum=3
I0906 15:29:30.046315       1 session.go:1036] Start adjusting jobs' network topology spec according to hyperNodeTierNameMap map[]
I0906 15:29:30.046334       1 session.go:1079] Finish adjusting jobs' network topology spec according to hyperNodeTierNameMap map[]
I0906 15:29:30.046354       1 session.go:279] Open Session a66b3ca7-dfa2-472e-950b-f7e68d5a3daf with <0> Job and <3> Queues. HyperNodesReadyToSchedule: true
I0906 15:29:30.046839       1 gpuexclusive.go:437] gpuexclusive: no rules configured, skipping GPU exclusivity wrapping
I0906 15:29:30.046853       1 enqueue.go:79] Try to enqueue PodGroup to 0 Queues
I0906 15:29:30.046860       1 reclaim.go:68] There are <0> Jobs and <3> Queues in total for scheduling.
I0906 15:29:30.046866       1 allocate.go:138] Try to allocate resource to 0 Queues
I0906 15:29:30.046895       1 session.go:577] Close Session a66b3ca7-dfa2-472e-950b-f7e68d5a3daf
I0906 15:29:31.047139       1 device_info.go:111] GPU sharing mode:  hami-core
I0906 15:29:31.047171       1 device_info.go:113] "Nvidia Device registered name" name="volcano-lab-worker" val={"ID":0,"Node":"volcano-lab-worker","UUID":"GPU-12345678-1234-1234-1234-123456780000","PodMap":{},"Memory":409,"Number":10,"Type":"NVIDIA-NVIDIA A100-SXM4-40GB","Health":true,"UsedNum":0,"UsedMem":0,"UsedCore":0,"MigTemplate":[],"MigUsage":{"Index":-1,"UsageList":null}}
I0906 15:29:31.047189       1 device_info.go:113] "Nvidia Device registered name" name="volcano-lab-worker" val={"ID":1,"Node":"volcano-lab-worker","UUID":"GPU-12345678-1234-1234-1234-123456780001","PodMap":{},"Memory":409,"Number":10,"Type":"NVIDIA-NVIDIA A100-SXM4-40GB","Health":true,"UsedNum":0,"UsedMem":0,"UsedCore":0,"MigTemplate":[],"MigUsage":{"Index":-1,"UsageList":null}}
I0906 15:29:31.047201       1 device_info.go:111] GPU sharing mode:  hami-core
I0906 15:29:31.047206       1 device_info.go:113] "Nvidia Device registered name" name="volcano-lab-worker" val={"ID":0,"Node":"volcano-lab-worker","UUID":"GPU-12345678-1234-1234-1234-123456780000","PodMap":{},"Memory":409,"Number":10,"Type":"NVIDIA-NVIDIA A100-SXM4-40GB","Health":true,"UsedNum":0,"UsedMem":0,"UsedCore":0,"MigTemplate":[],"MigUsage":{"Index":-1,"UsageList":null}}
I0906 15:29:31.047211       1 device_info.go:113] "Nvidia Device registered name" name="volcano-lab-worker" val={"ID":1,"Node":"volcano-lab-worker","UUID":"GPU-12345678-1234-1234-1234-123456780001","PodMap":{},"Memory":409,"Number":10,"Type":"NVIDIA-NVIDIA A100-SXM4-40GB","Health":true,"UsedNum":0,"UsedMem":0,"UsedCore":0,"MigTemplate":[],"MigUsage":{"Index":-1,"UsageList":null}}
E0906 15:29:31.047230       1 device_info.go:189] pod kube-proxy-btcmr has no annotation volcano.sh/devices-to-allocate
E0906 15:29:31.047236       1 device_info.go:189] pod volcano-device-plugin-2sg22 has no annotation volcano.sh/devices-to-allocate
E0906 15:29:31.047242       1 device_info.go:189] pod grafana-7c5659d458-xrbnn has no annotation volcano.sh/devices-to-allocate
E0906 15:29:31.047246       1 device_info.go:189] pod kindnet-k2m7h has no annotation volcano.sh/devices-to-allocate
E0906 15:29:31.047250       1 device_info.go:189] pod mock1-nvml-mock-9rgh9 has no annotation volcano.sh/devices-to-allocate
E0906 15:29:31.047255       1 device_info.go:189] pod volcano-scheduler-75847d877-kglkg has no annotation volcano.sh/devices-to-allocate
I0906 15:29:31.047282       1 device_info.go:111] GPU sharing mode:  hami-core
I0906 15:29:31.047290       1 device_info.go:113] "Nvidia Device registered name" name="volcano-lab-worker2" val={"ID":0,"Node":"volcano-lab-worker2","UUID":"GPU-22345678-1234-1234-1234-123456780001","PodMap":{},"Memory":409,"Number":10,"Type":"NVIDIA-NVIDIA A100-SXM4-40GB","Health":true,"UsedNum":0,"UsedMem":0,"UsedCore":0,"MigTemplate":[],"MigUsage":{"Index":-1,"UsageList":null}}
I0906 15:29:31.047301       1 device_info.go:113] "Nvidia Device registered name" name="volcano-lab-worker2" val={"ID":1,"Node":"volcano-lab-worker2","UUID":"GPU-22345678-1234-1234-1234-123456780000","PodMap":{},"Memory":409,"Number":10,"Type":"NVIDIA-NVIDIA A100-SXM4-40GB","Health":true,"UsedNum":0,"UsedMem":0,"UsedCore":0,"MigTemplate":[],"MigUsage":{"Index":-1,"UsageList":null}}
I0906 15:29:31.047310       1 device_info.go:111] GPU sharing mode:  hami-core
I0906 15:29:31.047315       1 device_info.go:113] "Nvidia Device registered name" name="volcano-lab-worker2" val={"ID":0,"Node":"volcano-lab-worker2","UUID":"GPU-22345678-1234-1234-1234-123456780001","PodMap":{},"Memory":409,"Number":10,"Type":"NVIDIA-NVIDIA A100-SXM4-40GB","Health":true,"UsedNum":0,"UsedMem":0,"UsedCore":0,"MigTemplate":[],"MigUsage":{"Index":-1,"UsageList":null}}
I0906 15:29:31.047322       1 device_info.go:113] "Nvidia Device registered name" name="volcano-lab-worker2" val={"ID":1,"Node":"volcano-lab-worker2","UUID":"GPU-22345678-1234-1234-1234-123456780000","PodMap":{},"Memory":409,"Number":10,"Type":"NVIDIA-NVIDIA A100-SXM4-40GB","Health":true,"UsedNum":0,"UsedMem":0,"UsedCore":0,"MigTemplate":[],"MigUsage":{"Index":-1,"UsageList":null}}
E0906 15:29:31.047333       1 device_info.go:189] pod volcano-controllers-5b976c6d4b-rkqw6 has no annotation volcano.sh/devices-to-allocate
E0906 15:29:31.047339       1 device_info.go:189] pod prometheus-deployment-7cb9b4545b-h2fz4 has no annotation volcano.sh/devices-to-allocate
E0906 15:29:31.047345       1 device_info.go:189] pod volcano-device-plugin-jj26z has no annotation volcano.sh/devices-to-allocate
E0906 15:29:31.047354       1 device_info.go:189] pod kube-state-metrics-5ffcdf767c-gf9d5 has no annotation volcano.sh/devices-to-allocate
E0906 15:29:31.047358       1 device_info.go:189] pod mock2-nvml-mock-mtnbp has no annotation volcano.sh/devices-to-allocate
E0906 15:29:31.047362       1 device_info.go:189] pod kindnet-5whpw has no annotation volcano.sh/devices-to-allocate
E0906 15:29:31.047365       1 device_info.go:189] pod kube-proxy-gwssg has no annotation volcano.sh/devices-to-allocate
E0906 15:29:31.047369       1 device_info.go:189] pod volcano-admission-5b979dc8f6-8rdzl has no annotation volcano.sh/devices-to-allocate
I0906 15:29:31.047432       1 cache.go:1581] "SnapShot for scheduling" jobNum=0 QueueNum=3 NodeNum=3
I0906 15:29:31.047443       1 session.go:1036] Start adjusting jobs' network topology spec according to hyperNodeTierNameMap map[]
I0906 15:29:31.047451       1 session.go:1079] Finish adjusting jobs' network topology spec according to hyperNodeTierNameMap map[]
I0906 15:29:31.047460       1 session.go:279] Open Session 5b0c5229-8e05-4659-92fe-bdf8dff9bede with <0> Job and <3> Queues. HyperNodesReadyToSchedule: true
I0906 15:29:31.047739       1 gpuexclusive.go:437] gpuexclusive: no rules configured, skipping GPU exclusivity wrapping
I0906 15:29:31.047750       1 enqueue.go:79] Try to enqueue PodGroup to 0 Queues
I0906 15:29:31.047757       1 reclaim.go:68] There are <0> Jobs and <3> Queues in total for scheduling.
I0906 15:29:31.047766       1 allocate.go:138] Try to allocate resource to 0 Queues
I0906 15:29:31.047794       1 session.go:577] Close Session 5b0c5229-8e05-4659-92fe-bdf8dff9bede
I0906 15:29:32.048083       1 device_info.go:111] GPU sharing mode:  hami-core
I0906 15:29:32.048135       1 device_info.go:113] "Nvidia Device registered name" name="volcano-lab-worker" val={"ID":0,"Node":"volcano-lab-worker","UUID":"GPU-12345678-1234-1234-1234-123456780000","PodMap":{},"Memory":409,"Number":10,"Type":"NVIDIA-NVIDIA A100-SXM4-40GB","Health":true,"UsedNum":0,"UsedMem":0,"UsedCore":0,"MigTemplate":[],"MigUsage":{"Index":-1,"UsageList":null}}
I0906 15:29:32.048179       1 device_info.go:113] "Nvidia Device registered name" name="volcano-lab-worker" val={"ID":1,"Node":"volcano-lab-worker","UUID":"GPU-12345678-1234-1234-1234-123456780001","PodMap":{},"Memory":409,"Number":10,"Type":"NVIDIA-NVIDIA A100-SXM4-40GB","Health":true,"UsedNum":0,"UsedMem":0,"UsedCore":0,"MigTemplate":[],"MigUsage":{"Index":-1,"UsageList":null}}
I0906 15:29:32.048212       1 device_info.go:111] GPU sharing mode:  hami-core
I0906 15:29:32.048239       1 device_info.go:113] "Nvidia Device registered name" name="volcano-lab-worker" val={"ID":0,"Node":"volcano-lab-worker","UUID":"GPU-12345678-1234-1234-1234-123456780000","PodMap":{},"Memory":409,"Number":10,"Type":"NVIDIA-NVIDIA A100-SXM4-40GB","Health":true,"UsedNum":0,"UsedMem":0,"UsedCore":0,"MigTemplate":[],"MigUsage":{"Index":-1,"UsageList":null}}
I0906 15:29:32.048300       1 device_info.go:113] "Nvidia Device registered name" name="volcano-lab-worker" val={"ID":1,"Node":"volcano-lab-worker","UUID":"GPU-12345678-1234-1234-1234-123456780001","PodMap":{},"Memory":409,"Number":10,"Type":"NVIDIA-NVIDIA A100-SXM4-40GB","Health":true,"UsedNum":0,"UsedMem":0,"UsedCore":0,"MigTemplate":[],"MigUsage":{"Index":-1,"UsageList":null}}
E0906 15:29:32.048335       1 device_info.go:189] pod volcano-device-plugin-2sg22 has no annotation volcano.sh/devices-to-allocate
E0906 15:29:32.048354       1 device_info.go:189] pod grafana-7c5659d458-xrbnn has no annotation volcano.sh/devices-to-allocate
E0906 15:29:32.048364       1 device_info.go:189] pod kindnet-k2m7h has no annotation volcano.sh/devices-to-allocate
E0906 15:29:32.048375       1 device_info.go:189] pod mock1-nvml-mock-9rgh9 has no annotation volcano.sh/devices-to-allocate
E0906 15:29:32.048385       1 device_info.go:189] pod volcano-scheduler-75847d877-kglkg has no annotation volcano.sh/devices-to-allocate
E0906 15:29:32.048394       1 device_info.go:189] pod kube-proxy-btcmr has no annotation volcano.sh/devices-to-allocate
I0906 15:29:32.048474       1 device_info.go:111] GPU sharing mode:  hami-core
I0906 15:29:32.048488       1 device_info.go:113] "Nvidia Device registered name" name="volcano-lab-worker2" val={"ID":0,"Node":"volcano-lab-worker2","UUID":"GPU-22345678-1234-1234-1234-123456780001","PodMap":{},"Memory":409,"Number":10,"Type":"NVIDIA-NVIDIA A100-SXM4-40GB","Health":true,"UsedNum":0,"UsedMem":0,"UsedCore":0,"MigTemplate":[],"MigUsage":{"Index":-1,"UsageList":null}}
I0906 15:29:32.048502       1 device_info.go:113] "Nvidia Device registered name" name="volcano-lab-worker2" val={"ID":1,"Node":"volcano-lab-worker2","UUID":"GPU-22345678-1234-1234-1234-123456780000","PodMap":{},"Memory":409,"Number":10,"Type":"NVIDIA-NVIDIA A100-SXM4-40GB","Health":true,"UsedNum":0,"UsedMem":0,"UsedCore":0,"MigTemplate":[],"MigUsage":{"Index":-1,"UsageList":null}}
I0906 15:29:32.048528       1 device_info.go:111] GPU sharing mode:  hami-core
I0906 15:29:32.048545       1 device_info.go:113] "Nvidia Device registered name" name="volcano-lab-worker2" val={"ID":0,"Node":"volcano-lab-worker2","UUID":"GPU-22345678-1234-1234-1234-123456780001","PodMap":{},"Memory":409,"Number":10,"Type":"NVIDIA-NVIDIA A100-SXM4-40GB","Health":true,"UsedNum":0,"UsedMem":0,"UsedCore":0,"MigTemplate":[],"MigUsage":{"Index":-1,"UsageList":null}}
I0906 15:29:32.048567       1 device_info.go:113] "Nvidia Device registered name" name="volcano-lab-worker2" val={"ID":1,"Node":"volcano-lab-worker2","UUID":"GPU-22345678-1234-1234-1234-123456780000","PodMap":{},"Memory":409,"Number":10,"Type":"NVIDIA-NVIDIA A100-SXM4-40GB","Health":true,"UsedNum":0,"UsedMem":0,"UsedCore":0,"MigTemplate":[],"MigUsage":{"Index":-1,"UsageList":null}}
E0906 15:29:32.048590       1 device_info.go:189] pod volcano-controllers-5b976c6d4b-rkqw6 has no annotation volcano.sh/devices-to-allocate
E0906 15:29:32.048602       1 device_info.go:189] pod prometheus-deployment-7cb9b4545b-h2fz4 has no annotation volcano.sh/devices-to-allocate
E0906 15:29:32.048613       1 device_info.go:189] pod volcano-device-plugin-jj26z has no annotation volcano.sh/devices-to-allocate
E0906 15:29:32.048625       1 device_info.go:189] pod kube-state-metrics-5ffcdf767c-gf9d5 has no annotation volcano.sh/devices-to-allocate
E0906 15:29:32.048639       1 device_info.go:189] pod mock2-nvml-mock-mtnbp has no annotation volcano.sh/devices-to-allocate
E0906 15:29:32.048652       1 device_info.go:189] pod kindnet-5whpw has no annotation volcano.sh/devices-to-allocate
E0906 15:29:32.048666       1 device_info.go:189] pod kube-proxy-gwssg has no annotation volcano.sh/devices-to-allocate
E0906 15:29:32.048674       1 device_info.go:189] pod volcano-admission-5b979dc8f6-8rdzl has no annotation volcano.sh/devices-to-allocate
I0906 15:29:32.048744       1 cache.go:1581] "SnapShot for scheduling" jobNum=0 QueueNum=3 NodeNum=3
I0906 15:29:32.048763       1 session.go:1036] Start adjusting jobs' network topology spec according to hyperNodeTierNameMap map[]
I0906 15:29:32.048779       1 session.go:1079] Finish adjusting jobs' network topology spec according to hyperNodeTierNameMap map[]
I0906 15:29:32.048805       1 session.go:279] Open Session 705048f6-9263-4264-8979-5c4d295c925e with <0> Job and <3> Queues. HyperNodesReadyToSchedule: true
I0906 15:29:32.049210       1 gpuexclusive.go:437] gpuexclusive: no rules configured, skipping GPU exclusivity wrapping
I0906 15:29:32.049231       1 enqueue.go:79] Try to enqueue PodGroup to 0 Queues
I0906 15:29:32.049245       1 reclaim.go:68] There are <0> Jobs and <3> Queues in total for scheduling.
I0906 15:29:32.049262       1 allocate.go:138] Try to allocate resource to 0 Queues
I0906 15:29:32.049312       1 session.go:577] Close Session 705048f6-9263-4264-8979-5c4d295c925e
I0906 15:29:33.050165       1 device_info.go:111] GPU sharing mode:  hami-core
I0906 15:29:33.050218       1 device_info.go:113] "Nvidia Device registered name" name="volcano-lab-worker" val={"ID":1,"Node":"volcano-lab-worker","UUID":"GPU-12345678-1234-1234-1234-123456780001","PodMap":{},"Memory":409,"Number":10,"Type":"NVIDIA-NVIDIA A100-SXM4-40GB","Health":true,"UsedNum":0,"UsedMem":0,"UsedCore":0,"MigTemplate":[],"MigUsage":{"Index":-1,"UsageList":null}}
I0906 15:29:33.050250       1 device_info.go:113] "Nvidia Device registered name" name="volcano-lab-worker" val={"ID":0,"Node":"volcano-lab-worker","UUID":"GPU-12345678-1234-1234-1234-123456780000","PodMap":{},"Memory":409,"Number":10,"Type":"NVIDIA-NVIDIA A100-SXM4-40GB","Health":true,"UsedNum":0,"UsedMem":0,"UsedCore":0,"MigTemplate":[],"MigUsage":{"Index":-1,"UsageList":null}}
I0906 15:29:33.050278       1 device_info.go:111] GPU sharing mode:  hami-core
I0906 15:29:33.050292       1 device_info.go:113] "Nvidia Device registered name" name="volcano-lab-worker" val={"ID":0,"Node":"volcano-lab-worker","UUID":"GPU-12345678-1234-1234-1234-123456780000","PodMap":{},"Memory":409,"Number":10,"Type":"NVIDIA-NVIDIA A100-SXM4-40GB","Health":true,"UsedNum":0,"UsedMem":0,"UsedCore":0,"MigTemplate":[],"MigUsage":{"Index":-1,"UsageList":null}}
I0906 15:29:33.050307       1 device_info.go:113] "Nvidia Device registered name" name="volcano-lab-worker" val={"ID":1,"Node":"volcano-lab-worker","UUID":"GPU-12345678-1234-1234-1234-123456780001","PodMap":{},"Memory":409,"Number":10,"Type":"NVIDIA-NVIDIA A100-SXM4-40GB","Health":true,"UsedNum":0,"UsedMem":0,"UsedCore":0,"MigTemplate":[],"MigUsage":{"Index":-1,"UsageList":null}}
E0906 15:29:33.050332       1 device_info.go:189] pod volcano-device-plugin-2sg22 has no annotation volcano.sh/devices-to-allocate
E0906 15:29:33.050358       1 device_info.go:189] pod grafana-7c5659d458-xrbnn has no annotation volcano.sh/devices-to-allocate
E0906 15:29:33.050372       1 device_info.go:189] pod kindnet-k2m7h has no annotation volcano.sh/devices-to-allocate
E0906 15:29:33.050381       1 device_info.go:189] pod mock1-nvml-mock-9rgh9 has no annotation volcano.sh/devices-to-allocate
E0906 15:29:33.050391       1 device_info.go:189] pod volcano-scheduler-75847d877-kglkg has no annotation volcano.sh/devices-to-allocate
E0906 15:29:33.050400       1 device_info.go:189] pod kube-proxy-btcmr has no annotation volcano.sh/devices-to-allocate
I0906 15:29:33.050460       1 device_info.go:111] GPU sharing mode:  hami-core
I0906 15:29:33.050476       1 device_info.go:113] "Nvidia Device registered name" name="volcano-lab-worker2" val={"ID":0,"Node":"volcano-lab-worker2","UUID":"GPU-22345678-1234-1234-1234-123456780001","PodMap":{},"Memory":409,"Number":10,"Type":"NVIDIA-NVIDIA A100-SXM4-40GB","Health":true,"UsedNum":0,"UsedMem":0,"UsedCore":0,"MigTemplate":[],"MigUsage":{"Index":-1,"UsageList":null}}
I0906 15:29:33.050505       1 device_info.go:113] "Nvidia Device registered name" name="volcano-lab-worker2" val={"ID":1,"Node":"volcano-lab-worker2","UUID":"GPU-22345678-1234-1234-1234-123456780000","PodMap":{},"Memory":409,"Number":10,"Type":"NVIDIA-NVIDIA A100-SXM4-40GB","Health":true,"UsedNum":0,"UsedMem":0,"UsedCore":0,"MigTemplate":[],"MigUsage":{"Index":-1,"UsageList":null}}
I0906 15:29:33.050523       1 device_info.go:111] GPU sharing mode:  hami-core
I0906 15:29:33.050536       1 device_info.go:113] "Nvidia Device registered name" name="volcano-lab-worker2" val={"ID":0,"Node":"volcano-lab-worker2","UUID":"GPU-22345678-1234-1234-1234-123456780001","PodMap":{},"Memory":409,"Number":10,"Type":"NVIDIA-NVIDIA A100-SXM4-40GB","Health":true,"UsedNum":0,"UsedMem":0,"UsedCore":0,"MigTemplate":[],"MigUsage":{"Index":-1,"UsageList":null}}
I0906 15:29:33.050551       1 device_info.go:113] "Nvidia Device registered name" name="volcano-lab-worker2" val={"ID":1,"Node":"volcano-lab-worker2","UUID":"GPU-22345678-1234-1234-1234-123456780000","PodMap":{},"Memory":409,"Number":10,"Type":"NVIDIA-NVIDIA A100-SXM4-40GB","Health":true,"UsedNum":0,"UsedMem":0,"UsedCore":0,"MigTemplate":[],"MigUsage":{"Index":-1,"UsageList":null}}
E0906 15:29:33.050568       1 device_info.go:189] pod kube-state-metrics-5ffcdf767c-gf9d5 has no annotation volcano.sh/devices-to-allocate
E0906 15:29:33.050582       1 device_info.go:189] pod mock2-nvml-mock-mtnbp has no annotation volcano.sh/devices-to-allocate
E0906 15:29:33.050591       1 device_info.go:189] pod kindnet-5whpw has no annotation volcano.sh/devices-to-allocate
E0906 15:29:33.050599       1 device_info.go:189] pod kube-proxy-gwssg has no annotation volcano.sh/devices-to-allocate
E0906 15:29:33.050608       1 device_info.go:189] pod volcano-admission-5b979dc8f6-8rdzl has no annotation volcano.sh/devices-to-allocate
E0906 15:29:33.050617       1 device_info.go:189] pod volcano-controllers-5b976c6d4b-rkqw6 has no annotation volcano.sh/devices-to-allocate
E0906 15:29:33.050626       1 device_info.go:189] pod prometheus-deployment-7cb9b4545b-h2fz4 has no annotation volcano.sh/devices-to-allocate
E0906 15:29:33.050634       1 device_info.go:189] pod volcano-device-plugin-jj26z has no annotation volcano.sh/devices-to-allocate
I0906 15:29:33.050741       1 cache.go:1581] "SnapShot for scheduling" jobNum=0 QueueNum=3 NodeNum=3
I0906 15:29:33.050767       1 session.go:1036] Start adjusting jobs' network topology spec according to hyperNodeTierNameMap map[]
I0906 15:29:33.050790       1 session.go:1079] Finish adjusting jobs' network topology spec according to hyperNodeTierNameMap map[]
I0906 15:29:33.050808       1 session.go:279] Open Session 88bce675-9a32-41aa-a617-584e082f6c6d with <0> Job and <3> Queues. HyperNodesReadyToSchedule: true
I0906 15:29:33.051465       1 gpuexclusive.go:437] gpuexclusive: no rules configured, skipping GPU exclusivity wrapping
I0906 15:29:33.051493       1 enqueue.go:79] Try to enqueue PodGroup to 0 Queues
I0906 15:29:33.051508       1 reclaim.go:68] There are <0> Jobs and <3> Queues in total for scheduling.
I0906 15:29:33.051534       1 allocate.go:138] Try to allocate resource to 0 Queues
I0906 15:29:33.051601       1 session.go:577] Close Session 88bce675-9a32-41aa-a617-584e082f6c6d
I0906 15:29:34.051863       1 device_info.go:111] GPU sharing mode:  hami-core
I0906 15:29:34.051895       1 device_info.go:113] "Nvidia Device registered name" name="volcano-lab-worker2" val={"ID":0,"Node":"volcano-lab-worker2","UUID":"GPU-22345678-1234-1234-1234-123456780001","PodMap":{},"Memory":409,"Number":10,"Type":"NVIDIA-NVIDIA A100-SXM4-40GB","Health":true,"UsedNum":0,"UsedMem":0,"UsedCore":0,"MigTemplate":[],"MigUsage":{"Index":-1,"UsageList":null}}
I0906 15:29:34.051918       1 device_info.go:113] "Nvidia Device registered name" name="volcano-lab-worker2" val={"ID":1,"Node":"volcano-lab-worker2","UUID":"GPU-22345678-1234-1234-1234-123456780000","PodMap":{},"Memory":409,"Number":10,"Type":"NVIDIA-NVIDIA A100-SXM4-40GB","Health":true,"UsedNum":0,"UsedMem":0,"UsedCore":0,"MigTemplate":[],"MigUsage":{"Index":-1,"UsageList":null}}
I0906 15:29:34.051950       1 device_info.go:111] GPU sharing mode:  hami-core
I0906 15:29:34.051961       1 device_info.go:113] "Nvidia Device registered name" name="volcano-lab-worker2" val={"ID":0,"Node":"volcano-lab-worker2","UUID":"GPU-22345678-1234-1234-1234-123456780001","PodMap":{},"Memory":409,"Number":10,"Type":"NVIDIA-NVIDIA A100-SXM4-40GB","Health":true,"UsedNum":0,"UsedMem":0,"UsedCore":0,"MigTemplate":[],"MigUsage":{"Index":-1,"UsageList":null}}
I0906 15:29:34.051974       1 device_info.go:113] "Nvidia Device registered name" name="volcano-lab-worker2" val={"ID":1,"Node":"volcano-lab-worker2","UUID":"GPU-22345678-1234-1234-1234-123456780000","PodMap":{},"Memory":409,"Number":10,"Type":"NVIDIA-NVIDIA A100-SXM4-40GB","Health":true,"UsedNum":0,"UsedMem":0,"UsedCore":0,"MigTemplate":[],"MigUsage":{"Index":-1,"UsageList":null}}
E0906 15:29:34.052010       1 device_info.go:189] pod kube-proxy-gwssg has no annotation volcano.sh/devices-to-allocate
E0906 15:29:34.052022       1 device_info.go:189] pod volcano-admission-5b979dc8f6-8rdzl has no annotation volcano.sh/devices-to-allocate
E0906 15:29:34.052030       1 device_info.go:189] pod volcano-controllers-5b976c6d4b-rkqw6 has no annotation volcano.sh/devices-to-allocate
E0906 15:29:34.052038       1 device_info.go:189] pod prometheus-deployment-7cb9b4545b-h2fz4 has no annotation volcano.sh/devices-to-allocate
E0906 15:29:34.052045       1 device_info.go:189] pod volcano-device-plugin-jj26z has no annotation volcano.sh/devices-to-allocate
E0906 15:29:34.052059       1 device_info.go:189] pod kube-state-metrics-5ffcdf767c-gf9d5 has no annotation volcano.sh/devices-to-allocate
E0906 15:29:34.052067       1 device_info.go:189] pod mock2-nvml-mock-mtnbp has no annotation volcano.sh/devices-to-allocate
E0906 15:29:34.052075       1 device_info.go:189] pod kindnet-5whpw has no annotation volcano.sh/devices-to-allocate
I0906 15:29:34.052197       1 device_info.go:111] GPU sharing mode:  hami-core
I0906 15:29:34.052211       1 device_info.go:113] "Nvidia Device registered name" name="volcano-lab-worker" val={"ID":0,"Node":"volcano-lab-worker","UUID":"GPU-12345678-1234-1234-1234-123456780000","PodMap":{},"Memory":409,"Number":10,"Type":"NVIDIA-NVIDIA A100-SXM4-40GB","Health":true,"UsedNum":0,"UsedMem":0,"UsedCore":0,"MigTemplate":[],"MigUsage":{"Index":-1,"UsageList":null}}
I0906 15:29:34.052224       1 device_info.go:113] "Nvidia Device registered name" name="volcano-lab-worker" val={"ID":1,"Node":"volcano-lab-worker","UUID":"GPU-12345678-1234-1234-1234-123456780001","PodMap":{},"Memory":409,"Number":10,"Type":"NVIDIA-NVIDIA A100-SXM4-40GB","Health":true,"UsedNum":0,"UsedMem":0,"UsedCore":0,"MigTemplate":[],"MigUsage":{"Index":-1,"UsageList":null}}
I0906 15:29:34.052236       1 device_info.go:111] GPU sharing mode:  hami-core
I0906 15:29:34.052245       1 device_info.go:113] "Nvidia Device registered name" name="volcano-lab-worker" val={"ID":0,"Node":"volcano-lab-worker","UUID":"GPU-12345678-1234-1234-1234-123456780000","PodMap":{},"Memory":409,"Number":10,"Type":"NVIDIA-NVIDIA A100-SXM4-40GB","Health":true,"UsedNum":0,"UsedMem":0,"UsedCore":0,"MigTemplate":[],"MigUsage":{"Index":-1,"UsageList":null}}
I0906 15:29:34.052255       1 device_info.go:113] "Nvidia Device registered name" name="volcano-lab-worker" val={"ID":1,"Node":"volcano-lab-worker","UUID":"GPU-12345678-1234-1234-1234-123456780001","PodMap":{},"Memory":409,"Number":10,"Type":"NVIDIA-NVIDIA A100-SXM4-40GB","Health":true,"UsedNum":0,"UsedMem":0,"UsedCore":0,"MigTemplate":[],"MigUsage":{"Index":-1,"UsageList":null}}
E0906 15:29:34.052268       1 device_info.go:189] pod grafana-7c5659d458-xrbnn has no annotation volcano.sh/devices-to-allocate
E0906 15:29:34.052277       1 device_info.go:189] pod kindnet-k2m7h has no annotation volcano.sh/devices-to-allocate
E0906 15:29:34.052298       1 device_info.go:189] pod mock1-nvml-mock-9rgh9 has no annotation volcano.sh/devices-to-allocate
E0906 15:29:34.052306       1 device_info.go:189] pod volcano-scheduler-75847d877-kglkg has no annotation volcano.sh/devices-to-allocate
E0906 15:29:34.052313       1 device_info.go:189] pod kube-proxy-btcmr has no annotation volcano.sh/devices-to-allocate
E0906 15:29:34.052320       1 device_info.go:189] pod volcano-device-plugin-2sg22 has no annotation volcano.sh/devices-to-allocate
I0906 15:29:34.052390       1 cache.go:1581] "SnapShot for scheduling" jobNum=0 QueueNum=3 NodeNum=3
I0906 15:29:34.052408       1 session.go:1036] Start adjusting jobs' network topology spec according to hyperNodeTierNameMap map[]
I0906 15:29:34.052418       1 session.go:1079] Finish adjusting jobs' network topology spec according to hyperNodeTierNameMap map[]
I0906 15:29:34.052434       1 session.go:279] Open Session dec49b89-b4d9-408e-bee8-f6aba171e33c with <0> Job and <3> Queues. HyperNodesReadyToSchedule: true
I0906 15:29:34.052830       1 gpuexclusive.go:437] gpuexclusive: no rules configured, skipping GPU exclusivity wrapping
I0906 15:29:34.052856       1 enqueue.go:79] Try to enqueue PodGroup to 0 Queues
I0906 15:29:34.052867       1 reclaim.go:68] There are <0> Jobs and <3> Queues in total for scheduling.
I0906 15:29:34.052890       1 allocate.go:138] Try to allocate resource to 0 Queues
I0906 15:29:34.052942       1 session.go:577] Close Session dec49b89-b4d9-408e-bee8-f6aba171e33c
I0906 15:29:35.053635       1 device_info.go:111] GPU sharing mode:  hami-core
I0906 15:29:35.053737       1 device_info.go:113] "Nvidia Device registered name" name="volcano-lab-worker" val={"ID":0,"Node":"volcano-lab-worker","UUID":"GPU-12345678-1234-1234-1234-123456780000","PodMap":{},"Memory":409,"Number":10,"Type":"NVIDIA-NVIDIA A100-SXM4-40GB","Health":true,"UsedNum":0,"UsedMem":0,"UsedCore":0,"MigTemplate":[],"MigUsage":{"Index":-1,"UsageList":null}}
I0906 15:29:35.053787       1 device_info.go:113] "Nvidia Device registered name" name="volcano-lab-worker" val={"ID":1,"Node":"volcano-lab-worker","UUID":"GPU-12345678-1234-1234-1234-123456780001","PodMap":{},"Memory":409,"Number":10,"Type":"NVIDIA-NVIDIA A100-SXM4-40GB","Health":true,"UsedNum":0,"UsedMem":0,"UsedCore":0,"MigTemplate":[],"MigUsage":{"Index":-1,"UsageList":null}}
I0906 15:29:35.053823       1 device_info.go:111] GPU sharing mode:  hami-core
I0906 15:29:35.053848       1 device_info.go:113] "Nvidia Device registered name" name="volcano-lab-worker" val={"ID":0,"Node":"volcano-lab-worker","UUID":"GPU-12345678-1234-1234-1234-123456780000","PodMap":{},"Memory":409,"Number":10,"Type":"NVIDIA-NVIDIA A100-SXM4-40GB","Health":true,"UsedNum":0,"UsedMem":0,"UsedCore":0,"MigTemplate":[],"MigUsage":{"Index":-1,"UsageList":null}}
I0906 15:29:35.053883       1 device_info.go:113] "Nvidia Device registered name" name="volcano-lab-worker" val={"ID":1,"Node":"volcano-lab-worker","UUID":"GPU-12345678-1234-1234-1234-123456780001","PodMap":{},"Memory":409,"Number":10,"Type":"NVIDIA-NVIDIA A100-SXM4-40GB","Health":true,"UsedNum":0,"UsedMem":0,"UsedCore":0,"MigTemplate":[],"MigUsage":{"Index":-1,"UsageList":null}}
E0906 15:29:35.053914       1 device_info.go:189] pod mock1-nvml-mock-9rgh9 has no annotation volcano.sh/devices-to-allocate
E0906 15:29:35.053934       1 device_info.go:189] pod volcano-scheduler-75847d877-kglkg has no annotation volcano.sh/devices-to-allocate
E0906 15:29:35.053951       1 device_info.go:189] pod kube-proxy-btcmr has no annotation volcano.sh/devices-to-allocate
E0906 15:29:35.053965       1 device_info.go:189] pod volcano-device-plugin-2sg22 has no annotation volcano.sh/devices-to-allocate
E0906 15:29:35.053979       1 device_info.go:189] pod grafana-7c5659d458-xrbnn has no annotation volcano.sh/devices-to-allocate
E0906 15:29:35.053992       1 device_info.go:189] pod kindnet-k2m7h has no annotation volcano.sh/devices-to-allocate
I0906 15:29:35.054103       1 device_info.go:111] GPU sharing mode:  hami-core
I0906 15:29:35.054132       1 device_info.go:113] "Nvidia Device registered name" name="volcano-lab-worker2" val={"ID":0,"Node":"volcano-lab-worker2","UUID":"GPU-22345678-1234-1234-1234-123456780001","PodMap":{},"Memory":409,"Number":10,"Type":"NVIDIA-NVIDIA A100-SXM4-40GB","Health":true,"UsedNum":0,"UsedMem":0,"UsedCore":0,"MigTemplate":[],"MigUsage":{"Index":-1,"UsageList":null}}
I0906 15:29:35.054168       1 device_info.go:113] "Nvidia Device registered name" name="volcano-lab-worker2" val={"ID":1,"Node":"volcano-lab-worker2","UUID":"GPU-22345678-1234-1234-1234-123456780000","PodMap":{},"Memory":409,"Number":10,"Type":"NVIDIA-NVIDIA A100-SXM4-40GB","Health":true,"UsedNum":0,"UsedMem":0,"UsedCore":0,"MigTemplate":[],"MigUsage":{"Index":-1,"UsageList":null}}
I0906 15:29:35.054195       1 device_info.go:111] GPU sharing mode:  hami-core
I0906 15:29:35.054219       1 device_info.go:113] "Nvidia Device registered name" name="volcano-lab-worker2" val={"ID":0,"Node":"volcano-lab-worker2","UUID":"GPU-22345678-1234-1234-1234-123456780001","PodMap":{},"Memory":409,"Number":10,"Type":"NVIDIA-NVIDIA A100-SXM4-40GB","Health":true,"UsedNum":0,"UsedMem":0,"UsedCore":0,"MigTemplate":[],"MigUsage":{"Index":-1,"UsageList":null}}
I0906 15:29:35.054250       1 device_info.go:113] "Nvidia Device registered name" name="volcano-lab-worker2" val={"ID":1,"Node":"volcano-lab-worker2","UUID":"GPU-22345678-1234-1234-1234-123456780000","PodMap":{},"Memory":409,"Number":10,"Type":"NVIDIA-NVIDIA A100-SXM4-40GB","Health":true,"UsedNum":0,"UsedMem":0,"UsedCore":0,"MigTemplate":[],"MigUsage":{"Index":-1,"UsageList":null}}
E0906 15:29:35.054280       1 device_info.go:189] pod volcano-admission-5b979dc8f6-8rdzl has no annotation volcano.sh/devices-to-allocate
E0906 15:29:35.054302       1 device_info.go:189] pod volcano-controllers-5b976c6d4b-rkqw6 has no annotation volcano.sh/devices-to-allocate
E0906 15:29:35.054317       1 device_info.go:189] pod prometheus-deployment-7cb9b4545b-h2fz4 has no annotation volcano.sh/devices-to-allocate
E0906 15:29:35.054331       1 device_info.go:189] pod volcano-device-plugin-jj26z has no annotation volcano.sh/devices-to-allocate
E0906 15:29:35.054345       1 device_info.go:189] pod kube-state-metrics-5ffcdf767c-gf9d5 has no annotation volcano.sh/devices-to-allocate
E0906 15:29:35.054358       1 device_info.go:189] pod mock2-nvml-mock-mtnbp has no annotation volcano.sh/devices-to-allocate
E0906 15:29:35.054371       1 device_info.go:189] pod kindnet-5whpw has no annotation volcano.sh/devices-to-allocate
E0906 15:29:35.054384       1 device_info.go:189] pod kube-proxy-gwssg has no annotation volcano.sh/devices-to-allocate
I0906 15:29:35.054470       1 cache.go:1581] "SnapShot for scheduling" jobNum=0 QueueNum=3 NodeNum=3
I0906 15:29:35.054504       1 session.go:1036] Start adjusting jobs' network topology spec according to hyperNodeTierNameMap map[]
I0906 15:29:35.054525       1 session.go:1079] Finish adjusting jobs' network topology spec according to hyperNodeTierNameMap map[]
I0906 15:29:35.054554       1 session.go:279] Open Session fa1f43cf-d71c-438e-a8df-b81377c20550 with <0> Job and <3> Queues. HyperNodesReadyToSchedule: true
I0906 15:29:35.054804       1 gpuexclusive.go:437] gpuexclusive: no rules configured, skipping GPU exclusivity wrapping
I0906 15:29:35.054818       1 enqueue.go:79] Try to enqueue PodGroup to 0 Queues
I0906 15:29:35.054826       1 reclaim.go:68] There are <0> Jobs and <3> Queues in total for scheduling.
I0906 15:29:35.054835       1 allocate.go:138] Try to allocate resource to 0 Queues
I0906 15:29:35.054871       1 session.go:577] Close Session fa1f43cf-d71c-438e-a8df-b81377c20550
I0906 15:29:36.055316       1 device_info.go:111] GPU sharing mode:  hami-core
I0906 15:29:36.055364       1 device_info.go:113] "Nvidia Device registered name" name="volcano-lab-worker2" val={"ID":0,"Node":"volcano-lab-worker2","UUID":"GPU-22345678-1234-1234-1234-123456780001","PodMap":{},"Memory":409,"Number":10,"Type":"NVIDIA-NVIDIA A100-SXM4-40GB","Health":true,"UsedNum":0,"UsedMem":0,"UsedCore":0,"MigTemplate":[],"MigUsage":{"Index":-1,"UsageList":null}}
I0906 15:29:36.055403       1 device_info.go:113] "Nvidia Device registered name" name="volcano-lab-worker2" val={"ID":1,"Node":"volcano-lab-worker2","UUID":"GPU-22345678-1234-1234-1234-123456780000","PodMap":{},"Memory":409,"Number":10,"Type":"NVIDIA-NVIDIA A100-SXM4-40GB","Health":true,"UsedNum":0,"UsedMem":0,"UsedCore":0,"MigTemplate":[],"MigUsage":{"Index":-1,"UsageList":null}}
I0906 15:29:36.055427       1 device_info.go:111] GPU sharing mode:  hami-core
I0906 15:29:36.055442       1 device_info.go:113] "Nvidia Device registered name" name="volcano-lab-worker2" val={"ID":0,"Node":"volcano-lab-worker2","UUID":"GPU-22345678-1234-1234-1234-123456780001","PodMap":{},"Memory":409,"Number":10,"Type":"NVIDIA-NVIDIA A100-SXM4-40GB","Health":true,"UsedNum":0,"UsedMem":0,"UsedCore":0,"MigTemplate":[],"MigUsage":{"Index":-1,"UsageList":null}}
I0906 15:29:36.055457       1 device_info.go:113] "Nvidia Device registered name" name="volcano-lab-worker2" val={"ID":1,"Node":"volcano-lab-worker2","UUID":"GPU-22345678-1234-1234-1234-123456780000","PodMap":{},"Memory":409,"Number":10,"Type":"NVIDIA-NVIDIA A100-SXM4-40GB","Health":true,"UsedNum":0,"UsedMem":0,"UsedCore":0,"MigTemplate":[],"MigUsage":{"Index":-1,"UsageList":null}}
E0906 15:29:36.055487       1 device_info.go:189] pod volcano-admission-5b979dc8f6-8rdzl has no annotation volcano.sh/devices-to-allocate
E0906 15:29:36.055503       1 device_info.go:189] pod volcano-controllers-5b976c6d4b-rkqw6 has no annotation volcano.sh/devices-to-allocate
E0906 15:29:36.055514       1 device_info.go:189] pod prometheus-deployment-7cb9b4545b-h2fz4 has no annotation volcano.sh/devices-to-allocate
E0906 15:29:36.055524       1 device_info.go:189] pod volcano-device-plugin-jj26z has no annotation volcano.sh/devices-to-allocate
E0906 15:29:36.055532       1 device_info.go:189] pod kube-state-metrics-5ffcdf767c-gf9d5 has no annotation volcano.sh/devices-to-allocate
E0906 15:29:36.055542       1 device_info.go:189] pod mock2-nvml-mock-mtnbp has no annotation volcano.sh/devices-to-allocate
E0906 15:29:36.055551       1 device_info.go:189] pod kindnet-5whpw has no annotation volcano.sh/devices-to-allocate
E0906 15:29:36.055561       1 device_info.go:189] pod kube-proxy-gwssg has no annotation volcano.sh/devices-to-allocate
I0906 15:29:36.055676       1 device_info.go:111] GPU sharing mode:  hami-core
I0906 15:29:36.055701       1 device_info.go:113] "Nvidia Device registered name" name="volcano-lab-worker" val={"ID":0,"Node":"volcano-lab-worker","UUID":"GPU-12345678-1234-1234-1234-123456780000","PodMap":{},"Memory":409,"Number":10,"Type":"NVIDIA-NVIDIA A100-SXM4-40GB","Health":true,"UsedNum":0,"UsedMem":0,"UsedCore":0,"MigTemplate":[],"MigUsage":{"Index":-1,"UsageList":null}}
I0906 15:29:36.055730       1 device_info.go:113] "Nvidia Device registered name" name="volcano-lab-worker" val={"ID":1,"Node":"volcano-lab-worker","UUID":"GPU-12345678-1234-1234-1234-123456780001","PodMap":{},"Memory":409,"Number":10,"Type":"NVIDIA-NVIDIA A100-SXM4-40GB","Health":true,"UsedNum":0,"UsedMem":0,"UsedCore":0,"MigTemplate":[],"MigUsage":{"Index":-1,"UsageList":null}}
I0906 15:29:36.055756       1 device_info.go:111] GPU sharing mode:  hami-core
I0906 15:29:36.055775       1 device_info.go:113] "Nvidia Device registered name" name="volcano-lab-worker" val={"ID":0,"Node":"volcano-lab-worker","UUID":"GPU-12345678-1234-1234-1234-123456780000","PodMap":{},"Memory":409,"Number":10,"Type":"NVIDIA-NVIDIA A100-SXM4-40GB","Health":true,"UsedNum":0,"UsedMem":0,"UsedCore":0,"MigTemplate":[],"MigUsage":{"Index":-1,"UsageList":null}}
I0906 15:29:36.055797       1 device_info.go:113] "Nvidia Device registered name" name="volcano-lab-worker" val={"ID":1,"Node":"volcano-lab-worker","UUID":"GPU-12345678-1234-1234-1234-123456780001","PodMap":{},"Memory":409,"Number":10,"Type":"NVIDIA-NVIDIA A100-SXM4-40GB","Health":true,"UsedNum":0,"UsedMem":0,"UsedCore":0,"MigTemplate":[],"MigUsage":{"Index":-1,"UsageList":null}}
E0906 15:29:36.055825       1 device_info.go:189] pod volcano-device-plugin-2sg22 has no annotation volcano.sh/devices-to-allocate
E0906 15:29:36.055844       1 device_info.go:189] pod grafana-7c5659d458-xrbnn has no annotation volcano.sh/devices-to-allocate
E0906 15:29:36.055859       1 device_info.go:189] pod kindnet-k2m7h has no annotation volcano.sh/devices-to-allocate
E0906 15:29:36.055875       1 device_info.go:189] pod mock1-nvml-mock-9rgh9 has no annotation volcano.sh/devices-to-allocate
E0906 15:29:36.055887       1 device_info.go:189] pod volcano-scheduler-75847d877-kglkg has no annotation volcano.sh/devices-to-allocate
E0906 15:29:36.055902       1 device_info.go:189] pod kube-proxy-btcmr has no annotation volcano.sh/devices-to-allocate
I0906 15:29:36.056014       1 cache.go:1581] "SnapShot for scheduling" jobNum=0 QueueNum=3 NodeNum=3
I0906 15:29:36.056042       1 session.go:1036] Start adjusting jobs' network topology spec according to hyperNodeTierNameMap map[]
I0906 15:29:36.056078       1 session.go:1079] Finish adjusting jobs' network topology spec according to hyperNodeTierNameMap map[]
I0906 15:29:36.056108       1 session.go:279] Open Session 23387063-0a84-46df-8e65-120f46f5c6fe with <0> Job and <3> Queues. HyperNodesReadyToSchedule: true
I0906 15:29:36.056624       1 gpuexclusive.go:437] gpuexclusive: no rules configured, skipping GPU exclusivity wrapping
I0906 15:29:36.056635       1 enqueue.go:79] Try to enqueue PodGroup to 0 Queues
I0906 15:29:36.056642       1 reclaim.go:68] There are <0> Jobs and <3> Queues in total for scheduling.
I0906 15:29:36.056650       1 allocate.go:138] Try to allocate resource to 0 Queues
I0906 15:29:36.056676       1 session.go:577] Close Session 23387063-0a84-46df-8e65-120f46f5c6fe
I0906 15:29:37.057219       1 device_info.go:111] GPU sharing mode:  hami-core
I0906 15:29:37.057265       1 device_info.go:113] "Nvidia Device registered name" name="volcano-lab-worker" val={"ID":0,"Node":"volcano-lab-worker","UUID":"GPU-12345678-1234-1234-1234-123456780000","PodMap":{},"Memory":409,"Number":10,"Type":"NVIDIA-NVIDIA A100-SXM4-40GB","Health":true,"UsedNum":0,"UsedMem":0,"UsedCore":0,"MigTemplate":[],"MigUsage":{"Index":-1,"UsageList":null}}
I0906 15:29:37.057305       1 device_info.go:113] "Nvidia Device registered name" name="volcano-lab-worker" val={"ID":1,"Node":"volcano-lab-worker","UUID":"GPU-12345678-1234-1234-1234-123456780001","PodMap":{},"Memory":409,"Number":10,"Type":"NVIDIA-NVIDIA A100-SXM4-40GB","Health":true,"UsedNum":0,"UsedMem":0,"UsedCore":0,"MigTemplate":[],"MigUsage":{"Index":-1,"UsageList":null}}
I0906 15:29:37.057337       1 device_info.go:111] GPU sharing mode:  hami-core
I0906 15:29:37.057361       1 device_info.go:113] "Nvidia Device registered name" name="volcano-lab-worker" val={"ID":0,"Node":"volcano-lab-worker","UUID":"GPU-12345678-1234-1234-1234-123456780000","PodMap":{},"Memory":409,"Number":10,"Type":"NVIDIA-NVIDIA A100-SXM4-40GB","Health":true,"UsedNum":0,"UsedMem":0,"UsedCore":0,"MigTemplate":[],"MigUsage":{"Index":-1,"UsageList":null}}
I0906 15:29:37.057387       1 device_info.go:113] "Nvidia Device registered name" name="volcano-lab-worker" val={"ID":1,"Node":"volcano-lab-worker","UUID":"GPU-12345678-1234-1234-1234-123456780001","PodMap":{},"Memory":409,"Number":10,"Type":"NVIDIA-NVIDIA A100-SXM4-40GB","Health":true,"UsedNum":0,"UsedMem":0,"UsedCore":0,"MigTemplate":[],"MigUsage":{"Index":-1,"UsageList":null}}
E0906 15:29:37.057427       1 device_info.go:189] pod mock1-nvml-mock-9rgh9 has no annotation volcano.sh/devices-to-allocate
E0906 15:29:37.057450       1 device_info.go:189] pod volcano-scheduler-75847d877-kglkg has no annotation volcano.sh/devices-to-allocate
E0906 15:29:37.057462       1 device_info.go:189] pod kube-proxy-btcmr has no annotation volcano.sh/devices-to-allocate
E0906 15:29:37.057478       1 device_info.go:189] pod volcano-device-plugin-2sg22 has no annotation volcano.sh/devices-to-allocate
E0906 15:29:37.057488       1 device_info.go:189] pod grafana-7c5659d458-xrbnn has no annotation volcano.sh/devices-to-allocate
E0906 15:29:37.057498       1 device_info.go:189] pod kindnet-k2m7h has no annotation volcano.sh/devices-to-allocate
I0906 15:29:37.057567       1 device_info.go:111] GPU sharing mode:  hami-core
I0906 15:29:37.057585       1 device_info.go:113] "Nvidia Device registered name" name="volcano-lab-worker2" val={"ID":0,"Node":"volcano-lab-worker2","UUID":"GPU-22345678-1234-1234-1234-123456780001","PodMap":{},"Memory":409,"Number":10,"Type":"NVIDIA-NVIDIA A100-SXM4-40GB","Health":true,"UsedNum":0,"UsedMem":0,"UsedCore":0,"MigTemplate":[],"MigUsage":{"Index":-1,"UsageList":null}}
I0906 15:29:37.057603       1 device_info.go:113] "Nvidia Device registered name" name="volcano-lab-worker2" val={"ID":1,"Node":"volcano-lab-worker2","UUID":"GPU-22345678-1234-1234-1234-123456780000","PodMap":{},"Memory":409,"Number":10,"Type":"NVIDIA-NVIDIA A100-SXM4-40GB","Health":true,"UsedNum":0,"UsedMem":0,"UsedCore":0,"MigTemplate":[],"MigUsage":{"Index":-1,"UsageList":null}}
I0906 15:29:37.057619       1 device_info.go:111] GPU sharing mode:  hami-core
I0906 15:29:37.057632       1 device_info.go:113] "Nvidia Device registered name" name="volcano-lab-worker2" val={"ID":0,"Node":"volcano-lab-worker2","UUID":"GPU-22345678-1234-1234-1234-123456780001","PodMap":{},"Memory":409,"Number":10,"Type":"NVIDIA-NVIDIA A100-SXM4-40GB","Health":true,"UsedNum":0,"UsedMem":0,"UsedCore":0,"MigTemplate":[],"MigUsage":{"Index":-1,"UsageList":null}}
I0906 15:29:37.057649       1 device_info.go:113] "Nvidia Device registered name" name="volcano-lab-worker2" val={"ID":1,"Node":"volcano-lab-worker2","UUID":"GPU-22345678-1234-1234-1234-123456780000","PodMap":{},"Memory":409,"Number":10,"Type":"NVIDIA-NVIDIA A100-SXM4-40GB","Health":true,"UsedNum":0,"UsedMem":0,"UsedCore":0,"MigTemplate":[],"MigUsage":{"Index":-1,"UsageList":null}}
E0906 15:29:37.057666       1 device_info.go:189] pod kube-state-metrics-5ffcdf767c-gf9d5 has no annotation volcano.sh/devices-to-allocate
E0906 15:29:37.057678       1 device_info.go:189] pod mock2-nvml-mock-mtnbp has no annotation volcano.sh/devices-to-allocate
E0906 15:29:37.057688       1 device_info.go:189] pod kindnet-5whpw has no annotation volcano.sh/devices-to-allocate
E0906 15:29:37.057697       1 device_info.go:189] pod kube-proxy-gwssg has no annotation volcano.sh/devices-to-allocate
E0906 15:29:37.057708       1 device_info.go:189] pod volcano-admission-5b979dc8f6-8rdzl has no annotation volcano.sh/devices-to-allocate
E0906 15:29:37.057723       1 device_info.go:189] pod volcano-controllers-5b976c6d4b-rkqw6 has no annotation volcano.sh/devices-to-allocate
E0906 15:29:37.057733       1 device_info.go:189] pod prometheus-deployment-7cb9b4545b-h2fz4 has no annotation volcano.sh/devices-to-allocate
E0906 15:29:37.057742       1 device_info.go:189] pod volcano-device-plugin-jj26z has no annotation volcano.sh/devices-to-allocate
I0906 15:29:37.057814       1 cache.go:1581] "SnapShot for scheduling" jobNum=0 QueueNum=3 NodeNum=3
I0906 15:29:37.057847       1 session.go:1036] Start adjusting jobs' network topology spec according to hyperNodeTierNameMap map[]
I0906 15:29:37.057868       1 session.go:1079] Finish adjusting jobs' network topology spec according to hyperNodeTierNameMap map[]
I0906 15:29:37.057897       1 session.go:279] Open Session ba82fbde-b56c-4dbb-a31b-831a71804521 with <0> Job and <3> Queues. HyperNodesReadyToSchedule: true
I0906 15:29:37.058578       1 gpuexclusive.go:437] gpuexclusive: no rules configured, skipping GPU exclusivity wrapping
I0906 15:29:37.058615       1 enqueue.go:79] Try to enqueue PodGroup to 0 Queues
I0906 15:29:37.058636       1 reclaim.go:68] There are <0> Jobs and <3> Queues in total for scheduling.
I0906 15:29:37.058654       1 allocate.go:138] Try to allocate resource to 0 Queues
I0906 15:29:37.058692       1 session.go:577] Close Session ba82fbde-b56c-4dbb-a31b-831a71804521
I0906 15:29:38.059145       1 device_info.go:111] GPU sharing mode:  hami-core
I0906 15:29:38.059206       1 device_info.go:113] "Nvidia Device registered name" name="volcano-lab-worker" val={"ID":0,"Node":"volcano-lab-worker","UUID":"GPU-12345678-1234-1234-1234-123456780000","PodMap":{},"Memory":409,"Number":10,"Type":"NVIDIA-NVIDIA A100-SXM4-40GB","Health":true,"UsedNum":0,"UsedMem":0,"UsedCore":0,"MigTemplate":[],"MigUsage":{"Index":-1,"UsageList":null}}
I0906 15:29:38.059244       1 device_info.go:113] "Nvidia Device registered name" name="volcano-lab-worker" val={"ID":1,"Node":"volcano-lab-worker","UUID":"GPU-12345678-1234-1234-1234-123456780001","PodMap":{},"Memory":409,"Number":10,"Type":"NVIDIA-NVIDIA A100-SXM4-40GB","Health":true,"UsedNum":0,"UsedMem":0,"UsedCore":0,"MigTemplate":[],"MigUsage":{"Index":-1,"UsageList":null}}
I0906 15:29:38.059269       1 device_info.go:111] GPU sharing mode:  hami-core
I0906 15:29:38.059283       1 device_info.go:113] "Nvidia Device registered name" name="volcano-lab-worker" val={"ID":0,"Node":"volcano-lab-worker","UUID":"GPU-12345678-1234-1234-1234-123456780000","PodMap":{},"Memory":409,"Number":10,"Type":"NVIDIA-NVIDIA A100-SXM4-40GB","Health":true,"UsedNum":0,"UsedMem":0,"UsedCore":0,"MigTemplate":[],"MigUsage":{"Index":-1,"UsageList":null}}
I0906 15:29:38.059299       1 device_info.go:113] "Nvidia Device registered name" name="volcano-lab-worker" val={"ID":1,"Node":"volcano-lab-worker","UUID":"GPU-12345678-1234-1234-1234-123456780001","PodMap":{},"Memory":409,"Number":10,"Type":"NVIDIA-NVIDIA A100-SXM4-40GB","Health":true,"UsedNum":0,"UsedMem":0,"UsedCore":0,"MigTemplate":[],"MigUsage":{"Index":-1,"UsageList":null}}
E0906 15:29:38.059324       1 device_info.go:189] pod volcano-device-plugin-2sg22 has no annotation volcano.sh/devices-to-allocate
E0906 15:29:38.059346       1 device_info.go:189] pod grafana-7c5659d458-xrbnn has no annotation volcano.sh/devices-to-allocate
E0906 15:29:38.059357       1 device_info.go:189] pod kindnet-k2m7h has no annotation volcano.sh/devices-to-allocate
E0906 15:29:38.059366       1 device_info.go:189] pod mock1-nvml-mock-9rgh9 has no annotation volcano.sh/devices-to-allocate
E0906 15:29:38.059376       1 device_info.go:189] pod volcano-scheduler-75847d877-kglkg has no annotation volcano.sh/devices-to-allocate
E0906 15:29:38.059388       1 device_info.go:189] pod kube-proxy-btcmr has no annotation volcano.sh/devices-to-allocate
I0906 15:29:38.059470       1 device_info.go:111] GPU sharing mode:  hami-core
I0906 15:29:38.059494       1 device_info.go:113] "Nvidia Device registered name" name="volcano-lab-worker2" val={"ID":0,"Node":"volcano-lab-worker2","UUID":"GPU-22345678-1234-1234-1234-123456780001","PodMap":{},"Memory":409,"Number":10,"Type":"NVIDIA-NVIDIA A100-SXM4-40GB","Health":true,"UsedNum":0,"UsedMem":0,"UsedCore":0,"MigTemplate":[],"MigUsage":{"Index":-1,"UsageList":null}}
I0906 15:29:38.059519       1 device_info.go:113] "Nvidia Device registered name" name="volcano-lab-worker2" val={"ID":1,"Node":"volcano-lab-worker2","UUID":"GPU-22345678-1234-1234-1234-123456780000","PodMap":{},"Memory":409,"Number":10,"Type":"NVIDIA-NVIDIA A100-SXM4-40GB","Health":true,"UsedNum":0,"UsedMem":0,"UsedCore":0,"MigTemplate":[],"MigUsage":{"Index":-1,"UsageList":null}}
I0906 15:29:38.059535       1 device_info.go:111] GPU sharing mode:  hami-core
I0906 15:29:38.059547       1 device_info.go:113] "Nvidia Device registered name" name="volcano-lab-worker2" val={"ID":0,"Node":"volcano-lab-worker2","UUID":"GPU-22345678-1234-1234-1234-123456780001","PodMap":{},"Memory":409,"Number":10,"Type":"NVIDIA-NVIDIA A100-SXM4-40GB","Health":true,"UsedNum":0,"UsedMem":0,"UsedCore":0,"MigTemplate":[],"MigUsage":{"Index":-1,"UsageList":null}}
I0906 15:29:38.059562       1 device_info.go:113] "Nvidia Device registered name" name="volcano-lab-worker2" val={"ID":1,"Node":"volcano-lab-worker2","UUID":"GPU-22345678-1234-1234-1234-123456780000","PodMap":{},"Memory":409,"Number":10,"Type":"NVIDIA-NVIDIA A100-SXM4-40GB","Health":true,"UsedNum":0,"UsedMem":0,"UsedCore":0,"MigTemplate":[],"MigUsage":{"Index":-1,"UsageList":null}}
E0906 15:29:38.059587       1 device_info.go:189] pod kube-state-metrics-5ffcdf767c-gf9d5 has no annotation volcano.sh/devices-to-allocate
E0906 15:29:38.059600       1 device_info.go:189] pod mock2-nvml-mock-mtnbp has no annotation volcano.sh/devices-to-allocate
E0906 15:29:38.059610       1 device_info.go:189] pod kindnet-5whpw has no annotation volcano.sh/devices-to-allocate
E0906 15:29:38.059619       1 device_info.go:189] pod kube-proxy-gwssg has no annotation volcano.sh/devices-to-allocate
E0906 15:29:38.059629       1 device_info.go:189] pod volcano-admission-5b979dc8f6-8rdzl has no annotation volcano.sh/devices-to-allocate
E0906 15:29:38.059638       1 device_info.go:189] pod volcano-controllers-5b976c6d4b-rkqw6 has no annotation volcano.sh/devices-to-allocate
E0906 15:29:38.059646       1 device_info.go:189] pod prometheus-deployment-7cb9b4545b-h2fz4 has no annotation volcano.sh/devices-to-allocate
E0906 15:29:38.059655       1 device_info.go:189] pod volcano-device-plugin-jj26z has no annotation volcano.sh/devices-to-allocate
I0906 15:29:38.059732       1 cache.go:1581] "SnapShot for scheduling" jobNum=0 QueueNum=3 NodeNum=3
I0906 15:29:38.059758       1 session.go:1036] Start adjusting jobs' network topology spec according to hyperNodeTierNameMap map[]
I0906 15:29:38.059773       1 session.go:1079] Finish adjusting jobs' network topology spec according to hyperNodeTierNameMap map[]
I0906 15:29:38.059792       1 session.go:279] Open Session 02c4a7fa-48ba-42ad-8995-2c7f0fa98f79 with <0> Job and <3> Queues. HyperNodesReadyToSchedule: true
I0906 15:29:38.060373       1 gpuexclusive.go:437] gpuexclusive: no rules configured, skipping GPU exclusivity wrapping
I0906 15:29:38.060400       1 enqueue.go:79] Try to enqueue PodGroup to 0 Queues
I0906 15:29:38.060414       1 reclaim.go:68] There are <0> Jobs and <3> Queues in total for scheduling.
I0906 15:29:38.060428       1 allocate.go:138] Try to allocate resource to 0 Queues
I0906 15:29:38.060484       1 session.go:577] Close Session 02c4a7fa-48ba-42ad-8995-2c7f0fa98f79
I0906 15:29:38.838375       1 device_info.go:111] GPU sharing mode:  hami-core
I0906 15:29:38.838430       1 device_info.go:113] "Nvidia Device registered name" name="volcano-lab-worker" val={"ID":0,"Node":"volcano-lab-worker","UUID":"GPU-12345678-1234-1234-1234-123456780000","PodMap":{},"Memory":409,"Number":10,"Type":"NVIDIA-NVIDIA A100-SXM4-40GB","Health":true,"UsedNum":0,"UsedMem":0,"UsedCore":0,"MigTemplate":[],"MigUsage":{"Index":-1,"UsageList":null}}
I0906 15:29:38.838457       1 device_info.go:113] "Nvidia Device registered name" name="volcano-lab-worker" val={"ID":1,"Node":"volcano-lab-worker","UUID":"GPU-12345678-1234-1234-1234-123456780001","PodMap":{},"Memory":409,"Number":10,"Type":"NVIDIA-NVIDIA A100-SXM4-40GB","Health":true,"UsedNum":0,"UsedMem":0,"UsedCore":0,"MigTemplate":[],"MigUsage":{"Index":-1,"UsageList":null}}
I0906 15:29:38.838472       1 device_info.go:111] GPU sharing mode:  hami-core
I0906 15:29:38.838491       1 device_info.go:113] "Nvidia Device registered name" name="volcano-lab-worker" val={"ID":0,"Node":"volcano-lab-worker","UUID":"GPU-12345678-1234-1234-1234-123456780000","PodMap":{},"Memory":409,"Number":10,"Type":"NVIDIA-NVIDIA A100-SXM4-40GB","Health":true,"UsedNum":0,"UsedMem":0,"UsedCore":0,"MigTemplate":[],"MigUsage":{"Index":-1,"UsageList":null}}
I0906 15:29:38.838501       1 device_info.go:113] "Nvidia Device registered name" name="volcano-lab-worker" val={"ID":1,"Node":"volcano-lab-worker","UUID":"GPU-12345678-1234-1234-1234-123456780001","PodMap":{},"Memory":409,"Number":10,"Type":"NVIDIA-NVIDIA A100-SXM4-40GB","Health":true,"UsedNum":0,"UsedMem":0,"UsedCore":0,"MigTemplate":[],"MigUsage":{"Index":-1,"UsageList":null}}
E0906 15:29:38.838524       1 device_info.go:189] pod volcano-scheduler-75847d877-kglkg has no annotation volcano.sh/devices-to-allocate
E0906 15:29:38.838534       1 device_info.go:189] pod kube-proxy-btcmr has no annotation volcano.sh/devices-to-allocate
E0906 15:29:38.838540       1 device_info.go:189] pod volcano-device-plugin-2sg22 has no annotation volcano.sh/devices-to-allocate
E0906 15:29:38.838545       1 device_info.go:189] pod grafana-7c5659d458-xrbnn has no annotation volcano.sh/devices-to-allocate
E0906 15:29:38.838550       1 device_info.go:189] pod kindnet-k2m7h has no annotation volcano.sh/devices-to-allocate
E0906 15:29:38.838556       1 device_info.go:189] pod mock1-nvml-mock-9rgh9 has no annotation volcano.sh/devices-to-allocate
I0906 15:29:38.838571       1 device_info.go:111] GPU sharing mode:  hami-core
I0906 15:29:38.838579       1 device_info.go:113] "Nvidia Device registered name" name="volcano-lab-worker" val={"ID":0,"Node":"volcano-lab-worker","UUID":"GPU-12345678-1234-1234-1234-123456780000","PodMap":{},"Memory":409,"Number":10,"Type":"NVIDIA-NVIDIA A100-SXM4-40GB","Health":true,"UsedNum":0,"UsedMem":0,"UsedCore":0,"MigTemplate":[],"MigUsage":{"Index":-1,"UsageList":null}}
I0906 15:29:38.838588       1 device_info.go:113] "Nvidia Device registered name" name="volcano-lab-worker" val={"ID":1,"Node":"volcano-lab-worker","UUID":"GPU-12345678-1234-1234-1234-123456780001","PodMap":{},"Memory":409,"Number":10,"Type":"NVIDIA-NVIDIA A100-SXM4-40GB","Health":true,"UsedNum":0,"UsedMem":0,"UsedCore":0,"MigTemplate":[],"MigUsage":{"Index":-1,"UsageList":null}}
I0906 15:29:38.847496       1 device_info.go:111] GPU sharing mode:  hami-core
I0906 15:29:38.847526       1 device_info.go:113] "Nvidia Device registered name" name="volcano-lab-worker" val={"ID":0,"Node":"volcano-lab-worker","UUID":"GPU-12345678-1234-1234-1234-123456780000","PodMap":{},"Memory":409,"Number":10,"Type":"NVIDIA-NVIDIA A100-SXM4-40GB","Health":true,"UsedNum":0,"UsedMem":0,"UsedCore":0,"MigTemplate":[],"MigUsage":{"Index":-1,"UsageList":null}}
I0906 15:29:38.847543       1 device_info.go:113] "Nvidia Device registered name" name="volcano-lab-worker" val={"ID":1,"Node":"volcano-lab-worker","UUID":"GPU-12345678-1234-1234-1234-123456780001","PodMap":{},"Memory":409,"Number":10,"Type":"NVIDIA-NVIDIA A100-SXM4-40GB","Health":true,"UsedNum":0,"UsedMem":0,"UsedCore":0,"MigTemplate":[],"MigUsage":{"Index":-1,"UsageList":null}}
E0906 15:29:38.850680       1 device_info.go:189] pod volcano-device-plugin-2sg22 has no annotation volcano.sh/devices-to-allocate
E0906 15:29:38.850689       1 device_info.go:189] pod grafana-7c5659d458-xrbnn has no annotation volcano.sh/devices-to-allocate
E0906 15:29:38.850693       1 device_info.go:189] pod kindnet-k2m7h has no annotation volcano.sh/devices-to-allocate
E0906 15:29:38.850696       1 device_info.go:189] pod mock1-nvml-mock-9rgh9 has no annotation volcano.sh/devices-to-allocate
E0906 15:29:38.850698       1 device_info.go:189] pod volcano-scheduler-75847d877-kglkg has no annotation volcano.sh/devices-to-allocate
E0906 15:29:38.850701       1 device_info.go:189] pod kube-proxy-btcmr has no annotation volcano.sh/devices-to-allocate
I0906 15:29:38.850710       1 device_info.go:111] GPU sharing mode:  hami-core
I0906 15:29:38.850723       1 device_info.go:113] "Nvidia Device registered name" name="volcano-lab-worker" val={"ID":0,"Node":"volcano-lab-worker","UUID":"GPU-12345678-1234-1234-1234-123456780000","PodMap":{},"Memory":409,"Number":10,"Type":"NVIDIA-NVIDIA A100-SXM4-40GB","Health":true,"UsedNum":0,"UsedMem":0,"UsedCore":0,"MigTemplate":[],"MigUsage":{"Index":-1,"UsageList":null}}
I0906 15:29:38.850735       1 device_info.go:113] "Nvidia Device registered name" name="volcano-lab-worker" val={"ID":1,"Node":"volcano-lab-worker","UUID":"GPU-12345678-1234-1234-1234-123456780001","PodMap":{},"Memory":409,"Number":10,"Type":"NVIDIA-NVIDIA A100-SXM4-40GB","Health":true,"UsedNum":0,"UsedMem":0,"UsedCore":0,"MigTemplate":[],"MigUsage":{"Index":-1,"UsageList":null}}
I0906 15:29:38.857661       1 device_info.go:111] GPU sharing mode:  hami-core
I0906 15:29:38.857693       1 device_info.go:113] "Nvidia Device registered name" name="volcano-lab-worker" val={"ID":0,"Node":"volcano-lab-worker","UUID":"GPU-12345678-1234-1234-1234-123456780000","PodMap":{},"Memory":409,"Number":10,"Type":"NVIDIA-NVIDIA A100-SXM4-40GB","Health":true,"UsedNum":0,"UsedMem":0,"UsedCore":0,"MigTemplate":[],"MigUsage":{"Index":-1,"UsageList":null}}
I0906 15:29:38.857708       1 device_info.go:113] "Nvidia Device registered name" name="volcano-lab-worker" val={"ID":1,"Node":"volcano-lab-worker","UUID":"GPU-12345678-1234-1234-1234-123456780001","PodMap":{},"Memory":409,"Number":10,"Type":"NVIDIA-NVIDIA A100-SXM4-40GB","Health":true,"UsedNum":0,"UsedMem":0,"UsedCore":0,"MigTemplate":[],"MigUsage":{"Index":-1,"UsageList":null}}
E0906 15:29:38.862132       1 device_info.go:189] pod volcano-device-plugin-2sg22 has no annotation volcano.sh/devices-to-allocate
E0906 15:29:38.862146       1 device_info.go:189] pod grafana-7c5659d458-xrbnn has no annotation volcano.sh/devices-to-allocate
E0906 15:29:38.862150       1 device_info.go:189] pod kindnet-k2m7h has no annotation volcano.sh/devices-to-allocate
E0906 15:29:38.862154       1 device_info.go:189] pod mock1-nvml-mock-9rgh9 has no annotation volcano.sh/devices-to-allocate
E0906 15:29:38.862158       1 device_info.go:189] pod volcano-scheduler-75847d877-kglkg has no annotation volcano.sh/devices-to-allocate
E0906 15:29:38.862162       1 device_info.go:189] pod kube-proxy-btcmr has no annotation volcano.sh/devices-to-allocate
I0906 15:29:38.862238       1 device_info.go:111] GPU sharing mode:  hami-core
I0906 15:29:38.862254       1 device_info.go:113] "Nvidia Device registered name" name="volcano-lab-worker" val={"ID":0,"Node":"volcano-lab-worker","UUID":"GPU-12345678-1234-1234-1234-123456780000","PodMap":{},"Memory":409,"Number":10,"Type":"NVIDIA-NVIDIA A100-SXM4-40GB","Health":true,"UsedNum":0,"UsedMem":0,"UsedCore":0,"MigTemplate":[],"MigUsage":{"Index":-1,"UsageList":null}}
I0906 15:29:38.862267       1 device_info.go:113] "Nvidia Device registered name" name="volcano-lab-worker" val={"ID":1,"Node":"volcano-lab-worker","UUID":"GPU-12345678-1234-1234-1234-123456780001","PodMap":{},"Memory":409,"Number":10,"Type":"NVIDIA-NVIDIA A100-SXM4-40GB","Health":true,"UsedNum":0,"UsedMem":0,"UsedCore":0,"MigTemplate":[],"MigUsage":{"Index":-1,"UsageList":null}}
I0906 15:29:38.865010       1 device_info.go:111] GPU sharing mode:  hami-core
I0906 15:29:38.865038       1 device_info.go:113] "Nvidia Device registered name" name="volcano-lab-worker" val={"ID":0,"Node":"volcano-lab-worker","UUID":"GPU-12345678-1234-1234-1234-123456780000","PodMap":{},"Memory":409,"Number":10,"Type":"NVIDIA-NVIDIA A100-SXM4-40GB","Health":true,"UsedNum":0,"UsedMem":0,"UsedCore":0,"MigTemplate":[],"MigUsage":{"Index":-1,"UsageList":null}}
I0906 15:29:38.865150       1 device_info.go:113] "Nvidia Device registered name" name="volcano-lab-worker" val={"ID":1,"Node":"volcano-lab-worker","UUID":"GPU-12345678-1234-1234-1234-123456780001","PodMap":{},"Memory":409,"Number":10,"Type":"NVIDIA-NVIDIA A100-SXM4-40GB","Health":true,"UsedNum":0,"UsedMem":0,"UsedCore":0,"MigTemplate":[],"MigUsage":{"Index":-1,"UsageList":null}}
E0906 15:29:38.867744       1 device_info.go:189] pod kindnet-k2m7h has no annotation volcano.sh/devices-to-allocate
E0906 15:29:38.867755       1 device_info.go:189] pod mock1-nvml-mock-9rgh9 has no annotation volcano.sh/devices-to-allocate
E0906 15:29:38.867760       1 device_info.go:189] pod volcano-scheduler-75847d877-kglkg has no annotation volcano.sh/devices-to-allocate
E0906 15:29:38.867764       1 device_info.go:189] pod kube-proxy-btcmr has no annotation volcano.sh/devices-to-allocate
E0906 15:29:38.867768       1 device_info.go:189] pod volcano-device-plugin-2sg22 has no annotation volcano.sh/devices-to-allocate
E0906 15:29:38.867771       1 device_info.go:189] pod grafana-7c5659d458-xrbnn has no annotation volcano.sh/devices-to-allocate
I0906 15:29:38.867784       1 device_info.go:111] GPU sharing mode:  hami-core
I0906 15:29:38.867792       1 device_info.go:113] "Nvidia Device registered name" name="volcano-lab-worker" val={"ID":0,"Node":"volcano-lab-worker","UUID":"GPU-12345678-1234-1234-1234-123456780000","PodMap":{},"Memory":409,"Number":10,"Type":"NVIDIA-NVIDIA A100-SXM4-40GB","Health":true,"UsedNum":0,"UsedMem":0,"UsedCore":0,"MigTemplate":[],"MigUsage":{"Index":-1,"UsageList":null}}
I0906 15:29:38.867800       1 device_info.go:113] "Nvidia Device registered name" name="volcano-lab-worker" val={"ID":1,"Node":"volcano-lab-worker","UUID":"GPU-12345678-1234-1234-1234-123456780001","PodMap":{},"Memory":409,"Number":10,"Type":"NVIDIA-NVIDIA A100-SXM4-40GB","Health":true,"UsedNum":0,"UsedMem":0,"UsedCore":0,"MigTemplate":[],"MigUsage":{"Index":-1,"UsageList":null}}
I0906 15:29:38.867808       1 device_info.go:111] GPU sharing mode:  hami-core
I0906 15:29:38.867812       1 device_info.go:113] "Nvidia Device registered name" name="volcano-lab-worker" val={"ID":0,"Node":"volcano-lab-worker","UUID":"GPU-12345678-1234-1234-1234-123456780000","PodMap":{},"Memory":409,"Number":10,"Type":"NVIDIA-NVIDIA A100-SXM4-40GB","Health":true,"UsedNum":0,"UsedMem":0,"UsedCore":0,"MigTemplate":[],"MigUsage":{"Index":-1,"UsageList":null}}
I0906 15:29:38.867817       1 device_info.go:113] "Nvidia Device registered name" name="volcano-lab-worker" val={"ID":1,"Node":"volcano-lab-worker","UUID":"GPU-12345678-1234-1234-1234-123456780001","PodMap":{},"Memory":409,"Number":10,"Type":"NVIDIA-NVIDIA A100-SXM4-40GB","Health":true,"UsedNum":0,"UsedMem":0,"UsedCore":0,"MigTemplate":[],"MigUsage":{"Index":-1,"UsageList":null}}
E0906 15:29:38.867838       1 device_info.go:189] pod grafana-7c5659d458-xrbnn has no annotation volcano.sh/devices-to-allocate
E0906 15:29:38.867842       1 device_info.go:189] pod kindnet-k2m7h has no annotation volcano.sh/devices-to-allocate
E0906 15:29:38.867844       1 device_info.go:189] pod mock1-nvml-mock-9rgh9 has no annotation volcano.sh/devices-to-allocate
E0906 15:29:38.867846       1 device_info.go:189] pod volcano-scheduler-75847d877-kglkg has no annotation volcano.sh/devices-to-allocate
E0906 15:29:38.867849       1 device_info.go:189] pod kube-proxy-btcmr has no annotation volcano.sh/devices-to-allocate
E0906 15:29:38.867851       1 device_info.go:189] pod volcano-device-plugin-2sg22 has no annotation volcano.sh/devices-to-allocate
I0906 15:29:38.867854       1 device_info.go:111] GPU sharing mode:  hami-core
I0906 15:29:38.867860       1 device_info.go:113] "Nvidia Device registered name" name="volcano-lab-worker" val={"ID":0,"Node":"volcano-lab-worker","UUID":"GPU-12345678-1234-1234-1234-123456780000","PodMap":{},"Memory":409,"Number":10,"Type":"NVIDIA-NVIDIA A100-SXM4-40GB","Health":true,"UsedNum":0,"UsedMem":0,"UsedCore":0,"MigTemplate":[],"MigUsage":{"Index":-1,"UsageList":null}}
I0906 15:29:38.867865       1 device_info.go:113] "Nvidia Device registered name" name="volcano-lab-worker" val={"ID":1,"Node":"volcano-lab-worker","UUID":"GPU-12345678-1234-1234-1234-123456780001","PodMap":{},"Memory":409,"Number":10,"Type":"NVIDIA-NVIDIA A100-SXM4-40GB","Health":true,"UsedNum":0,"UsedMem":0,"UsedCore":0,"MigTemplate":[],"MigUsage":{"Index":-1,"UsageList":null}}
I0906 15:29:38.867870       1 device_info.go:111] GPU sharing mode:  hami-core
I0906 15:29:38.867874       1 device_info.go:113] "Nvidia Device registered name" name="volcano-lab-worker" val={"ID":0,"Node":"volcano-lab-worker","UUID":"GPU-12345678-1234-1234-1234-123456780000","PodMap":{},"Memory":409,"Number":10,"Type":"NVIDIA-NVIDIA A100-SXM4-40GB","Health":true,"UsedNum":0,"UsedMem":0,"UsedCore":0,"MigTemplate":[],"MigUsage":{"Index":-1,"UsageList":null}}
I0906 15:29:38.867879       1 device_info.go:113] "Nvidia Device registered name" name="volcano-lab-worker" val={"ID":1,"Node":"volcano-lab-worker","UUID":"GPU-12345678-1234-1234-1234-123456780001","PodMap":{},"Memory":409,"Number":10,"Type":"NVIDIA-NVIDIA A100-SXM4-40GB","Health":true,"UsedNum":0,"UsedMem":0,"UsedCore":0,"MigTemplate":[],"MigUsage":{"Index":-1,"UsageList":null}}
E0906 15:29:38.867894       1 device_info.go:189] pod kube-proxy-btcmr has no annotation volcano.sh/devices-to-allocate
E0906 15:29:38.867897       1 device_info.go:189] pod volcano-device-plugin-2sg22 has no annotation volcano.sh/devices-to-allocate
E0906 15:29:38.867899       1 device_info.go:189] pod grafana-7c5659d458-xrbnn has no annotation volcano.sh/devices-to-allocate
E0906 15:29:38.867901       1 device_info.go:189] pod kindnet-k2m7h has no annotation volcano.sh/devices-to-allocate
E0906 15:29:38.867904       1 device_info.go:189] pod mock1-nvml-mock-9rgh9 has no annotation volcano.sh/devices-to-allocate
E0906 15:29:38.867906       1 device_info.go:189] pod volcano-scheduler-75847d877-kglkg has no annotation volcano.sh/devices-to-allocate
I0906 15:29:39.061409       1 device_info.go:111] GPU sharing mode:  hami-core
I0906 15:29:39.061454       1 device_info.go:113] "Nvidia Device registered name" name="volcano-lab-worker2" val={"ID":1,"Node":"volcano-lab-worker2","UUID":"GPU-22345678-1234-1234-1234-123456780000","PodMap":{},"Memory":409,"Number":10,"Type":"NVIDIA-NVIDIA A100-SXM4-40GB","Health":true,"UsedNum":0,"UsedMem":0,"UsedCore":0,"MigTemplate":[],"MigUsage":{"Index":-1,"UsageList":null}}
I0906 15:29:39.061490       1 device_info.go:113] "Nvidia Device registered name" name="volcano-lab-worker2" val={"ID":0,"Node":"volcano-lab-worker2","UUID":"GPU-22345678-1234-1234-1234-123456780001","PodMap":{},"Memory":409,"Number":10,"Type":"NVIDIA-NVIDIA A100-SXM4-40GB","Health":true,"UsedNum":0,"UsedMem":0,"UsedCore":0,"MigTemplate":[],"MigUsage":{"Index":-1,"UsageList":null}}
I0906 15:29:39.061511       1 device_info.go:111] GPU sharing mode:  hami-core
I0906 15:29:39.061538       1 device_info.go:113] "Nvidia Device registered name" name="volcano-lab-worker2" val={"ID":0,"Node":"volcano-lab-worker2","UUID":"GPU-22345678-1234-1234-1234-123456780001","PodMap":{},"Memory":409,"Number":10,"Type":"NVIDIA-NVIDIA A100-SXM4-40GB","Health":true,"UsedNum":0,"UsedMem":0,"UsedCore":0,"MigTemplate":[],"MigUsage":{"Index":-1,"UsageList":null}}
I0906 15:29:39.061567       1 device_info.go:113] "Nvidia Device registered name" name="volcano-lab-worker2" val={"ID":1,"Node":"volcano-lab-worker2","UUID":"GPU-22345678-1234-1234-1234-123456780000","PodMap":{},"Memory":409,"Number":10,"Type":"NVIDIA-NVIDIA A100-SXM4-40GB","Health":true,"UsedNum":0,"UsedMem":0,"UsedCore":0,"MigTemplate":[],"MigUsage":{"Index":-1,"UsageList":null}}
E0906 15:29:39.061591       1 device_info.go:189] pod mock2-nvml-mock-mtnbp has no annotation volcano.sh/devices-to-allocate
E0906 15:29:39.061601       1 device_info.go:189] pod kindnet-5whpw has no annotation volcano.sh/devices-to-allocate
E0906 15:29:39.061610       1 device_info.go:189] pod kube-proxy-gwssg has no annotation volcano.sh/devices-to-allocate
E0906 15:29:39.061618       1 device_info.go:189] pod volcano-admission-5b979dc8f6-8rdzl has no annotation volcano.sh/devices-to-allocate
E0906 15:29:39.061625       1 device_info.go:189] pod volcano-controllers-5b976c6d4b-rkqw6 has no annotation volcano.sh/devices-to-allocate
E0906 15:29:39.061631       1 device_info.go:189] pod prometheus-deployment-7cb9b4545b-h2fz4 has no annotation volcano.sh/devices-to-allocate
E0906 15:29:39.061638       1 device_info.go:189] pod volcano-device-plugin-jj26z has no annotation volcano.sh/devices-to-allocate
E0906 15:29:39.061645       1 device_info.go:189] pod kube-state-metrics-5ffcdf767c-gf9d5 has no annotation volcano.sh/devices-to-allocate
I0906 15:29:39.061728       1 device_info.go:111] GPU sharing mode:  hami-core
I0906 15:29:39.061740       1 device_info.go:113] "Nvidia Device registered name" name="volcano-lab-worker" val={"ID":0,"Node":"volcano-lab-worker","UUID":"GPU-12345678-1234-1234-1234-123456780000","PodMap":{},"Memory":409,"Number":10,"Type":"NVIDIA-NVIDIA A100-SXM4-40GB","Health":true,"UsedNum":0,"UsedMem":0,"UsedCore":0,"MigTemplate":[],"MigUsage":{"Index":-1,"UsageList":null}}
I0906 15:29:39.061752       1 device_info.go:113] "Nvidia Device registered name" name="volcano-lab-worker" val={"ID":1,"Node":"volcano-lab-worker","UUID":"GPU-12345678-1234-1234-1234-123456780001","PodMap":{},"Memory":409,"Number":10,"Type":"NVIDIA-NVIDIA A100-SXM4-40GB","Health":true,"UsedNum":0,"UsedMem":0,"UsedCore":0,"MigTemplate":[],"MigUsage":{"Index":-1,"UsageList":null}}
I0906 15:29:39.061764       1 device_info.go:111] GPU sharing mode:  hami-core
I0906 15:29:39.061774       1 device_info.go:113] "Nvidia Device registered name" name="volcano-lab-worker" val={"ID":0,"Node":"volcano-lab-worker","UUID":"GPU-12345678-1234-1234-1234-123456780000","PodMap":{},"Memory":409,"Number":10,"Type":"NVIDIA-NVIDIA A100-SXM4-40GB","Health":true,"UsedNum":0,"UsedMem":0,"UsedCore":0,"MigTemplate":[],"MigUsage":{"Index":-1,"UsageList":null}}
I0906 15:29:39.061783       1 device_info.go:113] "Nvidia Device registered name" name="volcano-lab-worker" val={"ID":1,"Node":"volcano-lab-worker","UUID":"GPU-12345678-1234-1234-1234-123456780001","PodMap":{},"Memory":409,"Number":10,"Type":"NVIDIA-NVIDIA A100-SXM4-40GB","Health":true,"UsedNum":0,"UsedMem":0,"UsedCore":0,"MigTemplate":[],"MigUsage":{"Index":-1,"UsageList":null}}
E0906 15:29:39.061795       1 device_info.go:189] pod volcano-device-plugin-2sg22 has no annotation volcano.sh/devices-to-allocate
E0906 15:29:39.061805       1 device_info.go:189] pod grafana-7c5659d458-xrbnn has no annotation volcano.sh/devices-to-allocate
E0906 15:29:39.061812       1 device_info.go:189] pod kindnet-k2m7h has no annotation volcano.sh/devices-to-allocate
E0906 15:29:39.061818       1 device_info.go:189] pod mock1-nvml-mock-9rgh9 has no annotation volcano.sh/devices-to-allocate
E0906 15:29:39.061825       1 device_info.go:189] pod volcano-scheduler-75847d877-kglkg has no annotation volcano.sh/devices-to-allocate
E0906 15:29:39.061831       1 device_info.go:189] pod kube-proxy-btcmr has no annotation volcano.sh/devices-to-allocate
I0906 15:29:39.061889       1 cache.go:1581] "SnapShot for scheduling" jobNum=0 QueueNum=3 NodeNum=3
I0906 15:29:39.061906       1 session.go:1036] Start adjusting jobs' network topology spec according to hyperNodeTierNameMap map[]
I0906 15:29:39.061916       1 session.go:1079] Finish adjusting jobs' network topology spec according to hyperNodeTierNameMap map[]
I0906 15:29:39.061930       1 session.go:279] Open Session fecfaf62-66dc-4165-8bdb-19c81f5243ab with <0> Job and <3> Queues. HyperNodesReadyToSchedule: true
I0906 15:29:39.062296       1 gpuexclusive.go:437] gpuexclusive: no rules configured, skipping GPU exclusivity wrapping
I0906 15:29:39.062314       1 enqueue.go:79] Try to enqueue PodGroup to 0 Queues
I0906 15:29:39.062323       1 reclaim.go:68] There are <0> Jobs and <3> Queues in total for scheduling.
I0906 15:29:39.062333       1 allocate.go:138] Try to allocate resource to 0 Queues
I0906 15:29:39.062375       1 session.go:577] Close Session fecfaf62-66dc-4165-8bdb-19c81f5243ab
I0906 15:29:40.062646       1 device_info.go:111] GPU sharing mode:  hami-core
I0906 15:29:40.062706       1 device_info.go:113] "Nvidia Device registered name" name="volcano-lab-worker" val={"ID":0,"Node":"volcano-lab-worker","UUID":"GPU-12345678-1234-1234-1234-123456780000","PodMap":{},"Memory":409,"Number":10,"Type":"NVIDIA-NVIDIA A100-SXM4-40GB","Health":true,"UsedNum":0,"UsedMem":0,"UsedCore":0,"MigTemplate":[],"MigUsage":{"Index":-1,"UsageList":null}}
I0906 15:29:40.062748       1 device_info.go:113] "Nvidia Device registered name" name="volcano-lab-worker" val={"ID":1,"Node":"volcano-lab-worker","UUID":"GPU-12345678-1234-1234-1234-123456780001","PodMap":{},"Memory":409,"Number":10,"Type":"NVIDIA-NVIDIA A100-SXM4-40GB","Health":true,"UsedNum":0,"UsedMem":0,"UsedCore":0,"MigTemplate":[],"MigUsage":{"Index":-1,"UsageList":null}}
I0906 15:29:40.062813       1 device_info.go:111] GPU sharing mode:  hami-core
I0906 15:29:40.062841       1 device_info.go:113] "Nvidia Device registered name" name="volcano-lab-worker" val={"ID":0,"Node":"volcano-lab-worker","UUID":"GPU-12345678-1234-1234-1234-123456780000","PodMap":{},"Memory":409,"Number":10,"Type":"NVIDIA-NVIDIA A100-SXM4-40GB","Health":true,"UsedNum":0,"UsedMem":0,"UsedCore":0,"MigTemplate":[],"MigUsage":{"Index":-1,"UsageList":null}}
I0906 15:29:40.062868       1 device_info.go:113] "Nvidia Device registered name" name="volcano-lab-worker" val={"ID":1,"Node":"volcano-lab-worker","UUID":"GPU-12345678-1234-1234-1234-123456780001","PodMap":{},"Memory":409,"Number":10,"Type":"NVIDIA-NVIDIA A100-SXM4-40GB","Health":true,"UsedNum":0,"UsedMem":0,"UsedCore":0,"MigTemplate":[],"MigUsage":{"Index":-1,"UsageList":null}}
E0906 15:29:40.062928       1 device_info.go:189] pod kube-proxy-btcmr has no annotation volcano.sh/devices-to-allocate
E0906 15:29:40.062948       1 device_info.go:189] pod volcano-device-plugin-2sg22 has no annotation volcano.sh/devices-to-allocate
E0906 15:29:40.062966       1 device_info.go:189] pod grafana-7c5659d458-xrbnn has no annotation volcano.sh/devices-to-allocate
E0906 15:29:40.062981       1 device_info.go:189] pod kindnet-k2m7h has no annotation volcano.sh/devices-to-allocate
E0906 15:29:40.062994       1 device_info.go:189] pod mock1-nvml-mock-9rgh9 has no annotation volcano.sh/devices-to-allocate
E0906 15:29:40.063010       1 device_info.go:189] pod volcano-scheduler-75847d877-kglkg has no annotation volcano.sh/devices-to-allocate
I0906 15:29:40.063175       1 device_info.go:111] GPU sharing mode:  hami-core
I0906 15:29:40.063211       1 device_info.go:113] "Nvidia Device registered name" name="volcano-lab-worker2" val={"ID":0,"Node":"volcano-lab-worker2","UUID":"GPU-22345678-1234-1234-1234-123456780001","PodMap":{},"Memory":409,"Number":10,"Type":"NVIDIA-NVIDIA A100-SXM4-40GB","Health":true,"UsedNum":0,"UsedMem":0,"UsedCore":0,"MigTemplate":[],"MigUsage":{"Index":-1,"UsageList":null}}
I0906 15:29:40.063250       1 device_info.go:113] "Nvidia Device registered name" name="volcano-lab-worker2" val={"ID":1,"Node":"volcano-lab-worker2","UUID":"GPU-22345678-1234-1234-1234-123456780000","PodMap":{},"Memory":409,"Number":10,"Type":"NVIDIA-NVIDIA A100-SXM4-40GB","Health":true,"UsedNum":0,"UsedMem":0,"UsedCore":0,"MigTemplate":[],"MigUsage":{"Index":-1,"UsageList":null}}
I0906 15:29:40.063276       1 device_info.go:111] GPU sharing mode:  hami-core
I0906 15:29:40.063292       1 device_info.go:113] "Nvidia Device registered name" name="volcano-lab-worker2" val={"ID":0,"Node":"volcano-lab-worker2","UUID":"GPU-22345678-1234-1234-1234-123456780001","PodMap":{},"Memory":409,"Number":10,"Type":"NVIDIA-NVIDIA A100-SXM4-40GB","Health":true,"UsedNum":0,"UsedMem":0,"UsedCore":0,"MigTemplate":[],"MigUsage":{"Index":-1,"UsageList":null}}
I0906 15:29:40.063313       1 device_info.go:113] "Nvidia Device registered name" name="volcano-lab-worker2" val={"ID":1,"Node":"volcano-lab-worker2","UUID":"GPU-22345678-1234-1234-1234-123456780000","PodMap":{},"Memory":409,"Number":10,"Type":"NVIDIA-NVIDIA A100-SXM4-40GB","Health":true,"UsedNum":0,"UsedMem":0,"UsedCore":0,"MigTemplate":[],"MigUsage":{"Index":-1,"UsageList":null}}
E0906 15:29:40.063336       1 device_info.go:189] pod volcano-admission-5b979dc8f6-8rdzl has no annotation volcano.sh/devices-to-allocate
E0906 15:29:40.063349       1 device_info.go:189] pod volcano-controllers-5b976c6d4b-rkqw6 has no annotation volcano.sh/devices-to-allocate
E0906 15:29:40.063362       1 device_info.go:189] pod prometheus-deployment-7cb9b4545b-h2fz4 has no annotation volcano.sh/devices-to-allocate
E0906 15:29:40.063372       1 device_info.go:189] pod volcano-device-plugin-jj26z has no annotation volcano.sh/devices-to-allocate
E0906 15:29:40.063382       1 device_info.go:189] pod kube-state-metrics-5ffcdf767c-gf9d5 has no annotation volcano.sh/devices-to-allocate
E0906 15:29:40.063391       1 device_info.go:189] pod mock2-nvml-mock-mtnbp has no annotation volcano.sh/devices-to-allocate
E0906 15:29:40.063400       1 device_info.go:189] pod kindnet-5whpw has no annotation volcano.sh/devices-to-allocate
E0906 15:29:40.063410       1 device_info.go:189] pod kube-proxy-gwssg has no annotation volcano.sh/devices-to-allocate
I0906 15:29:40.063505       1 cache.go:1581] "SnapShot for scheduling" jobNum=0 QueueNum=3 NodeNum=3
I0906 15:29:40.063530       1 session.go:1036] Start adjusting jobs' network topology spec according to hyperNodeTierNameMap map[]
I0906 15:29:40.063545       1 session.go:1079] Finish adjusting jobs' network topology spec according to hyperNodeTierNameMap map[]
I0906 15:29:40.063569       1 session.go:279] Open Session f38aaa67-b348-4701-832c-5e051bc17999 with <0> Job and <3> Queues. HyperNodesReadyToSchedule: true
I0906 15:29:40.063893       1 gpuexclusive.go:437] gpuexclusive: no rules configured, skipping GPU exclusivity wrapping
I0906 15:29:40.063909       1 enqueue.go:79] Try to enqueue PodGroup to 0 Queues
I0906 15:29:40.063919       1 reclaim.go:68] There are <0> Jobs and <3> Queues in total for scheduling.
I0906 15:29:40.063930       1 allocate.go:138] Try to allocate resource to 0 Queues
I0906 15:29:40.063980       1 session.go:577] Close Session f38aaa67-b348-4701-832c-5e051bc17999
I0906 15:29:40.937715       1 device_info.go:111] GPU sharing mode:  hami-core
I0906 15:29:40.937770       1 device_info.go:113] "Nvidia Device registered name" name="volcano-lab-worker2" val={"ID":0,"Node":"volcano-lab-worker2","UUID":"GPU-22345678-1234-1234-1234-123456780001","PodMap":{},"Memory":409,"Number":10,"Type":"NVIDIA-NVIDIA A100-SXM4-40GB","Health":true,"UsedNum":0,"UsedMem":0,"UsedCore":0,"MigTemplate":[],"MigUsage":{"Index":-1,"UsageList":null}}
I0906 15:29:40.937796       1 device_info.go:113] "Nvidia Device registered name" name="volcano-lab-worker2" val={"ID":1,"Node":"volcano-lab-worker2","UUID":"GPU-22345678-1234-1234-1234-123456780000","PodMap":{},"Memory":409,"Number":10,"Type":"NVIDIA-NVIDIA A100-SXM4-40GB","Health":true,"UsedNum":0,"UsedMem":0,"UsedCore":0,"MigTemplate":[],"MigUsage":{"Index":-1,"UsageList":null}}
I0906 15:29:40.937811       1 device_info.go:111] GPU sharing mode:  hami-core
I0906 15:29:40.937818       1 device_info.go:113] "Nvidia Device registered name" name="volcano-lab-worker2" val={"ID":0,"Node":"volcano-lab-worker2","UUID":"GPU-22345678-1234-1234-1234-123456780001","PodMap":{},"Memory":409,"Number":10,"Type":"NVIDIA-NVIDIA A100-SXM4-40GB","Health":true,"UsedNum":0,"UsedMem":0,"UsedCore":0,"MigTemplate":[],"MigUsage":{"Index":-1,"UsageList":null}}
I0906 15:29:40.937826       1 device_info.go:113] "Nvidia Device registered name" name="volcano-lab-worker2" val={"ID":1,"Node":"volcano-lab-worker2","UUID":"GPU-22345678-1234-1234-1234-123456780000","PodMap":{},"Memory":409,"Number":10,"Type":"NVIDIA-NVIDIA A100-SXM4-40GB","Health":true,"UsedNum":0,"UsedMem":0,"UsedCore":0,"MigTemplate":[],"MigUsage":{"Index":-1,"UsageList":null}}
E0906 15:29:40.937844       1 device_info.go:189] pod mock2-nvml-mock-mtnbp has no annotation volcano.sh/devices-to-allocate
E0906 15:29:40.937855       1 device_info.go:189] pod kindnet-5whpw has no annotation volcano.sh/devices-to-allocate
E0906 15:29:40.937861       1 device_info.go:189] pod kube-proxy-gwssg has no annotation volcano.sh/devices-to-allocate
E0906 15:29:40.937867       1 device_info.go:189] pod volcano-admission-5b979dc8f6-8rdzl has no annotation volcano.sh/devices-to-allocate
E0906 15:29:40.937904       1 device_info.go:189] pod volcano-controllers-5b976c6d4b-rkqw6 has no annotation volcano.sh/devices-to-allocate
E0906 15:29:40.937910       1 device_info.go:189] pod prometheus-deployment-7cb9b4545b-h2fz4 has no annotation volcano.sh/devices-to-allocate
E0906 15:29:40.937915       1 device_info.go:189] pod volcano-device-plugin-jj26z has no annotation volcano.sh/devices-to-allocate
E0906 15:29:40.937920       1 device_info.go:189] pod kube-state-metrics-5ffcdf767c-gf9d5 has no annotation volcano.sh/devices-to-allocate
I0906 15:29:40.937941       1 device_info.go:111] GPU sharing mode:  hami-core
I0906 15:29:40.937953       1 device_info.go:113] "Nvidia Device registered name" name="volcano-lab-worker2" val={"ID":0,"Node":"volcano-lab-worker2","UUID":"GPU-22345678-1234-1234-1234-123456780000","PodMap":{},"Memory":409,"Number":10,"Type":"NVIDIA-NVIDIA A100-SXM4-40GB","Health":true,"UsedNum":0,"UsedMem":0,"UsedCore":0,"MigTemplate":[],"MigUsage":{"Index":-1,"UsageList":null}}
I0906 15:29:40.937966       1 device_info.go:113] "Nvidia Device registered name" name="volcano-lab-worker2" val={"ID":1,"Node":"volcano-lab-worker2","UUID":"GPU-22345678-1234-1234-1234-123456780001","PodMap":{},"Memory":409,"Number":10,"Type":"NVIDIA-NVIDIA A100-SXM4-40GB","Health":true,"UsedNum":0,"UsedMem":0,"UsedCore":0,"MigTemplate":[],"MigUsage":{"Index":-1,"UsageList":null}}
I0906 15:29:40.945943       1 device_info.go:111] GPU sharing mode:  hami-core
I0906 15:29:40.945985       1 device_info.go:113] "Nvidia Device registered name" name="volcano-lab-worker2" val={"ID":0,"Node":"volcano-lab-worker2","UUID":"GPU-22345678-1234-1234-1234-123456780000","PodMap":{},"Memory":409,"Number":10,"Type":"NVIDIA-NVIDIA A100-SXM4-40GB","Health":true,"UsedNum":0,"UsedMem":0,"UsedCore":0,"MigTemplate":[],"MigUsage":{"Index":-1,"UsageList":null}}
I0906 15:29:40.946007       1 device_info.go:113] "Nvidia Device registered name" name="volcano-lab-worker2" val={"ID":1,"Node":"volcano-lab-worker2","UUID":"GPU-22345678-1234-1234-1234-123456780001","PodMap":{},"Memory":409,"Number":10,"Type":"NVIDIA-NVIDIA A100-SXM4-40GB","Health":true,"UsedNum":0,"UsedMem":0,"UsedCore":0,"MigTemplate":[],"MigUsage":{"Index":-1,"UsageList":null}}
E0906 15:29:40.949334       1 device_info.go:189] pod mock2-nvml-mock-mtnbp has no annotation volcano.sh/devices-to-allocate
E0906 15:29:40.949349       1 device_info.go:189] pod kindnet-5whpw has no annotation volcano.sh/devices-to-allocate
E0906 15:29:40.949356       1 device_info.go:189] pod kube-proxy-gwssg has no annotation volcano.sh/devices-to-allocate
E0906 15:29:40.949362       1 device_info.go:189] pod volcano-admission-5b979dc8f6-8rdzl has no annotation volcano.sh/devices-to-allocate
E0906 15:29:40.949367       1 device_info.go:189] pod volcano-controllers-5b976c6d4b-rkqw6 has no annotation volcano.sh/devices-to-allocate
E0906 15:29:40.949373       1 device_info.go:189] pod prometheus-deployment-7cb9b4545b-h2fz4 has no annotation volcano.sh/devices-to-allocate
E0906 15:29:40.949378       1 device_info.go:189] pod volcano-device-plugin-jj26z has no annotation volcano.sh/devices-to-allocate
E0906 15:29:40.949383       1 device_info.go:189] pod kube-state-metrics-5ffcdf767c-gf9d5 has no annotation volcano.sh/devices-to-allocate
I0906 15:29:40.949395       1 device_info.go:111] GPU sharing mode:  hami-core
I0906 15:29:40.949414       1 device_info.go:113] "Nvidia Device registered name" name="volcano-lab-worker2" val={"ID":0,"Node":"volcano-lab-worker2","UUID":"GPU-22345678-1234-1234-1234-123456780000","PodMap":{},"Memory":409,"Number":10,"Type":"NVIDIA-NVIDIA A100-SXM4-40GB","Health":true,"UsedNum":0,"UsedMem":0,"UsedCore":0,"MigTemplate":[],"MigUsage":{"Index":-1,"UsageList":null}}
I0906 15:29:40.949432       1 device_info.go:113] "Nvidia Device registered name" name="volcano-lab-worker2" val={"ID":1,"Node":"volcano-lab-worker2","UUID":"GPU-22345678-1234-1234-1234-123456780001","PodMap":{},"Memory":409,"Number":10,"Type":"NVIDIA-NVIDIA A100-SXM4-40GB","Health":true,"UsedNum":0,"UsedMem":0,"UsedCore":0,"MigTemplate":[],"MigUsage":{"Index":-1,"UsageList":null}}
I0906 15:29:40.952220       1 device_info.go:111] GPU sharing mode:  hami-core
I0906 15:29:40.952237       1 device_info.go:113] "Nvidia Device registered name" name="volcano-lab-worker2" val={"ID":0,"Node":"volcano-lab-worker2","UUID":"GPU-22345678-1234-1234-1234-123456780000","PodMap":{},"Memory":409,"Number":10,"Type":"NVIDIA-NVIDIA A100-SXM4-40GB","Health":true,"UsedNum":0,"UsedMem":0,"UsedCore":0,"MigTemplate":[],"MigUsage":{"Index":-1,"UsageList":null}}
I0906 15:29:40.952248       1 device_info.go:113] "Nvidia Device registered name" name="volcano-lab-worker2" val={"ID":1,"Node":"volcano-lab-worker2","UUID":"GPU-22345678-1234-1234-1234-123456780001","PodMap":{},"Memory":409,"Number":10,"Type":"NVIDIA-NVIDIA A100-SXM4-40GB","Health":true,"UsedNum":0,"UsedMem":0,"UsedCore":0,"MigTemplate":[],"MigUsage":{"Index":-1,"UsageList":null}}
E0906 15:29:40.954833       1 device_info.go:189] pod volcano-admission-5b979dc8f6-8rdzl has no annotation volcano.sh/devices-to-allocate
E0906 15:29:40.954842       1 device_info.go:189] pod volcano-controllers-5b976c6d4b-rkqw6 has no annotation volcano.sh/devices-to-allocate
E0906 15:29:40.954846       1 device_info.go:189] pod prometheus-deployment-7cb9b4545b-h2fz4 has no annotation volcano.sh/devices-to-allocate
E0906 15:29:40.954850       1 device_info.go:189] pod volcano-device-plugin-jj26z has no annotation volcano.sh/devices-to-allocate
E0906 15:29:40.954852       1 device_info.go:189] pod kube-state-metrics-5ffcdf767c-gf9d5 has no annotation volcano.sh/devices-to-allocate
E0906 15:29:40.954855       1 device_info.go:189] pod mock2-nvml-mock-mtnbp has no annotation volcano.sh/devices-to-allocate
E0906 15:29:40.954858       1 device_info.go:189] pod kindnet-5whpw has no annotation volcano.sh/devices-to-allocate
E0906 15:29:40.954861       1 device_info.go:189] pod kube-proxy-gwssg has no annotation volcano.sh/devices-to-allocate
I0906 15:29:40.954930       1 device_info.go:111] GPU sharing mode:  hami-core
I0906 15:29:40.954944       1 device_info.go:113] "Nvidia Device registered name" name="volcano-lab-worker2" val={"ID":0,"Node":"volcano-lab-worker2","UUID":"GPU-22345678-1234-1234-1234-123456780000","PodMap":{},"Memory":409,"Number":10,"Type":"NVIDIA-NVIDIA A100-SXM4-40GB","Health":true,"UsedNum":0,"UsedMem":0,"UsedCore":0,"MigTemplate":[],"MigUsage":{"Index":-1,"UsageList":null}}
I0906 15:29:40.954960       1 device_info.go:113] "Nvidia Device registered name" name="volcano-lab-worker2" val={"ID":1,"Node":"volcano-lab-worker2","UUID":"GPU-22345678-1234-1234-1234-123456780001","PodMap":{},"Memory":409,"Number":10,"Type":"NVIDIA-NVIDIA A100-SXM4-40GB","Health":true,"UsedNum":0,"UsedMem":0,"UsedCore":0,"MigTemplate":[],"MigUsage":{"Index":-1,"UsageList":null}}
I0906 15:29:40.957637       1 device_info.go:111] GPU sharing mode:  hami-core
I0906 15:29:40.957656       1 device_info.go:113] "Nvidia Device registered name" name="volcano-lab-worker2" val={"ID":0,"Node":"volcano-lab-worker2","UUID":"GPU-22345678-1234-1234-1234-123456780000","PodMap":{},"Memory":409,"Number":10,"Type":"NVIDIA-NVIDIA A100-SXM4-40GB","Health":true,"UsedNum":0,"UsedMem":0,"UsedCore":0,"MigTemplate":[],"MigUsage":{"Index":-1,"UsageList":null}}
I0906 15:29:40.957668       1 device_info.go:113] "Nvidia Device registered name" name="volcano-lab-worker2" val={"ID":1,"Node":"volcano-lab-worker2","UUID":"GPU-22345678-1234-1234-1234-123456780001","PodMap":{},"Memory":409,"Number":10,"Type":"NVIDIA-NVIDIA A100-SXM4-40GB","Health":true,"UsedNum":0,"UsedMem":0,"UsedCore":0,"MigTemplate":[],"MigUsage":{"Index":-1,"UsageList":null}}
E0906 15:29:40.960184       1 device_info.go:189] pod volcano-controllers-5b976c6d4b-rkqw6 has no annotation volcano.sh/devices-to-allocate
E0906 15:29:40.960200       1 device_info.go:189] pod prometheus-deployment-7cb9b4545b-h2fz4 has no annotation volcano.sh/devices-to-allocate
E0906 15:29:40.960208       1 device_info.go:189] pod volcano-device-plugin-jj26z has no annotation volcano.sh/devices-to-allocate
E0906 15:29:40.960215       1 device_info.go:189] pod kube-state-metrics-5ffcdf767c-gf9d5 has no annotation volcano.sh/devices-to-allocate
E0906 15:29:40.960222       1 device_info.go:189] pod mock2-nvml-mock-mtnbp has no annotation volcano.sh/devices-to-allocate
E0906 15:29:40.960228       1 device_info.go:189] pod kindnet-5whpw has no annotation volcano.sh/devices-to-allocate
E0906 15:29:40.960237       1 device_info.go:189] pod kube-proxy-gwssg has no annotation volcano.sh/devices-to-allocate
E0906 15:29:40.960245       1 device_info.go:189] pod volcano-admission-5b979dc8f6-8rdzl has no annotation volcano.sh/devices-to-allocate
I0906 15:29:40.960269       1 device_info.go:111] GPU sharing mode:  hami-core
I0906 15:29:40.960285       1 device_info.go:113] "Nvidia Device registered name" name="volcano-lab-worker2" val={"ID":0,"Node":"volcano-lab-worker2","UUID":"GPU-22345678-1234-1234-1234-123456780000","PodMap":{},"Memory":409,"Number":10,"Type":"NVIDIA-NVIDIA A100-SXM4-40GB","Health":true,"UsedNum":0,"UsedMem":0,"UsedCore":0,"MigTemplate":[],"MigUsage":{"Index":-1,"UsageList":null}}
I0906 15:29:40.960302       1 device_info.go:113] "Nvidia Device registered name" name="volcano-lab-worker2" val={"ID":1,"Node":"volcano-lab-worker2","UUID":"GPU-22345678-1234-1234-1234-123456780001","PodMap":{},"Memory":409,"Number":10,"Type":"NVIDIA-NVIDIA A100-SXM4-40GB","Health":true,"UsedNum":0,"UsedMem":0,"UsedCore":0,"MigTemplate":[],"MigUsage":{"Index":-1,"UsageList":null}}
I0906 15:29:40.960316       1 device_info.go:111] GPU sharing mode:  hami-core
I0906 15:29:40.960327       1 device_info.go:113] "Nvidia Device registered name" name="volcano-lab-worker2" val={"ID":0,"Node":"volcano-lab-worker2","UUID":"GPU-22345678-1234-1234-1234-123456780000","PodMap":{},"Memory":409,"Number":10,"Type":"NVIDIA-NVIDIA A100-SXM4-40GB","Health":true,"UsedNum":0,"UsedMem":0,"UsedCore":0,"MigTemplate":[],"MigUsage":{"Index":-1,"UsageList":null}}
I0906 15:29:40.960338       1 device_info.go:113] "Nvidia Device registered name" name="volcano-lab-worker2" val={"ID":1,"Node":"volcano-lab-worker2","UUID":"GPU-22345678-1234-1234-1234-123456780001","PodMap":{},"Memory":409,"Number":10,"Type":"NVIDIA-NVIDIA A100-SXM4-40GB","Health":true,"UsedNum":0,"UsedMem":0,"UsedCore":0,"MigTemplate":[],"MigUsage":{"Index":-1,"UsageList":null}}
E0906 15:29:40.960381       1 device_info.go:189] pod kube-proxy-gwssg has no annotation volcano.sh/devices-to-allocate
E0906 15:29:40.960388       1 device_info.go:189] pod volcano-admission-5b979dc8f6-8rdzl has no annotation volcano.sh/devices-to-allocate
E0906 15:29:40.960393       1 device_info.go:189] pod volcano-controllers-5b976c6d4b-rkqw6 has no annotation volcano.sh/devices-to-allocate
E0906 15:29:40.960398       1 device_info.go:189] pod prometheus-deployment-7cb9b4545b-h2fz4 has no annotation volcano.sh/devices-to-allocate
E0906 15:29:40.960404       1 device_info.go:189] pod volcano-device-plugin-jj26z has no annotation volcano.sh/devices-to-allocate
E0906 15:29:40.960409       1 device_info.go:189] pod kube-state-metrics-5ffcdf767c-gf9d5 has no annotation volcano.sh/devices-to-allocate
E0906 15:29:40.960413       1 device_info.go:189] pod mock2-nvml-mock-mtnbp has no annotation volcano.sh/devices-to-allocate
E0906 15:29:40.960419       1 device_info.go:189] pod kindnet-5whpw has no annotation volcano.sh/devices-to-allocate
I0906 15:29:40.960427       1 device_info.go:111] GPU sharing mode:  hami-core
I0906 15:29:40.960437       1 device_info.go:113] "Nvidia Device registered name" name="volcano-lab-worker2" val={"ID":1,"Node":"volcano-lab-worker2","UUID":"GPU-22345678-1234-1234-1234-123456780001","PodMap":{},"Memory":409,"Number":10,"Type":"NVIDIA-NVIDIA A100-SXM4-40GB","Health":true,"UsedNum":0,"UsedMem":0,"UsedCore":0,"MigTemplate":[],"MigUsage":{"Index":-1,"UsageList":null}}
I0906 15:29:40.960448       1 device_info.go:113] "Nvidia Device registered name" name="volcano-lab-worker2" val={"ID":0,"Node":"volcano-lab-worker2","UUID":"GPU-22345678-1234-1234-1234-123456780000","PodMap":{},"Memory":409,"Number":10,"Type":"NVIDIA-NVIDIA A100-SXM4-40GB","Health":true,"UsedNum":0,"UsedMem":0,"UsedCore":0,"MigTemplate":[],"MigUsage":{"Index":-1,"UsageList":null}}
I0906 15:29:40.960459       1 device_info.go:111] GPU sharing mode:  hami-core
I0906 15:29:40.960468       1 device_info.go:113] "Nvidia Device registered name" name="volcano-lab-worker2" val={"ID":0,"Node":"volcano-lab-worker2","UUID":"GPU-22345678-1234-1234-1234-123456780000","PodMap":{},"Memory":409,"Number":10,"Type":"NVIDIA-NVIDIA A100-SXM4-40GB","Health":true,"UsedNum":0,"UsedMem":0,"UsedCore":0,"MigTemplate":[],"MigUsage":{"Index":-1,"UsageList":null}}
I0906 15:29:40.960478       1 device_info.go:113] "Nvidia Device registered name" name="volcano-lab-worker2" val={"ID":1,"Node":"volcano-lab-worker2","UUID":"GPU-22345678-1234-1234-1234-123456780001","PodMap":{},"Memory":409,"Number":10,"Type":"NVIDIA-NVIDIA A100-SXM4-40GB","Health":true,"UsedNum":0,"UsedMem":0,"UsedCore":0,"MigTemplate":[],"MigUsage":{"Index":-1,"UsageList":null}}
E0906 15:29:40.960510       1 device_info.go:189] pod kube-state-metrics-5ffcdf767c-gf9d5 has no annotation volcano.sh/devices-to-allocate
E0906 15:29:40.960517       1 device_info.go:189] pod mock2-nvml-mock-mtnbp has no annotation volcano.sh/devices-to-allocate
E0906 15:29:40.960522       1 device_info.go:189] pod kindnet-5whpw has no annotation volcano.sh/devices-to-allocate
E0906 15:29:40.960526       1 device_info.go:189] pod kube-proxy-gwssg has no annotation volcano.sh/devices-to-allocate
E0906 15:29:40.960531       1 device_info.go:189] pod volcano-admission-5b979dc8f6-8rdzl has no annotation volcano.sh/devices-to-allocate
E0906 15:29:40.960535       1 device_info.go:189] pod volcano-controllers-5b976c6d4b-rkqw6 has no annotation volcano.sh/devices-to-allocate
E0906 15:29:40.960540       1 device_info.go:189] pod prometheus-deployment-7cb9b4545b-h2fz4 has no annotation volcano.sh/devices-to-allocate
E0906 15:29:40.960544       1 device_info.go:189] pod volcano-device-plugin-jj26z has no annotation volcano.sh/devices-to-allocate
I0906 15:29:41.064911       1 device_info.go:111] GPU sharing mode:  hami-core
I0906 15:29:41.064933       1 device_info.go:113] "Nvidia Device registered name" name="volcano-lab-worker" val={"ID":0,"Node":"volcano-lab-worker","UUID":"GPU-12345678-1234-1234-1234-123456780000","PodMap":{},"Memory":409,"Number":10,"Type":"NVIDIA-NVIDIA A100-SXM4-40GB","Health":true,"UsedNum":0,"UsedMem":0,"UsedCore":0,"MigTemplate":[],"MigUsage":{"Index":-1,"UsageList":null}}
I0906 15:29:41.064950       1 device_info.go:113] "Nvidia Device registered name" name="volcano-lab-worker" val={"ID":1,"Node":"volcano-lab-worker","UUID":"GPU-12345678-1234-1234-1234-123456780001","PodMap":{},"Memory":409,"Number":10,"Type":"NVIDIA-NVIDIA A100-SXM4-40GB","Health":true,"UsedNum":0,"UsedMem":0,"UsedCore":0,"MigTemplate":[],"MigUsage":{"Index":-1,"UsageList":null}}
I0906 15:29:41.064960       1 device_info.go:111] GPU sharing mode:  hami-core
I0906 15:29:41.064967       1 device_info.go:113] "Nvidia Device registered name" name="volcano-lab-worker" val={"ID":0,"Node":"volcano-lab-worker","UUID":"GPU-12345678-1234-1234-1234-123456780000","PodMap":{},"Memory":409,"Number":10,"Type":"NVIDIA-NVIDIA A100-SXM4-40GB","Health":true,"UsedNum":0,"UsedMem":0,"UsedCore":0,"MigTemplate":[],"MigUsage":{"Index":-1,"UsageList":null}}
I0906 15:29:41.064972       1 device_info.go:113] "Nvidia Device registered name" name="volcano-lab-worker" val={"ID":1,"Node":"volcano-lab-worker","UUID":"GPU-12345678-1234-1234-1234-123456780001","PodMap":{},"Memory":409,"Number":10,"Type":"NVIDIA-NVIDIA A100-SXM4-40GB","Health":true,"UsedNum":0,"UsedMem":0,"UsedCore":0,"MigTemplate":[],"MigUsage":{"Index":-1,"UsageList":null}}
E0906 15:29:41.064980       1 device_info.go:189] pod volcano-device-plugin-2sg22 has no annotation volcano.sh/devices-to-allocate
E0906 15:29:41.064985       1 device_info.go:189] pod grafana-7c5659d458-xrbnn has no annotation volcano.sh/devices-to-allocate
E0906 15:29:41.064989       1 device_info.go:189] pod kindnet-k2m7h has no annotation volcano.sh/devices-to-allocate
E0906 15:29:41.064994       1 device_info.go:189] pod mock1-nvml-mock-9rgh9 has no annotation volcano.sh/devices-to-allocate
E0906 15:29:41.064998       1 device_info.go:189] pod volcano-scheduler-75847d877-kglkg has no annotation volcano.sh/devices-to-allocate
E0906 15:29:41.065002       1 device_info.go:189] pod kube-proxy-btcmr has no annotation volcano.sh/devices-to-allocate
I0906 15:29:41.065029       1 device_info.go:111] GPU sharing mode:  hami-core
I0906 15:29:41.065037       1 device_info.go:113] "Nvidia Device registered name" name="volcano-lab-worker2" val={"ID":0,"Node":"volcano-lab-worker2","UUID":"GPU-22345678-1234-1234-1234-123456780000","PodMap":{},"Memory":409,"Number":10,"Type":"NVIDIA-NVIDIA A100-SXM4-40GB","Health":true,"UsedNum":0,"UsedMem":0,"UsedCore":0,"MigTemplate":[],"MigUsage":{"Index":-1,"UsageList":null}}
I0906 15:29:41.065052       1 device_info.go:113] "Nvidia Device registered name" name="volcano-lab-worker2" val={"ID":1,"Node":"volcano-lab-worker2","UUID":"GPU-22345678-1234-1234-1234-123456780001","PodMap":{},"Memory":409,"Number":10,"Type":"NVIDIA-NVIDIA A100-SXM4-40GB","Health":true,"UsedNum":0,"UsedMem":0,"UsedCore":0,"MigTemplate":[],"MigUsage":{"Index":-1,"UsageList":null}}
I0906 15:29:41.065060       1 device_info.go:111] GPU sharing mode:  hami-core
I0906 15:29:41.065064       1 device_info.go:113] "Nvidia Device registered name" name="volcano-lab-worker2" val={"ID":0,"Node":"volcano-lab-worker2","UUID":"GPU-22345678-1234-1234-1234-123456780000","PodMap":{},"Memory":409,"Number":10,"Type":"NVIDIA-NVIDIA A100-SXM4-40GB","Health":true,"UsedNum":0,"UsedMem":0,"UsedCore":0,"MigTemplate":[],"MigUsage":{"Index":-1,"UsageList":null}}
I0906 15:29:41.065069       1 device_info.go:113] "Nvidia Device registered name" name="volcano-lab-worker2" val={"ID":1,"Node":"volcano-lab-worker2","UUID":"GPU-22345678-1234-1234-1234-123456780001","PodMap":{},"Memory":409,"Number":10,"Type":"NVIDIA-NVIDIA A100-SXM4-40GB","Health":true,"UsedNum":0,"UsedMem":0,"UsedCore":0,"MigTemplate":[],"MigUsage":{"Index":-1,"UsageList":null}}
E0906 15:29:41.065078       1 device_info.go:189] pod kube-state-metrics-5ffcdf767c-gf9d5 has no annotation volcano.sh/devices-to-allocate
E0906 15:29:41.065083       1 device_info.go:189] pod mock2-nvml-mock-mtnbp has no annotation volcano.sh/devices-to-allocate
E0906 15:29:41.065088       1 device_info.go:189] pod kindnet-5whpw has no annotation volcano.sh/devices-to-allocate
E0906 15:29:41.065093       1 device_info.go:189] pod kube-proxy-gwssg has no annotation volcano.sh/devices-to-allocate
E0906 15:29:41.065099       1 device_info.go:189] pod volcano-admission-5b979dc8f6-8rdzl has no annotation volcano.sh/devices-to-allocate
E0906 15:29:41.065104       1 device_info.go:189] pod volcano-controllers-5b976c6d4b-rkqw6 has no annotation volcano.sh/devices-to-allocate
E0906 15:29:41.065108       1 device_info.go:189] pod prometheus-deployment-7cb9b4545b-h2fz4 has no annotation volcano.sh/devices-to-allocate
E0906 15:29:41.065112       1 device_info.go:189] pod volcano-device-plugin-jj26z has no annotation volcano.sh/devices-to-allocate
I0906 15:29:41.065178       1 cache.go:1581] "SnapShot for scheduling" jobNum=1 QueueNum=3 NodeNum=3
I0906 15:29:41.065193       1 session.go:1036] Start adjusting jobs' network topology spec according to hyperNodeTierNameMap map[]
I0906 15:29:41.065202       1 session.go:1079] Finish adjusting jobs' network topology spec according to hyperNodeTierNameMap map[]
I0906 15:29:41.065209       1 session.go:279] Open Session d8a3b30b-f05c-4ef9-9048-bf5951b67670 with <1> Job and <3> Queues. HyperNodesReadyToSchedule: true
I0906 15:29:41.065475       1 gpuexclusive.go:437] gpuexclusive: no rules configured, skipping GPU exclusivity wrapping
I0906 15:29:41.065492       1 enqueue.go:79] Try to enqueue PodGroup to 1 Queues
I0906 15:29:41.065517       1 reclaim.go:68] There are <1> Jobs and <3> Queues in total for scheduling.
I0906 15:29:41.065525       1 allocate.go:138] Try to allocate resource to 0 Queues
I0906 15:29:41.072547       1 session.go:577] Close Session d8a3b30b-f05c-4ef9-9048-bf5951b67670
I0906 15:29:41.084355       1 event_handlers.go:421] Added pod <volcano-tests/after-heartbeat-0-worker-1> into cache.
I0906 15:29:41.084393       1 event_handlers.go:421] Added pod <volcano-tests/after-heartbeat-0-worker-0> into cache.
I0906 15:29:42.072764       1 device_info.go:111] GPU sharing mode:  hami-core
I0906 15:29:42.072796       1 device_info.go:113] "Nvidia Device registered name" name="volcano-lab-worker" val={"ID":1,"Node":"volcano-lab-worker","UUID":"GPU-12345678-1234-1234-1234-123456780001","PodMap":{},"Memory":409,"Number":10,"Type":"NVIDIA-NVIDIA A100-SXM4-40GB","Health":true,"UsedNum":0,"UsedMem":0,"UsedCore":0,"MigTemplate":[],"MigUsage":{"Index":-1,"UsageList":null}}
I0906 15:29:42.072820       1 device_info.go:113] "Nvidia Device registered name" name="volcano-lab-worker" val={"ID":0,"Node":"volcano-lab-worker","UUID":"GPU-12345678-1234-1234-1234-123456780000","PodMap":{},"Memory":409,"Number":10,"Type":"NVIDIA-NVIDIA A100-SXM4-40GB","Health":true,"UsedNum":0,"UsedMem":0,"UsedCore":0,"MigTemplate":[],"MigUsage":{"Index":-1,"UsageList":null}}
I0906 15:29:42.072836       1 device_info.go:111] GPU sharing mode:  hami-core
I0906 15:29:42.072846       1 device_info.go:113] "Nvidia Device registered name" name="volcano-lab-worker" val={"ID":0,"Node":"volcano-lab-worker","UUID":"GPU-12345678-1234-1234-1234-123456780000","PodMap":{},"Memory":409,"Number":10,"Type":"NVIDIA-NVIDIA A100-SXM4-40GB","Health":true,"UsedNum":0,"UsedMem":0,"UsedCore":0,"MigTemplate":[],"MigUsage":{"Index":-1,"UsageList":null}}
I0906 15:29:42.072856       1 device_info.go:113] "Nvidia Device registered name" name="volcano-lab-worker" val={"ID":1,"Node":"volcano-lab-worker","UUID":"GPU-12345678-1234-1234-1234-123456780001","PodMap":{},"Memory":409,"Number":10,"Type":"NVIDIA-NVIDIA A100-SXM4-40GB","Health":true,"UsedNum":0,"UsedMem":0,"UsedCore":0,"MigTemplate":[],"MigUsage":{"Index":-1,"UsageList":null}}
E0906 15:29:42.072871       1 device_info.go:189] pod kindnet-k2m7h has no annotation volcano.sh/devices-to-allocate
E0906 15:29:42.072881       1 device_info.go:189] pod mock1-nvml-mock-9rgh9 has no annotation volcano.sh/devices-to-allocate
E0906 15:29:42.072888       1 device_info.go:189] pod volcano-scheduler-75847d877-kglkg has no annotation volcano.sh/devices-to-allocate
E0906 15:29:42.072897       1 device_info.go:189] pod kube-proxy-btcmr has no annotation volcano.sh/devices-to-allocate
E0906 15:29:42.072905       1 device_info.go:189] pod volcano-device-plugin-2sg22 has no annotation volcano.sh/devices-to-allocate
E0906 15:29:42.072911       1 device_info.go:189] pod grafana-7c5659d458-xrbnn has no annotation volcano.sh/devices-to-allocate
I0906 15:29:42.072954       1 device_info.go:111] GPU sharing mode:  hami-core
I0906 15:29:42.072965       1 device_info.go:113] "Nvidia Device registered name" name="volcano-lab-worker2" val={"ID":0,"Node":"volcano-lab-worker2","UUID":"GPU-22345678-1234-1234-1234-123456780000","PodMap":{},"Memory":409,"Number":10,"Type":"NVIDIA-NVIDIA A100-SXM4-40GB","Health":true,"UsedNum":0,"UsedMem":0,"UsedCore":0,"MigTemplate":[],"MigUsage":{"Index":-1,"UsageList":null}}
I0906 15:29:42.072978       1 device_info.go:113] "Nvidia Device registered name" name="volcano-lab-worker2" val={"ID":1,"Node":"volcano-lab-worker2","UUID":"GPU-22345678-1234-1234-1234-123456780001","PodMap":{},"Memory":409,"Number":10,"Type":"NVIDIA-NVIDIA A100-SXM4-40GB","Health":true,"UsedNum":0,"UsedMem":0,"UsedCore":0,"MigTemplate":[],"MigUsage":{"Index":-1,"UsageList":null}}
I0906 15:29:42.072988       1 device_info.go:111] GPU sharing mode:  hami-core
I0906 15:29:42.072996       1 device_info.go:113] "Nvidia Device registered name" name="volcano-lab-worker2" val={"ID":0,"Node":"volcano-lab-worker2","UUID":"GPU-22345678-1234-1234-1234-123456780000","PodMap":{},"Memory":409,"Number":10,"Type":"NVIDIA-NVIDIA A100-SXM4-40GB","Health":true,"UsedNum":0,"UsedMem":0,"UsedCore":0,"MigTemplate":[],"MigUsage":{"Index":-1,"UsageList":null}}
I0906 15:29:42.073006       1 device_info.go:113] "Nvidia Device registered name" name="volcano-lab-worker2" val={"ID":1,"Node":"volcano-lab-worker2","UUID":"GPU-22345678-1234-1234-1234-123456780001","PodMap":{},"Memory":409,"Number":10,"Type":"NVIDIA-NVIDIA A100-SXM4-40GB","Health":true,"UsedNum":0,"UsedMem":0,"UsedCore":0,"MigTemplate":[],"MigUsage":{"Index":-1,"UsageList":null}}
E0906 15:29:42.073018       1 device_info.go:189] pod kube-state-metrics-5ffcdf767c-gf9d5 has no annotation volcano.sh/devices-to-allocate
E0906 15:29:42.073026       1 device_info.go:189] pod mock2-nvml-mock-mtnbp has no annotation volcano.sh/devices-to-allocate
E0906 15:29:42.073033       1 device_info.go:189] pod kindnet-5whpw has no annotation volcano.sh/devices-to-allocate
E0906 15:29:42.073039       1 device_info.go:189] pod kube-proxy-gwssg has no annotation volcano.sh/devices-to-allocate
E0906 15:29:42.073046       1 device_info.go:189] pod volcano-admission-5b979dc8f6-8rdzl has no annotation volcano.sh/devices-to-allocate
E0906 15:29:42.073070       1 device_info.go:189] pod volcano-controllers-5b976c6d4b-rkqw6 has no annotation volcano.sh/devices-to-allocate
E0906 15:29:42.073080       1 device_info.go:189] pod prometheus-deployment-7cb9b4545b-h2fz4 has no annotation volcano.sh/devices-to-allocate
E0906 15:29:42.073089       1 device_info.go:189] pod volcano-device-plugin-jj26z has no annotation volcano.sh/devices-to-allocate
I0906 15:29:42.073203       1 cache.go:1581] "SnapShot for scheduling" jobNum=1 QueueNum=3 NodeNum=3
I0906 15:29:42.073223       1 session.go:1036] Start adjusting jobs' network topology spec according to hyperNodeTierNameMap map[]
I0906 15:29:42.073234       1 session.go:1079] Finish adjusting jobs' network topology spec according to hyperNodeTierNameMap map[]
I0906 15:29:42.073248       1 session.go:279] Open Session 9c860b64-bdb4-4ff9-ab18-c6b1c66b888f with <1> Job and <3> Queues. HyperNodesReadyToSchedule: true
I0906 15:29:42.073566       1 gpuexclusive.go:437] gpuexclusive: no rules configured, skipping GPU exclusivity wrapping
I0906 15:29:42.073583       1 enqueue.go:79] Try to enqueue PodGroup to 0 Queues
I0906 15:29:42.073591       1 reclaim.go:68] There are <1> Jobs and <3> Queues in total for scheduling.
I0906 15:29:42.073614       1 reclaim.go:140] Considering reclaim for 2 tasks of job <volcano-tests/after-heartbeat-0-b803f372-9e1f-464a-b267-d9d28580aeee>.
I0906 15:29:42.073661       1 predicate_helper.go:115] Predicates failed: task volcano-tests/after-heartbeat-0-worker-0 on node volcano-lab-control-plane fit failed: node(s) had untolerated taint(s)
I0906 15:29:42.073698       1 util.go:238] counts= [{1 NVIDIA 30 101 20}]
I0906 15:29:42.073709       1 util.go:238] counts= [{1 NVIDIA 30 101 20}]
I0906 15:29:42.073752       1 utils.go:399] "Allocating device for container" request={"Nums":1,"Type":"NVIDIA","Memreq":30,"MemPercentagereq":101,"Coresreq":20}
I0906 15:29:42.073762       1 utils.go:402] "Scoring pod request" memReq=30 memPercentageReq=101 coresReq=20 Nums=1 Index=0 ID=0
I0906 15:29:42.073780       1 utils.go:403] "Current Device" Index=0 TotalMemory=409 UsedMemory=0 UsedCores=0 UsedNum=0 Number=10 replicate=true
I0906 15:29:42.073788       1 utils.go:449] fitted uuid: GPU-12345678-1234-1234-1234-123456780000
I0906 15:29:42.073797       1 utils.go:399] "Allocating device for container" request={"Nums":1,"Type":"NVIDIA","Memreq":30,"MemPercentagereq":101,"Coresreq":20}
I0906 15:29:42.073814       1 utils.go:402] "Scoring pod request" memReq=30 memPercentageReq=101 coresReq=20 Nums=1 Index=0 ID=0
I0906 15:29:42.073831       1 utils.go:403] "Current Device" Index=0 TotalMemory=409 UsedMemory=0 UsedCores=0 UsedNum=0 Number=10 replicate=true
I0906 15:29:42.073847       1 utils.go:449] fitted uuid: GPU-22345678-1234-1234-1234-123456780000
I0906 15:29:42.073875       1 reclaim.go:185] Considering Task <volcano-tests/after-heartbeat-0-worker-0> on Node <volcano-lab-worker>.
I0906 15:29:42.073888       1 reclaim.go:185] Considering Task <volcano-tests/after-heartbeat-0-worker-0> on Node <volcano-lab-worker2>.
I0906 15:29:42.073910       1 reclaim.go:140] Considering reclaim for 1 tasks of job <volcano-tests/after-heartbeat-0-b803f372-9e1f-464a-b267-d9d28580aeee>.
I0906 15:29:42.073980       1 predicate_helper.go:115] Predicates failed: task volcano-tests/after-heartbeat-0-worker-1 on node volcano-lab-control-plane fit failed: node(s) had untolerated taint(s)
I0906 15:29:42.074005       1 util.go:238] counts= [{1 NVIDIA 30 101 20}]
I0906 15:29:42.074030       1 utils.go:399] "Allocating device for container" request={"Nums":1,"Type":"NVIDIA","Memreq":30,"MemPercentagereq":101,"Coresreq":20}
I0906 15:29:42.074029       1 util.go:238] counts= [{1 NVIDIA 30 101 20}]
I0906 15:29:42.074077       1 utils.go:402] "Scoring pod request" memReq=30 memPercentageReq=101 coresReq=20 Nums=1 Index=0 ID=0
I0906 15:29:42.074092       1 utils.go:399] "Allocating device for container" request={"Nums":1,"Type":"NVIDIA","Memreq":30,"MemPercentagereq":101,"Coresreq":20}
I0906 15:29:42.074099       1 utils.go:403] "Current Device" Index=0 TotalMemory=409 UsedMemory=0 UsedCores=0 UsedNum=0 Number=10 replicate=true
I0906 15:29:42.074110       1 utils.go:402] "Scoring pod request" memReq=30 memPercentageReq=101 coresReq=20 Nums=1 Index=0 ID=0
I0906 15:29:42.074111       1 utils.go:449] fitted uuid: GPU-22345678-1234-1234-1234-123456780000
I0906 15:29:42.074126       1 utils.go:403] "Current Device" Index=0 TotalMemory=409 UsedMemory=0 UsedCores=0 UsedNum=0 Number=10 replicate=true
I0906 15:29:42.074143       1 utils.go:449] fitted uuid: GPU-12345678-1234-1234-1234-123456780000
I0906 15:29:42.074162       1 reclaim.go:185] Considering Task <volcano-tests/after-heartbeat-0-worker-1> on Node <volcano-lab-worker2>.
I0906 15:29:42.074171       1 reclaim.go:185] Considering Task <volcano-tests/after-heartbeat-0-worker-1> on Node <volcano-lab-worker>.
I0906 15:29:42.074184       1 reclaim.go:135] No preemptor task in job <volcano-tests/after-heartbeat-0-b803f372-9e1f-464a-b267-d9d28580aeee>.
I0906 15:29:42.074193       1 statement.go:366] Discarding operations ...
I0906 15:29:42.074223       1 allocate.go:138] Try to allocate resource to 1 Queues
I0906 15:29:42.074242       1 allocate.go:328] "Try to allocate resource" queue="lab" job="volcano-tests/after-heartbeat-0-b803f372-9e1f-464a-b267-d9d28580aeee" taskNum=2
I0906 15:29:42.074261       1 allocate.go:757] There are <3> nodes for Job <volcano-tests/after-heartbeat-0-b803f372-9e1f-464a-b267-d9d28580aeee>
I0906 15:29:42.074320       1 predicate_helper.go:115] Predicates failed: task volcano-tests/after-heartbeat-0-worker-0 on node volcano-lab-control-plane fit failed: Insufficient volcano.sh/vgpu-cores
I0906 15:29:42.074353       1 util.go:238] counts= [{1 NVIDIA 30 101 20}]
I0906 15:29:42.074362       1 utils.go:399] "Allocating device for container" request={"Nums":1,"Type":"NVIDIA","Memreq":30,"MemPercentagereq":101,"Coresreq":20}
I0906 15:29:42.074363       1 util.go:238] counts= [{1 NVIDIA 30 101 20}]
I0906 15:29:42.074383       1 utils.go:399] "Allocating device for container" request={"Nums":1,"Type":"NVIDIA","Memreq":30,"MemPercentagereq":101,"Coresreq":20}
I0906 15:29:42.074396       1 utils.go:402] "Scoring pod request" memReq=30 memPercentageReq=101 coresReq=20 Nums=1 Index=0 ID=0
I0906 15:29:42.074408       1 utils.go:403] "Current Device" Index=0 TotalMemory=409 UsedMemory=0 UsedCores=0 UsedNum=0 Number=10 replicate=true
I0906 15:29:42.074419       1 utils.go:449] fitted uuid: GPU-22345678-1234-1234-1234-123456780000
I0906 15:29:42.074368       1 utils.go:402] "Scoring pod request" memReq=30 memPercentageReq=101 coresReq=20 Nums=1 Index=0 ID=0
I0906 15:29:42.074440       1 utils.go:403] "Current Device" Index=0 TotalMemory=409 UsedMemory=0 UsedCores=0 UsedNum=0 Number=10 replicate=true
I0906 15:29:42.074449       1 utils.go:449] fitted uuid: GPU-12345678-1234-1234-1234-123456780000
I0906 15:29:42.074604       1 allocate.go:934] Binding Task <volcano-tests/after-heartbeat-0-worker-0> to node <volcano-lab-worker>
E0906 15:29:42.074614       1 device_info.go:189] pod after-heartbeat-0-worker-0 has no annotation volcano.sh/devices-to-allocate
I0906 15:29:42.074618       1 statement.go:277] After allocated Task <volcano-tests/after-heartbeat-0-worker-0> to Node <volcano-lab-worker>: idle <cpu 11290.00, memory 27959619584.00, ephemeral-storage 1005867986944000.00, hugepages-1Gi 0.00, hugepages-2Mi 0.00, pods 103.00, volcano.sh/vgpu-cores 180000.00, volcano.sh/vgpu-memory 788000.00, volcano.sh/vgpu-number 19000.00>, used <cpu 710.00, memory 1193279488.00, pods 7.00, volcano.sh/vgpu-cores 20000.00, volcano.sh/vgpu-memory 30000.00, volcano.sh/vgpu-number 1000.00>, releasing <cpu 0.00, memory 0.00>
I0906 15:29:42.074652       1 util.go:238] counts= [{1 NVIDIA 30 101 20}]
I0906 15:29:42.074658       1 utils.go:399] "Allocating device for container" request={"Nums":1,"Type":"NVIDIA","Memreq":30,"MemPercentagereq":101,"Coresreq":20}
I0906 15:29:42.074664       1 utils.go:402] "Scoring pod request" memReq=30 memPercentageReq=101 coresReq=20 Nums=1 Index=0 ID=0
I0906 15:29:42.074668       1 utils.go:403] "Current Device" Index=0 TotalMemory=409 UsedMemory=0 UsedCores=0 UsedNum=0 Number=10 replicate=false
I0906 15:29:42.074673       1 utils.go:449] fitted uuid: GPU-12345678-1234-1234-1234-123456780000
I0906 15:29:42.091661       1 device_info.go:343] DeviceSharing:Allocate Success
I0906 15:29:42.091729       1 statement.go:307] Allocating operations ...
I0906 15:29:42.091762       1 allocate.go:757] There are <3> nodes for Job <volcano-tests/after-heartbeat-0-b803f372-9e1f-464a-b267-d9d28580aeee>
I0906 15:29:42.091861       1 util.go:238] counts= [{1 NVIDIA 30 101 20}]
I0906 15:29:42.091872       1 util.go:238] counts= [{1 NVIDIA 30 101 20}]
I0906 15:29:42.091884       1 utils.go:399] "Allocating device for container" request={"Nums":1,"Type":"NVIDIA","Memreq":30,"MemPercentagereq":101,"Coresreq":20}
I0906 15:29:42.091895       1 utils.go:402] "Scoring pod request" memReq=30 memPercentageReq=101 coresReq=20 Nums=1 Index=0 ID=0
I0906 15:29:42.091903       1 utils.go:403] "Current Device" Index=0 TotalMemory=409 UsedMemory=0 UsedCores=0 UsedNum=0 Number=10 replicate=true
I0906 15:29:42.091913       1 utils.go:449] fitted uuid: GPU-22345678-1234-1234-1234-123456780000
I0906 15:29:42.091915       1 utils.go:399] "Allocating device for container" request={"Nums":1,"Type":"NVIDIA","Memreq":30,"MemPercentagereq":101,"Coresreq":20}
I0906 15:29:42.091967       1 utils.go:402] "Scoring pod request" memReq=30 memPercentageReq=101 coresReq=20 Nums=1 Index=1 ID=1
I0906 15:29:42.091987       1 utils.go:403] "Current Device" Index=1 TotalMemory=409 UsedMemory=0 UsedCores=0 UsedNum=0 Number=10 replicate=true
I0906 15:29:42.092028       1 utils.go:449] fitted uuid: GPU-12345678-1234-1234-1234-123456780001
I0906 15:29:42.092137       1 allocate.go:934] Binding Task <volcano-tests/after-heartbeat-0-worker-1> to node <volcano-lab-worker>
E0906 15:29:42.092155       1 device_info.go:189] pod after-heartbeat-0-worker-1 has no annotation volcano.sh/devices-to-allocate
I0906 15:29:42.092162       1 statement.go:277] After allocated Task <volcano-tests/after-heartbeat-0-worker-1> to Node <volcano-lab-worker>: idle <cpu 11190.00, memory 27926065152.00, ephemeral-storage 1005867986944000.00, hugepages-1Gi 0.00, hugepages-2Mi 0.00, pods 102.00, volcano.sh/vgpu-cores 160000.00, volcano.sh/vgpu-memory 758000.00, volcano.sh/vgpu-number 18000.00>, used <cpu 810.00, memory 1226833920.00, pods 8.00, volcano.sh/vgpu-cores 40000.00, volcano.sh/vgpu-memory 60000.00, volcano.sh/vgpu-number 2000.00>, releasing <cpu 0.00, memory 0.00>
I0906 15:29:42.092209       1 util.go:238] counts= [{1 NVIDIA 30 101 20}]
I0906 15:29:42.092220       1 utils.go:399] "Allocating device for container" request={"Nums":1,"Type":"NVIDIA","Memreq":30,"MemPercentagereq":101,"Coresreq":20}
I0906 15:29:42.092229       1 utils.go:402] "Scoring pod request" memReq=30 memPercentageReq=101 coresReq=20 Nums=1 Index=1 ID=1
I0906 15:29:42.092237       1 utils.go:403] "Current Device" Index=1 TotalMemory=409 UsedMemory=0 UsedCores=0 UsedNum=0 Number=10 replicate=false
I0906 15:29:42.092244       1 utils.go:449] fitted uuid: GPU-12345678-1234-1234-1234-123456780001
I0906 15:29:42.099966       1 device_info.go:343] DeviceSharing:Allocate Success
I0906 15:29:42.100076       1 statement.go:307] Allocating operations ...
I0906 15:29:42.100134       1 allocate.go:833] "SubJob ready, return statement" job="volcano-tests/after-heartbeat-0-b803f372-9e1f-464a-b267-d9d28580aeee" subJob="volcano-tests/after-heartbeat-0-b803f372-9e1f-464a-b267-d9d28580aeee"
I0906 15:29:42.100151       1 statement.go:393] Committing operations ...
I0906 15:29:42.100261       1 proportion.go:326] Queue <lab> is overused: deserved <cpu 200.00, memory 67108864.00, ephemeral-storage 0.00, hugepages-1Gi 0.00, hugepages-2Mi 0.00, pods 2.00, volcano.sh/vgpu-cores 40000.00, volcano.sh/vgpu-memory 60000.00, volcano.sh/vgpu-number 2000.00>, allocated <cpu 200.00, memory 67108864.00, pods 2.00, volcano.sh/vgpu-cores 40000.00, volcano.sh/vgpu-memory 60000.00, volcano.sh/vgpu-number 2000.00>, share <1>
I0906 15:29:42.100312       1 allocate.go:295] Queue <lab> is overused, ignore it.
E0906 15:29:42.118419       1 device_info.go:159] pod after-heartbeat-0-worker-1 has no annotation volcano.sh/devices-to-allocate
E0906 15:29:42.118432       1 device_info.go:159] pod after-heartbeat-0-worker-0 has no annotation volcano.sh/devices-to-allocate
I0906 15:29:42.122336       1 cache.go:992] bind ok, latency 9.811188ms
I0906 15:29:42.132833       1 cache.go:992] bind ok, latency 20.312413ms
I0906 15:29:42.147175       1 session.go:577] Close Session 9c860b64-bdb4-4ff9-ab18-c6b1c66b888f
I0906 15:29:43.147833       1 device_info.go:111] GPU sharing mode:  hami-core
I0906 15:29:43.147867       1 device_info.go:113] "Nvidia Device registered name" name="volcano-lab-worker" val={"ID":0,"Node":"volcano-lab-worker","UUID":"GPU-12345678-1234-1234-1234-123456780000","PodMap":{},"Memory":409,"Number":10,"Type":"NVIDIA-NVIDIA A100-SXM4-40GB","Health":true,"UsedNum":0,"UsedMem":0,"UsedCore":0,"MigTemplate":[],"MigUsage":{"Index":-1,"UsageList":null}}
I0906 15:29:43.147897       1 device_info.go:113] "Nvidia Device registered name" name="volcano-lab-worker" val={"ID":1,"Node":"volcano-lab-worker","UUID":"GPU-12345678-1234-1234-1234-123456780001","PodMap":{},"Memory":409,"Number":10,"Type":"NVIDIA-NVIDIA A100-SXM4-40GB","Health":true,"UsedNum":0,"UsedMem":0,"UsedCore":0,"MigTemplate":[],"MigUsage":{"Index":-1,"UsageList":null}}
I0906 15:29:43.147920       1 device_info.go:111] GPU sharing mode:  hami-core
I0906 15:29:43.147933       1 device_info.go:113] "Nvidia Device registered name" name="volcano-lab-worker" val={"ID":0,"Node":"volcano-lab-worker","UUID":"GPU-12345678-1234-1234-1234-123456780000","PodMap":{},"Memory":409,"Number":10,"Type":"NVIDIA-NVIDIA A100-SXM4-40GB","Health":true,"UsedNum":0,"UsedMem":0,"UsedCore":0,"MigTemplate":[],"MigUsage":{"Index":-1,"UsageList":null}}
I0906 15:29:43.147945       1 device_info.go:113] "Nvidia Device registered name" name="volcano-lab-worker" val={"ID":1,"Node":"volcano-lab-worker","UUID":"GPU-12345678-1234-1234-1234-123456780001","PodMap":{},"Memory":409,"Number":10,"Type":"NVIDIA-NVIDIA A100-SXM4-40GB","Health":true,"UsedNum":0,"UsedMem":0,"UsedCore":0,"MigTemplate":[],"MigUsage":{"Index":-1,"UsageList":null}}
E0906 15:29:43.147958       1 device_info.go:189] pod grafana-7c5659d458-xrbnn has no annotation volcano.sh/devices-to-allocate
E0906 15:29:43.147970       1 device_info.go:189] pod kindnet-k2m7h has no annotation volcano.sh/devices-to-allocate
E0906 15:29:43.147985       1 device_info.go:189] pod mock1-nvml-mock-9rgh9 has no annotation volcano.sh/devices-to-allocate
E0906 15:29:43.147998       1 device_info.go:189] pod volcano-scheduler-75847d877-kglkg has no annotation volcano.sh/devices-to-allocate
E0906 15:29:43.148010       1 device_info.go:189] pod kube-proxy-btcmr has no annotation volcano.sh/devices-to-allocate
E0906 15:29:43.148071       1 device_info.go:189] pod volcano-device-plugin-2sg22 has no annotation volcano.sh/devices-to-allocate
I0906 15:29:43.148136       1 device_info.go:111] GPU sharing mode:  hami-core
I0906 15:29:43.148157       1 device_info.go:113] "Nvidia Device registered name" name="volcano-lab-worker2" val={"ID":0,"Node":"volcano-lab-worker2","UUID":"GPU-22345678-1234-1234-1234-123456780000","PodMap":{},"Memory":409,"Number":10,"Type":"NVIDIA-NVIDIA A100-SXM4-40GB","Health":true,"UsedNum":0,"UsedMem":0,"UsedCore":0,"MigTemplate":[],"MigUsage":{"Index":-1,"UsageList":null}}
I0906 15:29:43.148175       1 device_info.go:113] "Nvidia Device registered name" name="volcano-lab-worker2" val={"ID":1,"Node":"volcano-lab-worker2","UUID":"GPU-22345678-1234-1234-1234-123456780001","PodMap":{},"Memory":409,"Number":10,"Type":"NVIDIA-NVIDIA A100-SXM4-40GB","Health":true,"UsedNum":0,"UsedMem":0,"UsedCore":0,"MigTemplate":[],"MigUsage":{"Index":-1,"UsageList":null}}
I0906 15:29:43.148197       1 device_info.go:111] GPU sharing mode:  hami-core
I0906 15:29:43.148214       1 device_info.go:113] "Nvidia Device registered name" name="volcano-lab-worker2" val={"ID":0,"Node":"volcano-lab-worker2","UUID":"GPU-22345678-1234-1234-1234-123456780000","PodMap":{},"Memory":409,"Number":10,"Type":"NVIDIA-NVIDIA A100-SXM4-40GB","Health":true,"UsedNum":0,"UsedMem":0,"UsedCore":0,"MigTemplate":[],"MigUsage":{"Index":-1,"UsageList":null}}
I0906 15:29:43.148234       1 device_info.go:113] "Nvidia Device registered name" name="volcano-lab-worker2" val={"ID":1,"Node":"volcano-lab-worker2","UUID":"GPU-22345678-1234-1234-1234-123456780001","PodMap":{},"Memory":409,"Number":10,"Type":"NVIDIA-NVIDIA A100-SXM4-40GB","Health":true,"UsedNum":0,"UsedMem":0,"UsedCore":0,"MigTemplate":[],"MigUsage":{"Index":-1,"UsageList":null}}
E0906 15:29:43.148251       1 device_info.go:189] pod prometheus-deployment-7cb9b4545b-h2fz4 has no annotation volcano.sh/devices-to-allocate
E0906 15:29:43.148259       1 device_info.go:189] pod volcano-device-plugin-jj26z has no annotation volcano.sh/devices-to-allocate
E0906 15:29:43.148275       1 device_info.go:189] pod kube-state-metrics-5ffcdf767c-gf9d5 has no annotation volcano.sh/devices-to-allocate
E0906 15:29:43.148286       1 device_info.go:189] pod mock2-nvml-mock-mtnbp has no annotation volcano.sh/devices-to-allocate
E0906 15:29:43.148296       1 device_info.go:189] pod kindnet-5whpw has no annotation volcano.sh/devices-to-allocate
E0906 15:29:43.148306       1 device_info.go:189] pod kube-proxy-gwssg has no annotation volcano.sh/devices-to-allocate
E0906 15:29:43.148320       1 device_info.go:189] pod volcano-admission-5b979dc8f6-8rdzl has no annotation volcano.sh/devices-to-allocate
E0906 15:29:43.148330       1 device_info.go:189] pod volcano-controllers-5b976c6d4b-rkqw6 has no annotation volcano.sh/devices-to-allocate
I0906 15:29:43.148439       1 cache.go:1581] "SnapShot for scheduling" jobNum=1 QueueNum=3 NodeNum=3
I0906 15:29:43.148458       1 session.go:1036] Start adjusting jobs' network topology spec according to hyperNodeTierNameMap map[]
I0906 15:29:43.148475       1 session.go:1079] Finish adjusting jobs' network topology spec according to hyperNodeTierNameMap map[]
I0906 15:29:43.148497       1 session.go:279] Open Session 4ae011d9-8aea-4ffa-985f-36779252ae0e with <1> Job and <3> Queues. HyperNodesReadyToSchedule: true
I0906 15:29:43.148866       1 gpuexclusive.go:437] gpuexclusive: no rules configured, skipping GPU exclusivity wrapping
I0906 15:29:43.148882       1 enqueue.go:79] Try to enqueue PodGroup to 0 Queues
I0906 15:29:43.148888       1 reclaim.go:68] There are <1> Jobs and <3> Queues in total for scheduling.
I0906 15:29:43.148901       1 proportion.go:326] Queue <lab> is overused: deserved <cpu 200.00, memory 67108864.00, ephemeral-storage 0.00, hugepages-1Gi 0.00, hugepages-2Mi 0.00, pods 2.00, volcano.sh/vgpu-cores 40000.00, volcano.sh/vgpu-memory 60000.00, volcano.sh/vgpu-number 2000.00>, allocated <cpu 200.00, memory 67108864.00, pods 2.00, volcano.sh/vgpu-cores 40000.00, volcano.sh/vgpu-memory 60000.00, volcano.sh/vgpu-number 2000.00>, share <1>
I0906 15:29:43.148920       1 reclaim.go:112] Queue <lab> is overused, ignore it.
I0906 15:29:43.148940       1 allocate.go:138] Try to allocate resource to 0 Queues
I0906 15:29:43.158566       1 session.go:577] Close Session 4ae011d9-8aea-4ffa-985f-36779252ae0e
