2026/09/06 15:30:16 maxprocs: Leaving GOMAXPROCS=12: CPU quota undefined
I0906 15:30:16.417202       1 flags.go:57] FLAG: --add-dir-header="false"
I0906 15:30:16.417214       1 flags.go:57] FLAG: --alsologtostderr="false"
I0906 15:30:16.417217       1 flags.go:57] FLAG: --alsologtostderrthreshold="0"
I0906 15:30:16.417219       1 flags.go:57] FLAG: --ca-cert-file=""
I0906 15:30:16.417222       1 flags.go:57] FLAG: --cache-dump-dir="/tmp"
I0906 15:30:16.417224       1 flags.go:57] FLAG: --cache-dumper="true"
I0906 15:30:16.417227       1 flags.go:57] FLAG: --csi-storage="false"
I0906 15:30:16.417229       1 flags.go:57] FLAG: --default-queue="default"
I0906 15:30:16.417231       1 flags.go:57] FLAG: --disable-default-scheduler-config="false"
I0906 15:30:16.417232       1 flags.go:57] FLAG: --enable-healthz="true"
I0906 15:30:16.417234       1 flags.go:57] FLAG: --enable-metrics="true"
I0906 15:30:16.417236       1 flags.go:57] FLAG: --enable-pprof="false"
I0906 15:30:16.417238       1 flags.go:57] FLAG: --feature-gates=""
I0906 15:30:16.417241       1 flags.go:57] FLAG: --gate-removal-worker-num="5"
I0906 15:30:16.417243       1 flags.go:57] FLAG: --healthz-address=":11251"
I0906 15:30:16.417245       1 flags.go:57] FLAG: --ignored-provisioners="[]"
I0906 15:30:16.417249       1 flags.go:57] FLAG: --kube-api-burst="2000"
I0906 15:30:16.417251       1 flags.go:57] FLAG: --kube-api-qps="2000"
I0906 15:30:16.417254       1 flags.go:57] FLAG: --kubeconfig=""
I0906 15:30:16.417256       1 flags.go:57] FLAG: --leader-elect="false"
I0906 15:30:16.417257       1 flags.go:57] FLAG: --leader-elect-lease-duration="15s"
I0906 15:30:16.417260       1 flags.go:57] FLAG: --leader-elect-renew-deadline="10s"
I0906 15:30:16.417262       1 flags.go:57] FLAG: --leader-elect-resource-lock="leases"
I0906 15:30:16.417264       1 flags.go:57] FLAG: --leader-elect-resource-name="volcano"
I0906 15:30:16.417266       1 flags.go:57] FLAG: --leader-elect-resource-namespace="volcano-system"
I0906 15:30:16.417268       1 flags.go:57] FLAG: --leader-elect-retry-period="2s"
I0906 15:30:16.417270       1 flags.go:57] FLAG: --legacy-stderr-threshold-behavior="false"
I0906 15:30:16.417272       1 flags.go:57] FLAG: --listen-address=":8080"
I0906 15:30:16.417273       1 flags.go:57] FLAG: --lock-object-namespace=""
I0906 15:30:16.417275       1 flags.go:57] FLAG: --log-backtrace-at=":0"
I0906 15:30:16.417278       1 flags.go:57] FLAG: --log-dir=""
I0906 15:30:16.417283       1 flags.go:57] FLAG: --log-file=""
I0906 15:30:16.417287       1 flags.go:57] FLAG: --log-file-max-size="1800"
I0906 15:30:16.417289       1 flags.go:57] FLAG: --log-flush-frequency="5s"
I0906 15:30:16.417291       1 flags.go:57] FLAG: --logtostderr="true"
I0906 15:30:16.417293       1 flags.go:57] FLAG: --master=""
I0906 15:30:16.417295       1 flags.go:57] FLAG: --minimum-feasible-nodes="100"
I0906 15:30:16.417302       1 flags.go:57] FLAG: --minimum-percentage-nodes-to-find="5"
I0906 15:30:16.417303       1 flags.go:57] FLAG: --node-selector="[]"
I0906 15:30:16.417306       1 flags.go:57] FLAG: --node-worker-threads="20"
I0906 15:30:16.417308       1 flags.go:57] FLAG: --one-output="false"
I0906 15:30:16.417310       1 flags.go:57] FLAG: --percentage-nodes-to-find="0"
I0906 15:30:16.417312       1 flags.go:57] FLAG: --plugins-dir=""
I0906 15:30:16.417314       1 flags.go:57] FLAG: --priority-class="true"
I0906 15:30:16.417316       1 flags.go:57] FLAG: --resource-sync-timeout="1m0s"
I0906 15:30:16.417318       1 flags.go:57] FLAG: --resync-period="0s"
I0906 15:30:16.417320       1 flags.go:57] FLAG: --schedule-period="1s"
I0906 15:30:16.417322       1 flags.go:57] FLAG: --scheduler-conf="/volcano.scheduler/volcano-scheduler.conf"
I0906 15:30:16.417324       1 flags.go:57] FLAG: --scheduler-name="[volcano]"
I0906 15:30:16.417330       1 flags.go:57] FLAG: --scheduler-sharding-mode="none"
I0906 15:30:16.417332       1 flags.go:57] FLAG: --scheduler-sharding-name="volcano"
I0906 15:30:16.417334       1 flags.go:57] FLAG: --skip-headers="false"
I0906 15:30:16.417335       1 flags.go:57] FLAG: --skip-log-headers="false"
I0906 15:30:16.417340       1 flags.go:57] FLAG: --stderrthreshold="0"
I0906 15:30:16.417342       1 flags.go:57] FLAG: --tls-cert-file=""
I0906 15:30:16.417344       1 flags.go:57] FLAG: --tls-private-key-file=""
I0906 15:30:16.417345       1 flags.go:57] FLAG: --v="3"
I0906 15:30:16.417348       1 flags.go:57] FLAG: --version="false"
I0906 15:30:16.417350       1 flags.go:57] FLAG: --vmodule=""
W0906 15:30:16.417374       1 client_config.go:682] Neither --kubeconfig nor --master was specified.  Using the inClusterConfig.  This might not work.
I0906 15:30:16.421128       1 registry.go:397] setting kube:feature gate emulation version to 1.35, min compatibility version to 1.34
I0906 15:30:16.421386       1 cache.go:537] Creating default queue and root queue
I0906 15:30:16.422910       1 cache.go:469] Queue root already exists, skip creating.
I0906 15:30:16.424304       1 cache.go:469] Queue default already exists, skip creating.
I0906 15:30:16.424609       1 cache.go:598] no registered bind method, new a default one
I0906 15:30:16.425743       1 scheduler.go:159] Finished loading scheduler config. Final state: actions=[enqueue reclaim allocate backfill preempt], plugins=[priority gang conformance drf predicates proportion nodeorder binpack deviceshare]
I0906 15:30:16.425851       1 reflector.go:367] "Starting reflector" type="*v1.ResourceQuota" resyncPeriod="0s" reflector="pkg/mod/k8s.io/client-go@v0.35.3/tools/cache/reflector.go:289"
I0906 15:30:16.425865       1 reflector.go:411] "Listing and watching" type="*v1.ResourceQuota" reflector="pkg/mod/k8s.io/client-go@v0.35.3/tools/cache/reflector.go:289"
I0906 15:30:16.425866       1 reflector.go:367] "Starting reflector" type="*v1.PersistentVolumeClaim" resyncPeriod="0s" reflector="pkg/mod/k8s.io/client-go@v0.35.3/tools/cache/reflector.go:289"
I0906 15:30:16.425874       1 reflector.go:367] "Starting reflector" type="*v1.ResourceClaim" resyncPeriod="0s" reflector="pkg/mod/k8s.io/client-go@v0.35.3/tools/cache/reflector.go:289"
I0906 15:30:16.425878       1 reflector.go:411] "Listing and watching" type="*v1.PersistentVolumeClaim" reflector="pkg/mod/k8s.io/client-go@v0.35.3/tools/cache/reflector.go:289"
I0906 15:30:16.425880       1 reflector.go:367] "Starting reflector" type="*v1.ReplicationController" resyncPeriod="0s" reflector="pkg/mod/k8s.io/client-go@v0.35.3/tools/cache/reflector.go:289"
I0906 15:30:16.425885       1 reflector.go:411] "Listing and watching" type="*v1.ResourceClaim" reflector="pkg/mod/k8s.io/client-go@v0.35.3/tools/cache/reflector.go:289"
I0906 15:30:16.425889       1 reflector.go:411] "Listing and watching" type="*v1.ReplicationController" reflector="pkg/mod/k8s.io/client-go@v0.35.3/tools/cache/reflector.go:289"
I0906 15:30:16.425914       1 reflector.go:367] "Starting reflector" type="*v1.VolumeAttachment" resyncPeriod="0s" reflector="pkg/mod/k8s.io/client-go@v0.35.3/tools/cache/reflector.go:289"
I0906 15:30:16.425928       1 reflector.go:411] "Listing and watching" type="*v1.VolumeAttachment" reflector="pkg/mod/k8s.io/client-go@v0.35.3/tools/cache/reflector.go:289"
I0906 15:30:16.425879       1 reflector.go:367] "Starting reflector" type="*v1.PriorityClass" resyncPeriod="0s" reflector="pkg/mod/k8s.io/client-go@v0.35.3/tools/cache/reflector.go:289"
I0906 15:30:16.425940       1 reflector.go:411] "Listing and watching" type="*v1.PriorityClass" reflector="pkg/mod/k8s.io/client-go@v0.35.3/tools/cache/reflector.go:289"
I0906 15:30:16.425938       1 reflector.go:367] "Starting reflector" type="*v1.Node" resyncPeriod="0s" reflector="pkg/mod/k8s.io/client-go@v0.35.3/tools/cache/reflector.go:289"
I0906 15:30:16.425945       1 reflector.go:367] "Starting reflector" type="*v1.Namespace" resyncPeriod="0s" reflector="pkg/mod/k8s.io/client-go@v0.35.3/tools/cache/reflector.go:289"
I0906 15:30:16.425950       1 reflector.go:411] "Listing and watching" type="*v1.Node" reflector="pkg/mod/k8s.io/client-go@v0.35.3/tools/cache/reflector.go:289"
I0906 15:30:16.425953       1 reflector.go:411] "Listing and watching" type="*v1.Namespace" reflector="pkg/mod/k8s.io/client-go@v0.35.3/tools/cache/reflector.go:289"
I0906 15:30:16.425963       1 reflector.go:367] "Starting reflector" type="*v1.ResourceSlice" resyncPeriod="0s" reflector="pkg/mod/k8s.io/client-go@v0.35.3/tools/cache/reflector.go:289"
I0906 15:30:16.425972       1 reflector.go:411] "Listing and watching" type="*v1.ResourceSlice" reflector="pkg/mod/k8s.io/client-go@v0.35.3/tools/cache/reflector.go:289"
I0906 15:30:16.425977       1 reflector.go:367] "Starting reflector" type="*v1beta1.Queue" resyncPeriod="0s" reflector="pkg/mod/k8s.io/client-go@v0.35.3/tools/cache/reflector.go:289"
I0906 15:30:16.425997       1 reflector.go:367] "Starting reflector" type="*v1alpha1.Numatopology" resyncPeriod="0s" reflector="pkg/mod/k8s.io/client-go@v0.35.3/tools/cache/reflector.go:289"
I0906 15:30:16.425994       1 reflector.go:367] "Starting reflector" type="*v1.Pod" resyncPeriod="0s" reflector="pkg/mod/k8s.io/client-go@v0.35.3/tools/cache/reflector.go:289"
I0906 15:30:16.426007       1 reflector.go:367] "Starting reflector" type="*v1.PersistentVolume" resyncPeriod="0s" reflector="pkg/mod/k8s.io/client-go@v0.35.3/tools/cache/reflector.go:289"
I0906 15:30:16.425853       1 reflector.go:367] "Starting reflector" type="*v1.ReplicaSet" resyncPeriod="0s" reflector="pkg/mod/k8s.io/client-go@v0.35.3/tools/cache/reflector.go:289"
I0906 15:30:16.426016       1 reflector.go:411] "Listing and watching" type="*v1.PersistentVolume" reflector="pkg/mod/k8s.io/client-go@v0.35.3/tools/cache/reflector.go:289"
I0906 15:30:16.426020       1 reflector.go:411] "Listing and watching" type="*v1.Pod" reflector="pkg/mod/k8s.io/client-go@v0.35.3/tools/cache/reflector.go:289"
I0906 15:30:16.426021       1 reflector.go:411] "Listing and watching" type="*v1.ReplicaSet" reflector="pkg/mod/k8s.io/client-go@v0.35.3/tools/cache/reflector.go:289"
I0906 15:30:16.426035       1 reflector.go:367] "Starting reflector" type="*v1beta1.PodGroup" resyncPeriod="0s" reflector="pkg/mod/k8s.io/client-go@v0.35.3/tools/cache/reflector.go:289"
I0906 15:30:16.426058       1 reflector.go:411] "Listing and watching" type="*v1beta1.PodGroup" reflector="pkg/mod/k8s.io/client-go@v0.35.3/tools/cache/reflector.go:289"
I0906 15:30:16.426009       1 reflector.go:411] "Listing and watching" type="*v1alpha1.Numatopology" reflector="pkg/mod/k8s.io/client-go@v0.35.3/tools/cache/reflector.go:289"
I0906 15:30:16.426074       1 reflector.go:367] "Starting reflector" type="*v1.Service" resyncPeriod="0s" reflector="pkg/mod/k8s.io/client-go@v0.35.3/tools/cache/reflector.go:289"
I0906 15:30:16.426080       1 reflector.go:367] "Starting reflector" type="*v1.StatefulSet" resyncPeriod="0s" reflector="pkg/mod/k8s.io/client-go@v0.35.3/tools/cache/reflector.go:289"
I0906 15:30:16.426086       1 reflector.go:367] "Starting reflector" type="*v1.DeviceClass" resyncPeriod="0s" reflector="pkg/mod/k8s.io/client-go@v0.35.3/tools/cache/reflector.go:289"
I0906 15:30:16.426002       1 reflector.go:411] "Listing and watching" type="*v1beta1.Queue" reflector="pkg/mod/k8s.io/client-go@v0.35.3/tools/cache/reflector.go:289"
I0906 15:30:16.426094       1 reflector.go:411] "Listing and watching" type="*v1.StatefulSet" reflector="pkg/mod/k8s.io/client-go@v0.35.3/tools/cache/reflector.go:289"
I0906 15:30:16.426086       1 reflector.go:411] "Listing and watching" type="*v1.Service" reflector="pkg/mod/k8s.io/client-go@v0.35.3/tools/cache/reflector.go:289"
I0906 15:30:16.425961       1 reflector.go:367] "Starting reflector" type="*v1alpha1.HyperNode" resyncPeriod="0s" reflector="pkg/mod/k8s.io/client-go@v0.35.3/tools/cache/reflector.go:289"
I0906 15:30:16.426113       1 reflector.go:411] "Listing and watching" type="*v1alpha1.HyperNode" reflector="pkg/mod/k8s.io/client-go@v0.35.3/tools/cache/reflector.go:289"
I0906 15:30:16.425910       1 reflector.go:367] "Starting reflector" type="*v1.StorageClass" resyncPeriod="0s" reflector="pkg/mod/k8s.io/client-go@v0.35.3/tools/cache/reflector.go:289"
I0906 15:30:16.426117       1 reflector.go:367] "Starting reflector" type="*v1.CSINode" resyncPeriod="0s" reflector="pkg/mod/k8s.io/client-go@v0.35.3/tools/cache/reflector.go:289"
I0906 15:30:16.426123       1 reflector.go:411] "Listing and watching" type="*v1.StorageClass" reflector="pkg/mod/k8s.io/client-go@v0.35.3/tools/cache/reflector.go:289"
I0906 15:30:16.426125       1 reflector.go:367] "Starting reflector" type="*v1.PodDisruptionBudget" resyncPeriod="0s" reflector="pkg/mod/k8s.io/client-go@v0.35.3/tools/cache/reflector.go:289"
I0906 15:30:16.426132       1 reflector.go:411] "Listing and watching" type="*v1.PodDisruptionBudget" reflector="pkg/mod/k8s.io/client-go@v0.35.3/tools/cache/reflector.go:289"
I0906 15:30:16.426095       1 reflector.go:411] "Listing and watching" type="*v1.DeviceClass" reflector="pkg/mod/k8s.io/client-go@v0.35.3/tools/cache/reflector.go:289"
I0906 15:30:16.426126       1 reflector.go:411] "Listing and watching" type="*v1.CSINode" reflector="pkg/mod/k8s.io/client-go@v0.35.3/tools/cache/reflector.go:289"
I0906 15:30:16.427846       1 reflector.go:446] "Caches populated" type="*v1.ResourceQuota" reflector="pkg/mod/k8s.io/client-go@v0.35.3/tools/cache/reflector.go:289"
I0906 15:30:16.428451       1 reflector.go:446] "Caches populated" type="*v1.Namespace" reflector="pkg/mod/k8s.io/client-go@v0.35.3/tools/cache/reflector.go:289"
I0906 15:30:16.428725       1 reflector.go:446] "Caches populated" type="*v1.PriorityClass" reflector="pkg/mod/k8s.io/client-go@v0.35.3/tools/cache/reflector.go:289"
I0906 15:30:16.428777       1 reflector.go:446] "Caches populated" type="*v1.ReplicationController" reflector="pkg/mod/k8s.io/client-go@v0.35.3/tools/cache/reflector.go:289"
I0906 15:30:16.428799       1 reflector.go:446] "Caches populated" type="*v1.PersistentVolumeClaim" reflector="pkg/mod/k8s.io/client-go@v0.35.3/tools/cache/reflector.go:289"
I0906 15:30:16.428835       1 reflector.go:446] "Caches populated" type="*v1.StatefulSet" reflector="pkg/mod/k8s.io/client-go@v0.35.3/tools/cache/reflector.go:289"
I0906 15:30:16.428849       1 reflector.go:446] "Caches populated" type="*v1.VolumeAttachment" reflector="pkg/mod/k8s.io/client-go@v0.35.3/tools/cache/reflector.go:289"
I0906 15:30:16.428859       1 reflector.go:446] "Caches populated" type="*v1.StorageClass" reflector="pkg/mod/k8s.io/client-go@v0.35.3/tools/cache/reflector.go:289"
I0906 15:30:16.428912       1 reflector.go:446] "Caches populated" type="*v1.ResourceClaim" reflector="pkg/mod/k8s.io/client-go@v0.35.3/tools/cache/reflector.go:289"
I0906 15:30:16.429123       1 reflector.go:446] "Caches populated" type="*v1.PersistentVolume" reflector="pkg/mod/k8s.io/client-go@v0.35.3/tools/cache/reflector.go:289"
I0906 15:30:16.429190       1 reflector.go:446] "Caches populated" type="*v1.DeviceClass" reflector="pkg/mod/k8s.io/client-go@v0.35.3/tools/cache/reflector.go:289"
I0906 15:30:16.429254       1 reflector.go:446] "Caches populated" type="*v1.ResourceSlice" reflector="pkg/mod/k8s.io/client-go@v0.35.3/tools/cache/reflector.go:289"
I0906 15:30:16.429753       1 reflector.go:446] "Caches populated" type="*v1alpha1.Numatopology" reflector="pkg/mod/k8s.io/client-go@v0.35.3/tools/cache/reflector.go:289"
I0906 15:30:16.430198       1 reflector.go:446] "Caches populated" type="*v1.PodDisruptionBudget" reflector="pkg/mod/k8s.io/client-go@v0.35.3/tools/cache/reflector.go:289"
I0906 15:30:16.430855       1 reflector.go:446] "Caches populated" type="*v1.CSINode" reflector="pkg/mod/k8s.io/client-go@v0.35.3/tools/cache/reflector.go:289"
I0906 15:30:16.430288       1 reflector.go:446] "Caches populated" type="*v1beta1.PodGroup" reflector="pkg/mod/k8s.io/client-go@v0.35.3/tools/cache/reflector.go:289"
I0906 15:30:16.430701       1 reflector.go:446] "Caches populated" type="*v1.Node" reflector="pkg/mod/k8s.io/client-go@v0.35.3/tools/cache/reflector.go:289"
I0906 15:30:16.431201       1 reflector.go:446] "Caches populated" type="*v1alpha1.HyperNode" reflector="pkg/mod/k8s.io/client-go@v0.35.3/tools/cache/reflector.go:289"
I0906 15:30:16.431268       1 reflector.go:446] "Caches populated" type="*v1.Service" reflector="pkg/mod/k8s.io/client-go@v0.35.3/tools/cache/reflector.go:289"
I0906 15:30:16.431468       1 reflector.go:446] "Caches populated" type="*v1beta1.Queue" reflector="pkg/mod/k8s.io/client-go@v0.35.3/tools/cache/reflector.go:289"
I0906 15:30:16.432131       1 reflector.go:446] "Caches populated" type="*v1.ReplicaSet" reflector="pkg/mod/k8s.io/client-go@v0.35.3/tools/cache/reflector.go:289"
I0906 15:30:16.432787       1 reflector.go:446] "Caches populated" type="*v1.Pod" reflector="pkg/mod/k8s.io/client-go@v0.35.3/tools/cache/reflector.go:289"
W0906 15:30:16.432893       1 node_info.go:359] received argument of nil node, no need to set other resources for
W0906 15:30:16.432899       1 node_info.go:254] the argument node is null.
I0906 15:30:16.432905       1 event_handlers.go:421] Added pod <kube-system/kube-controller-manager-volcano-lab-control-plane> into cache.
I0906 15:30:16.432919       1 event_handlers.go:421] Added pod <kube-system/kube-scheduler-volcano-lab-control-plane> into cache.
I0906 15:30:16.432935       1 event_handlers.go:421] Added pod <local-path-storage/local-path-provisioner-67b8995b4b-cs4p4> into cache.
W0906 15:30:16.432943       1 node_info.go:359] received argument of nil node, no need to set other resources for
W0906 15:30:16.432945       1 node_info.go:254] the argument node is null.
I0906 15:30:16.432952       1 event_handlers.go:421] Added pod <volcano-system/grafana-7c5659d458-xrbnn> into cache.
W0906 15:30:16.432958       1 node_info.go:359] received argument of nil node, no need to set other resources for
W0906 15:30:16.432961       1 node_info.go:254] the argument node is null.
I0906 15:30:16.432964       1 event_handlers.go:421] Added pod <volcano-system/kube-state-metrics-5ffcdf767c-gf9d5> into cache.
I0906 15:30:16.432970       1 event_handlers.go:421] Added pod <volcano-system/volcano-admission-5b979dc8f6-8rdzl> into cache.
I0906 15:30:16.432975       1 event_handlers.go:421] Added pod <volcano-system/volcano-controllers-5b976c6d4b-rkqw6> into cache.
I0906 15:30:16.432982       1 event_handlers.go:421] Added pod <volcano-system/volcano-scheduler-c7d5bf6df-hhh7c> into cache.
I0906 15:30:16.432990       1 event_handlers.go:421] Added pod <kube-system/coredns-7d764666f9-vzd7n> into cache.
I0906 15:30:16.432999       1 event_handlers.go:421] Added pod <kube-system/kube-proxy-5ckcv> into cache.
I0906 15:30:16.433008       1 event_handlers.go:421] Added pod <kube-system/kube-proxy-gwssg> into cache.
I0906 15:30:16.433018       1 event_handlers.go:421] Added pod <kube-system/volcano-device-plugin-2sg22> into cache.
I0906 15:30:16.433033       1 event_handlers.go:421] Added pod <volcano-system/prometheus-deployment-7cb9b4545b-h2fz4> into cache.
I0906 15:30:16.433064       1 event_handlers.go:421] Added pod <volcano-system/volcano-scheduler-65f6496dc8-58jzd> into cache.
I0906 15:30:16.433082       1 event_handlers.go:421] Added pod <kube-system/coredns-7d764666f9-d2csr> into cache.
I0906 15:30:16.433093       1 event_handlers.go:421] Added pod <kube-system/etcd-volcano-lab-control-plane> into cache.
I0906 15:30:16.433102       1 event_handlers.go:421] Added pod <kube-system/kindnet-5whpw> into cache.
I0906 15:30:16.433110       1 event_handlers.go:421] Added pod <kube-system/volcano-device-plugin-jj26z> into cache.
I0906 15:30:16.433125       1 event_handlers.go:421] Added pod <mock-system/mock2-nvml-mock-mtnbp> into cache.
I0906 15:30:16.433134       1 event_handlers.go:421] Added pod <kube-system/kindnet-k2m7h> into cache.
I0906 15:30:16.433143       1 event_handlers.go:421] Added pod <kube-system/kindnet-xp5ff> into cache.
I0906 15:30:16.433150       1 event_handlers.go:421] Added pod <kube-system/kube-apiserver-volcano-lab-control-plane> into cache.
I0906 15:30:16.433155       1 event_handlers.go:421] Added pod <kube-system/kube-proxy-btcmr> into cache.
I0906 15:30:16.433161       1 event_handlers.go:421] Added pod <mock-system/mock1-nvml-mock-9rgh9> into cache.
I0906 15:30:16.526069       1 cache.go:877] Start metrics collection, metricsConf is map[]
I0906 15:30:16.526111       1 cache.go:882] The interval for querying metrics data is 30s
W0906 15:30:16.526195       1 node_info.go:359] received argument of nil node, no need to set other resources for
W0906 15:30:16.526221       1 node_info.go:254] the argument node is null.
I0906 15:30:16.526234       1 cache.go:885] scheduler wait for handlers sync
I0906 15:30:16.526275       1 event_handlers.go:765] "No need to update hyperNode cache when node added or deleted"
I0906 15:30:16.526289       1 cache.go:1758] The metrics type is not set in the volcano scheduler configmap file. As a result, the CPU and memory load information of the node is not collected.
I0906 15:30:16.526303       1 event_handlers.go:765] "No need to update hyperNode cache when node added or deleted"
I0906 15:30:16.526324       1 event_handlers.go:765] "No need to update hyperNode cache when node added or deleted"
I0906 15:30:16.526396       1 hyper_node_info.go:477] "HyperNode not exists in cache, maybe not created or not be watched, will set parent first" name="rack-a" parent="fabric"
I0906 15:30:16.526423       1 hyper_node_info.go:477] "HyperNode not exists in cache, maybe not created or not be watched, will set parent first" name="rack-b" parent="fabric"
W0906 15:30:16.526455       1 node_info.go:359] received argument of nil node, no need to set other resources for
W0906 15:30:16.526473       1 node_info.go:254] the argument node is null.
I0906 15:30:16.526582       1 hyper_node_info.go:332] "Successfully built RealNodesSet with members" name="fabric" nodeSets={}
I0906 15:30:16.526654       1 hyper_node_info.go:332] "Successfully built RealNodesSet with members" name="rack-a" nodeSets={"volcano-lab-worker":{}}
I0906 15:30:16.526690       1 hyper_node_info.go:332] "Successfully built RealNodesSet with members" name="fabric" nodeSets={"volcano-lab-worker":{}}
I0906 15:30:16.526729       1 hyper_node_info.go:332] "Successfully built RealNodesSet with members" name="rack-b" nodeSets={"volcano-lab-worker2":{}}
I0906 15:30:16.526758       1 hyper_node_info.go:332] "Successfully built RealNodesSet with members" name="fabric" nodeSets={"volcano-lab-worker":{},"volcano-lab-worker2":{}}
W0906 15:30:16.526844       1 node_info.go:359] received argument of nil node, no need to set other resources for
W0906 15:30:16.526863       1 node_info.go:254] the argument node is null.
I0906 15:30:16.626383       1 cache.go:887] scheduler finished handlers sync
I0906 15:30:16.626415       1 scheduler.go:114] Scheduler completes Initialization and start to run
I0906 15:30:16.626999       1 cache.go:1581] "SnapShot for scheduling" jobNum=0 QueueNum=3 NodeNum=3
I0906 15:30:16.627098       1 session.go:1036] Start adjusting jobs' network topology spec according to hyperNodeTierNameMap map[]
I0906 15:30:16.627121       1 session.go:1079] Finish adjusting jobs' network topology spec according to hyperNodeTierNameMap map[]
I0906 15:30:16.627141       1 session.go:279] Open Session eca395a7-2f85-49d5-b771-aa54dceeed0b with <0> Job and <3> Queues. HyperNodesReadyToSchedule: true
I0906 15:30:16.631093       1 config.go:164] "Initializing volcano device config" device-configs={"NvidiaConfig":{"ResourceCountName":"volcano.sh/vgpu-number","ResourceMemoryName":"volcano.sh/vgpu-memory","ResourceCoreName":"volcano.sh/vgpu-cores","ResourceMemoryPercentageName":"volcano.sh/vgpu-memory-percentage","ResourcePriority":"","OverwriteEnv":false,"DefaultMemory":0,"DefaultCores":0,"DefaultGPUNum":1,"DeviceSplitCount":10,"DeviceMemoryScaling":1,"DeviceCoreScaling":1,"DisableCoreLimit":false,"MigGeometriesList":[{"Models":["A30"],"Geometries":[{"Group":"group1","Instances":[{"Name":"1g.6gb","Memory":6144,"Count":4}]},{"Group":"group2","Instances":[{"Name":"2g.12gb","Memory":12288,"Count":2}]},{"Group":"group3","Instances":[{"Name":"4g.24gb","Memory":24576,"Count":1}]}]},{"Models":["A100-SXM4-40GB","A100-40GB-PCIe","A100-PCIE-40GB","A100-SXM4-40GB"],"Geometries":[{"Group":"group1","Instances":[{"Name":"1g.5gb","Memory":5120,"Count":7}]},{"Group":"group2","Instances":[{"Name":"2g.10gb","Memory":10240,"Count":3},{"Name":"1g.5gb","Memory":5120,"Count":1}]},{"Group":"group3","Instances":[{"Name":"3g.20gb","Memory":20480,"Count":2}]},{"Group":"group4","Instances":[{"Name":"7g.40gb","Memory":40960,"Count":1}]}]},{"Models":["A100-SXM4-80GB","A100-80GB-PCIe","A100-PCIE-80GB"],"Geometries":[{"Group":"group1","Instances":[{"Name":"1g.10gb","Memory":9728,"Count":7}]},{"Group":"group2","Instances":[{"Name":"2g.20gb","Memory":19968,"Count":3},{"Name":"1g.10gb","Memory":9728,"Count":1}]},{"Group":"group3","Instances":[{"Name":"3g.40gb","Memory":40192,"Count":2}]},{"Group":"group4","Instances":[{"Name":"7g.80gb","Memory":80896,"Count":1}]}]}],"GPUMemoryFactor":100},"VNPUs":null}
I0906 15:30:16.631114       1 gpuexclusive.go:437] gpuexclusive: no rules configured, skipping GPU exclusivity wrapping
I0906 15:30:16.631131       1 enqueue.go:79] Try to enqueue PodGroup to 0 Queues
I0906 15:30:16.631149       1 reclaim.go:68] There are <0> Jobs and <3> Queues in total for scheduling.
I0906 15:30:16.631156       1 allocate.go:138] Try to allocate resource to 0 Queues
I0906 15:30:16.631211       1 session.go:577] Close Session eca395a7-2f85-49d5-b771-aa54dceeed0b
I0906 15:30:17.632377       1 device_info.go:111] GPU sharing mode:  hami-core
I0906 15:30:17.632569       1 device_info.go:113] "Nvidia Device registered name" name="volcano-lab-worker" val={"ID":0,"Node":"volcano-lab-worker","UUID":"GPU-12345678-1234-1234-1234-123456780000","PodMap":{},"Memory":409,"Number":10,"Type":"NVIDIA-NVIDIA A100-SXM4-40GB","Health":true,"UsedNum":0,"UsedMem":0,"UsedCore":0,"MigTemplate":[],"MigUsage":{"Index":-1,"UsageList":null}}
I0906 15:30:17.632610       1 device_info.go:113] "Nvidia Device registered name" name="volcano-lab-worker" val={"ID":1,"Node":"volcano-lab-worker","UUID":"GPU-12345678-1234-1234-1234-123456780001","PodMap":{},"Memory":409,"Number":10,"Type":"NVIDIA-NVIDIA A100-SXM4-40GB","Health":true,"UsedNum":0,"UsedMem":0,"UsedCore":0,"MigTemplate":[],"MigUsage":{"Index":-1,"UsageList":null}}
I0906 15:30:17.632642       1 device_info.go:111] GPU sharing mode:  hami-core
I0906 15:30:17.632659       1 device_info.go:113] "Nvidia Device registered name" name="volcano-lab-worker" val={"ID":0,"Node":"volcano-lab-worker","UUID":"GPU-12345678-1234-1234-1234-123456780000","PodMap":{},"Memory":409,"Number":10,"Type":"NVIDIA-NVIDIA A100-SXM4-40GB","Health":true,"UsedNum":0,"UsedMem":0,"UsedCore":0,"MigTemplate":[],"MigUsage":{"Index":-1,"UsageList":null}}
I0906 15:30:17.632677       1 device_info.go:113] "Nvidia Device registered name" name="volcano-lab-worker" val={"ID":1,"Node":"volcano-lab-worker","UUID":"GPU-12345678-1234-1234-1234-123456780001","PodMap":{},"Memory":409,"Number":10,"Type":"NVIDIA-NVIDIA A100-SXM4-40GB","Health":true,"UsedNum":0,"UsedMem":0,"UsedCore":0,"MigTemplate":[],"MigUsage":{"Index":-1,"UsageList":null}}
E0906 15:30:17.632699       1 device_info.go:189] pod kube-proxy-btcmr has no annotation volcano.sh/devices-to-allocate
E0906 15:30:17.632710       1 device_info.go:189] pod mock1-nvml-mock-9rgh9 has no annotation volcano.sh/devices-to-allocate
E0906 15:30:17.632718       1 device_info.go:189] pod grafana-7c5659d458-xrbnn has no annotation volcano.sh/devices-to-allocate
E0906 15:30:17.632726       1 device_info.go:189] pod volcano-device-plugin-2sg22 has no annotation volcano.sh/devices-to-allocate
E0906 15:30:17.632735       1 device_info.go:189] pod volcano-scheduler-65f6496dc8-58jzd has no annotation volcano.sh/devices-to-allocate
E0906 15:30:17.632742       1 device_info.go:189] pod kindnet-k2m7h has no annotation volcano.sh/devices-to-allocate
I0906 15:30:17.632790       1 device_info.go:111] GPU sharing mode:  hami-core
I0906 15:30:17.632802       1 device_info.go:113] "Nvidia Device registered name" name="volcano-lab-worker2" val={"ID":0,"Node":"volcano-lab-worker2","UUID":"GPU-22345678-1234-1234-1234-123456780000","PodMap":{},"Memory":409,"Number":10,"Type":"NVIDIA-NVIDIA A100-SXM4-40GB","Health":true,"UsedNum":0,"UsedMem":0,"UsedCore":0,"MigTemplate":[],"MigUsage":{"Index":-1,"UsageList":null}}
I0906 15:30:17.632824       1 device_info.go:113] "Nvidia Device registered name" name="volcano-lab-worker2" val={"ID":1,"Node":"volcano-lab-worker2","UUID":"GPU-22345678-1234-1234-1234-123456780001","PodMap":{},"Memory":409,"Number":10,"Type":"NVIDIA-NVIDIA A100-SXM4-40GB","Health":true,"UsedNum":0,"UsedMem":0,"UsedCore":0,"MigTemplate":[],"MigUsage":{"Index":-1,"UsageList":null}}
I0906 15:30:17.632838       1 device_info.go:111] GPU sharing mode:  hami-core
I0906 15:30:17.632848       1 device_info.go:113] "Nvidia Device registered name" name="volcano-lab-worker2" val={"ID":0,"Node":"volcano-lab-worker2","UUID":"GPU-22345678-1234-1234-1234-123456780000","PodMap":{},"Memory":409,"Number":10,"Type":"NVIDIA-NVIDIA A100-SXM4-40GB","Health":true,"UsedNum":0,"UsedMem":0,"UsedCore":0,"MigTemplate":[],"MigUsage":{"Index":-1,"UsageList":null}}
I0906 15:30:17.632858       1 device_info.go:113] "Nvidia Device registered name" name="volcano-lab-worker2" val={"ID":1,"Node":"volcano-lab-worker2","UUID":"GPU-22345678-1234-1234-1234-123456780001","PodMap":{},"Memory":409,"Number":10,"Type":"NVIDIA-NVIDIA A100-SXM4-40GB","Health":true,"UsedNum":0,"UsedMem":0,"UsedCore":0,"MigTemplate":[],"MigUsage":{"Index":-1,"UsageList":null}}
E0906 15:30:17.632873       1 device_info.go:189] pod kindnet-5whpw has no annotation volcano.sh/devices-to-allocate
E0906 15:30:17.632882       1 device_info.go:189] pod kube-state-metrics-5ffcdf767c-gf9d5 has no annotation volcano.sh/devices-to-allocate
E0906 15:30:17.632890       1 device_info.go:189] pod volcano-controllers-5b976c6d4b-rkqw6 has no annotation volcano.sh/devices-to-allocate
E0906 15:30:17.632898       1 device_info.go:189] pod kube-proxy-gwssg has no annotation volcano.sh/devices-to-allocate
E0906 15:30:17.632905       1 device_info.go:189] pod prometheus-deployment-7cb9b4545b-h2fz4 has no annotation volcano.sh/devices-to-allocate
E0906 15:30:17.632911       1 device_info.go:189] pod volcano-device-plugin-jj26z has no annotation volcano.sh/devices-to-allocate
E0906 15:30:17.632919       1 device_info.go:189] pod mock2-nvml-mock-mtnbp has no annotation volcano.sh/devices-to-allocate
E0906 15:30:17.632926       1 device_info.go:189] pod volcano-admission-5b979dc8f6-8rdzl has no annotation volcano.sh/devices-to-allocate
I0906 15:30:17.633041       1 cache.go:1581] "SnapShot for scheduling" jobNum=1 QueueNum=3 NodeNum=3
I0906 15:30:17.633061       1 session.go:1036] Start adjusting jobs' network topology spec according to hyperNodeTierNameMap map[]
I0906 15:30:17.633068       1 session.go:1079] Finish adjusting jobs' network topology spec according to hyperNodeTierNameMap map[]
I0906 15:30:17.633076       1 session.go:279] Open Session 28fd6c77-8696-4120-be14-6e267d79c10c with <1> Job and <3> Queues. HyperNodesReadyToSchedule: true
I0906 15:30:17.633363       1 gpuexclusive.go:437] gpuexclusive: no rules configured, skipping GPU exclusivity wrapping
I0906 15:30:17.633378       1 enqueue.go:79] Try to enqueue PodGroup to 1 Queues
I0906 15:30:17.633395       1 reclaim.go:68] There are <1> Jobs and <3> Queues in total for scheduling.
I0906 15:30:17.633410       1 allocate.go:138] Try to allocate resource to 0 Queues
I0906 15:30:17.650753       1 session.go:577] Close Session 28fd6c77-8696-4120-be14-6e267d79c10c
I0906 15:30:17.659902       1 event_handlers.go:421] Added pod <volcano-tests/early-2-worker-0> into cache.
I0906 15:30:17.659935       1 event_handlers.go:421] Added pod <volcano-tests/early-2-worker-1> into cache.
I0906 15:30:18.039428       1 event_handlers.go:476] Deleted pod <volcano-system/volcano-scheduler-c7d5bf6df-hhh7c> from cache.
I0906 15:30:18.651481       1 device_info.go:111] GPU sharing mode:  hami-core
I0906 15:30:18.651527       1 device_info.go:113] "Nvidia Device registered name" name="volcano-lab-worker2" val={"ID":0,"Node":"volcano-lab-worker2","UUID":"GPU-22345678-1234-1234-1234-123456780000","PodMap":{},"Memory":409,"Number":10,"Type":"NVIDIA-NVIDIA A100-SXM4-40GB","Health":true,"UsedNum":0,"UsedMem":0,"UsedCore":0,"MigTemplate":[],"MigUsage":{"Index":-1,"UsageList":null}}
I0906 15:30:18.651556       1 device_info.go:113] "Nvidia Device registered name" name="volcano-lab-worker2" val={"ID":1,"Node":"volcano-lab-worker2","UUID":"GPU-22345678-1234-1234-1234-123456780001","PodMap":{},"Memory":409,"Number":10,"Type":"NVIDIA-NVIDIA A100-SXM4-40GB","Health":true,"UsedNum":0,"UsedMem":0,"UsedCore":0,"MigTemplate":[],"MigUsage":{"Index":-1,"UsageList":null}}
I0906 15:30:18.651573       1 device_info.go:111] GPU sharing mode:  hami-core
I0906 15:30:18.651583       1 device_info.go:113] "Nvidia Device registered name" name="volcano-lab-worker2" val={"ID":0,"Node":"volcano-lab-worker2","UUID":"GPU-22345678-1234-1234-1234-123456780000","PodMap":{},"Memory":409,"Number":10,"Type":"NVIDIA-NVIDIA A100-SXM4-40GB","Health":true,"UsedNum":0,"UsedMem":0,"UsedCore":0,"MigTemplate":[],"MigUsage":{"Index":-1,"UsageList":null}}
I0906 15:30:18.651594       1 device_info.go:113] "Nvidia Device registered name" name="volcano-lab-worker2" val={"ID":1,"Node":"volcano-lab-worker2","UUID":"GPU-22345678-1234-1234-1234-123456780001","PodMap":{},"Memory":409,"Number":10,"Type":"NVIDIA-NVIDIA A100-SXM4-40GB","Health":true,"UsedNum":0,"UsedMem":0,"UsedCore":0,"MigTemplate":[],"MigUsage":{"Index":-1,"UsageList":null}}
E0906 15:30:18.651614       1 device_info.go:189] pod volcano-admission-5b979dc8f6-8rdzl has no annotation volcano.sh/devices-to-allocate
E0906 15:30:18.651625       1 device_info.go:189] pod kindnet-5whpw has no annotation volcano.sh/devices-to-allocate
E0906 15:30:18.651633       1 device_info.go:189] pod kube-state-metrics-5ffcdf767c-gf9d5 has no annotation volcano.sh/devices-to-allocate
E0906 15:30:18.651641       1 device_info.go:189] pod volcano-controllers-5b976c6d4b-rkqw6 has no annotation volcano.sh/devices-to-allocate
E0906 15:30:18.651647       1 device_info.go:189] pod kube-proxy-gwssg has no annotation volcano.sh/devices-to-allocate
E0906 15:30:18.651654       1 device_info.go:189] pod prometheus-deployment-7cb9b4545b-h2fz4 has no annotation volcano.sh/devices-to-allocate
E0906 15:30:18.651661       1 device_info.go:189] pod volcano-device-plugin-jj26z has no annotation volcano.sh/devices-to-allocate
E0906 15:30:18.651667       1 device_info.go:189] pod mock2-nvml-mock-mtnbp has no annotation volcano.sh/devices-to-allocate
I0906 15:30:18.651748       1 device_info.go:111] GPU sharing mode:  hami-core
I0906 15:30:18.651759       1 device_info.go:113] "Nvidia Device registered name" name="volcano-lab-worker" val={"ID":0,"Node":"volcano-lab-worker","UUID":"GPU-12345678-1234-1234-1234-123456780000","PodMap":{},"Memory":409,"Number":10,"Type":"NVIDIA-NVIDIA A100-SXM4-40GB","Health":true,"UsedNum":0,"UsedMem":0,"UsedCore":0,"MigTemplate":[],"MigUsage":{"Index":-1,"UsageList":null}}
I0906 15:30:18.651770       1 device_info.go:113] "Nvidia Device registered name" name="volcano-lab-worker" val={"ID":1,"Node":"volcano-lab-worker","UUID":"GPU-12345678-1234-1234-1234-123456780001","PodMap":{},"Memory":409,"Number":10,"Type":"NVIDIA-NVIDIA A100-SXM4-40GB","Health":true,"UsedNum":0,"UsedMem":0,"UsedCore":0,"MigTemplate":[],"MigUsage":{"Index":-1,"UsageList":null}}
I0906 15:30:18.651780       1 device_info.go:111] GPU sharing mode:  hami-core
I0906 15:30:18.651792       1 device_info.go:113] "Nvidia Device registered name" name="volcano-lab-worker" val={"ID":0,"Node":"volcano-lab-worker","UUID":"GPU-12345678-1234-1234-1234-123456780000","PodMap":{},"Memory":409,"Number":10,"Type":"NVIDIA-NVIDIA A100-SXM4-40GB","Health":true,"UsedNum":0,"UsedMem":0,"UsedCore":0,"MigTemplate":[],"MigUsage":{"Index":-1,"UsageList":null}}
I0906 15:30:18.651815       1 device_info.go:113] "Nvidia Device registered name" name="volcano-lab-worker" val={"ID":1,"Node":"volcano-lab-worker","UUID":"GPU-12345678-1234-1234-1234-123456780001","PodMap":{},"Memory":409,"Number":10,"Type":"NVIDIA-NVIDIA A100-SXM4-40GB","Health":true,"UsedNum":0,"UsedMem":0,"UsedCore":0,"MigTemplate":[],"MigUsage":{"Index":-1,"UsageList":null}}
E0906 15:30:18.651827       1 device_info.go:189] pod kube-proxy-btcmr has no annotation volcano.sh/devices-to-allocate
E0906 15:30:18.651835       1 device_info.go:189] pod mock1-nvml-mock-9rgh9 has no annotation volcano.sh/devices-to-allocate
E0906 15:30:18.651843       1 device_info.go:189] pod grafana-7c5659d458-xrbnn has no annotation volcano.sh/devices-to-allocate
E0906 15:30:18.651850       1 device_info.go:189] pod volcano-device-plugin-2sg22 has no annotation volcano.sh/devices-to-allocate
E0906 15:30:18.651857       1 device_info.go:189] pod volcano-scheduler-65f6496dc8-58jzd has no annotation volcano.sh/devices-to-allocate
E0906 15:30:18.651870       1 device_info.go:189] pod kindnet-k2m7h has no annotation volcano.sh/devices-to-allocate
I0906 15:30:18.652002       1 cache.go:1581] "SnapShot for scheduling" jobNum=1 QueueNum=3 NodeNum=3
I0906 15:30:18.652031       1 session.go:1036] Start adjusting jobs' network topology spec according to hyperNodeTierNameMap map[]
I0906 15:30:18.652068       1 session.go:1079] Finish adjusting jobs' network topology spec according to hyperNodeTierNameMap map[]
I0906 15:30:18.652098       1 session.go:279] Open Session 0ed80796-342e-4ada-b006-7f493523f0ea with <1> Job and <3> Queues. HyperNodesReadyToSchedule: true
I0906 15:30:18.652854       1 gpuexclusive.go:437] gpuexclusive: no rules configured, skipping GPU exclusivity wrapping
I0906 15:30:18.652892       1 enqueue.go:79] Try to enqueue PodGroup to 0 Queues
I0906 15:30:18.652909       1 reclaim.go:68] There are <1> Jobs and <3> Queues in total for scheduling.
I0906 15:30:18.652943       1 reclaim.go:140] Considering reclaim for 2 tasks of job <volcano-tests/early-2-dc4e8923-259b-4296-8410-9a7e2804fe06>.
I0906 15:30:18.653107       1 predicate_helper.go:115] Predicates failed: task volcano-tests/early-2-worker-0 on node volcano-lab-control-plane fit failed: node(s) had untolerated taint(s)
W0906 15:30:18.653136       1 deviceshare.go:256] Devices hamivgpu assertion conversion failed, skip
W0906 15:30:18.653168       1 deviceshare.go:256] Devices hamivgpu assertion conversion failed, skip
I0906 15:30:18.653224       1 reclaim.go:185] Considering Task <volcano-tests/early-2-worker-0> on Node <volcano-lab-worker>.
I0906 15:30:18.653240       1 reclaim.go:185] Considering Task <volcano-tests/early-2-worker-0> on Node <volcano-lab-worker2>.
I0906 15:30:18.653274       1 reclaim.go:140] Considering reclaim for 1 tasks of job <volcano-tests/early-2-dc4e8923-259b-4296-8410-9a7e2804fe06>.
I0906 15:30:18.653402       1 predicate_helper.go:115] Predicates failed: task volcano-tests/early-2-worker-1 on node volcano-lab-control-plane fit failed: node(s) had untolerated taint(s)
W0906 15:30:18.653431       1 deviceshare.go:256] Devices hamivgpu assertion conversion failed, skip
W0906 15:30:18.653441       1 deviceshare.go:256] Devices hamivgpu assertion conversion failed, skip
I0906 15:30:18.653451       1 reclaim.go:185] Considering Task <volcano-tests/early-2-worker-1> on Node <volcano-lab-worker>.
I0906 15:30:18.653457       1 reclaim.go:185] Considering Task <volcano-tests/early-2-worker-1> on Node <volcano-lab-worker2>.
I0906 15:30:18.653465       1 reclaim.go:135] No preemptor task in job <volcano-tests/early-2-dc4e8923-259b-4296-8410-9a7e2804fe06>.
I0906 15:30:18.653471       1 statement.go:366] Discarding operations ...
I0906 15:30:18.653484       1 allocate.go:138] Try to allocate resource to 1 Queues
I0906 15:30:18.653496       1 allocate.go:328] "Try to allocate resource" queue="lab" job="volcano-tests/early-2-dc4e8923-259b-4296-8410-9a7e2804fe06" taskNum=2
I0906 15:30:18.653509       1 allocate.go:757] There are <3> nodes for Job <volcano-tests/early-2-dc4e8923-259b-4296-8410-9a7e2804fe06>
I0906 15:30:18.653536       1 predicate_helper.go:115] Predicates failed: task volcano-tests/early-2-worker-0 on node volcano-lab-control-plane fit failed: Insufficient volcano.sh/vgpu-memory
W0906 15:30:18.653547       1 deviceshare.go:256] Devices hamivgpu assertion conversion failed, skip
W0906 15:30:18.653560       1 deviceshare.go:256] Devices hamivgpu assertion conversion failed, skip
I0906 15:30:18.653666       1 allocate.go:934] Binding Task <volcano-tests/early-2-worker-0> to node <volcano-lab-worker>
I0906 15:30:18.653679       1 statement.go:277] After allocated Task <volcano-tests/early-2-worker-0> to Node <volcano-lab-worker>: idle <cpu 11290.00, memory 27959619584.00, ephemeral-storage 1005867986944000.00, hugepages-1Gi 0.00, hugepages-2Mi 0.00, pods 103.00, volcano.sh/vgpu-cores 180000.00, volcano.sh/vgpu-memory 788000.00, volcano.sh/vgpu-number 19000.00>, used <cpu 710.00, memory 1193279488.00, pods 7.00, volcano.sh/vgpu-cores 20000.00, volcano.sh/vgpu-memory 30000.00, volcano.sh/vgpu-number 1000.00>, releasing <cpu 0.00, memory 0.00>
W0906 15:30:18.653737       1 predicates.go:249] Devices hamivgpu assertion conversion failed, skip
I0906 15:30:18.653762       1 statement.go:307] Allocating operations ...
I0906 15:30:18.653776       1 allocate.go:757] There are <3> nodes for Job <volcano-tests/early-2-dc4e8923-259b-4296-8410-9a7e2804fe06>
W0906 15:30:18.653810       1 deviceshare.go:256] Devices hamivgpu assertion conversion failed, skip
W0906 15:30:18.653814       1 deviceshare.go:256] Devices hamivgpu assertion conversion failed, skip
I0906 15:30:18.653904       1 allocate.go:934] Binding Task <volcano-tests/early-2-worker-1> to node <volcano-lab-worker>
I0906 15:30:18.653914       1 statement.go:277] After allocated Task <volcano-tests/early-2-worker-1> to Node <volcano-lab-worker>: idle <cpu 11190.00, memory 27926065152.00, ephemeral-storage 1005867986944000.00, hugepages-1Gi 0.00, hugepages-2Mi 0.00, pods 102.00, volcano.sh/vgpu-cores 160000.00, volcano.sh/vgpu-memory 758000.00, volcano.sh/vgpu-number 18000.00>, used <cpu 810.00, memory 1226833920.00, pods 8.00, volcano.sh/vgpu-cores 40000.00, volcano.sh/vgpu-memory 60000.00, volcano.sh/vgpu-number 2000.00>, releasing <cpu 0.00, memory 0.00>
W0906 15:30:18.653958       1 predicates.go:249] Devices hamivgpu assertion conversion failed, skip
I0906 15:30:18.653980       1 statement.go:307] Allocating operations ...
I0906 15:30:18.654006       1 allocate.go:833] "SubJob ready, return statement" job="volcano-tests/early-2-dc4e8923-259b-4296-8410-9a7e2804fe06" subJob="volcano-tests/early-2-dc4e8923-259b-4296-8410-9a7e2804fe06"
I0906 15:30:18.654014       1 statement.go:393] Committing operations ...
I0906 15:30:18.654054       1 proportion.go:326] Queue <lab> is overused: deserved <cpu 200.00, memory 67108864.00, ephemeral-storage 0.00, hugepages-1Gi 0.00, hugepages-2Mi 0.00, pods 2.00, volcano.sh/vgpu-cores 40000.00, volcano.sh/vgpu-memory 60000.00, volcano.sh/vgpu-number 2000.00>, allocated <cpu 200.00, memory 67108864.00, pods 2.00, volcano.sh/vgpu-cores 40000.00, volcano.sh/vgpu-memory 60000.00, volcano.sh/vgpu-number 2000.00>, share <1>
I0906 15:30:18.654072       1 allocate.go:295] Queue <lab> is overused, ignore it.
I0906 15:30:18.674695       1 cache.go:992] bind ok, latency 7.701435ms
I0906 15:30:18.674916       1 cache.go:992] bind ok, latency 7.830027ms
I0906 15:30:18.685100       1 session.go:577] Close Session 0ed80796-342e-4ada-b006-7f493523f0ea
I0906 15:30:18.741526       1 cache.go:1126] Try to delete Job <volcano-tests/early-2-dc4e8923-259b-4296-8410-9a7e2804fe06:volcano-tests/early-2-dc4e8923-259b-4296-8410-9a7e2804fe06>
I0906 15:30:18.741546       1 cache.go:1171] Retry to delete Job <volcano-tests/early-2-dc4e8923-259b-4296-8410-9a7e2804fe06:volcano-tests/early-2-dc4e8923-259b-4296-8410-9a7e2804fe06>
I0906 15:30:18.746742       1 cache.go:1171] Retry to delete Job <volcano-tests/early-2-dc4e8923-259b-4296-8410-9a7e2804fe06:volcano-tests/early-2-dc4e8923-259b-4296-8410-9a7e2804fe06>
I0906 15:30:18.756973       1 cache.go:1171] Retry to delete Job <volcano-tests/early-2-dc4e8923-259b-4296-8410-9a7e2804fe06:volcano-tests/early-2-dc4e8923-259b-4296-8410-9a7e2804fe06>
I0906 15:30:18.777280       1 cache.go:1171] Retry to delete Job <volcano-tests/early-2-dc4e8923-259b-4296-8410-9a7e2804fe06:volcano-tests/early-2-dc4e8923-259b-4296-8410-9a7e2804fe06>
I0906 15:30:18.817784       1 cache.go:1171] Retry to delete Job <volcano-tests/early-2-dc4e8923-259b-4296-8410-9a7e2804fe06:volcano-tests/early-2-dc4e8923-259b-4296-8410-9a7e2804fe06>
I0906 15:30:18.898579       1 cache.go:1171] Retry to delete Job <volcano-tests/early-2-dc4e8923-259b-4296-8410-9a7e2804fe06:volcano-tests/early-2-dc4e8923-259b-4296-8410-9a7e2804fe06>
I0906 15:30:19.058989       1 cache.go:1171] Retry to delete Job <volcano-tests/early-2-dc4e8923-259b-4296-8410-9a7e2804fe06:volcano-tests/early-2-dc4e8923-259b-4296-8410-9a7e2804fe06>
I0906 15:30:19.379630       1 cache.go:1171] Retry to delete Job <volcano-tests/early-2-dc4e8923-259b-4296-8410-9a7e2804fe06:volcano-tests/early-2-dc4e8923-259b-4296-8410-9a7e2804fe06>
I0906 15:30:19.686209       1 device_info.go:111] GPU sharing mode:  hami-core
I0906 15:30:19.686238       1 device_info.go:113] "Nvidia Device registered name" name="volcano-lab-worker" val={"ID":0,"Node":"volcano-lab-worker","UUID":"GPU-12345678-1234-1234-1234-123456780000","PodMap":{},"Memory":409,"Number":10,"Type":"NVIDIA-NVIDIA A100-SXM4-40GB","Health":true,"UsedNum":0,"UsedMem":0,"UsedCore":0,"MigTemplate":[],"MigUsage":{"Index":-1,"UsageList":null}}
I0906 15:30:19.686255       1 device_info.go:113] "Nvidia Device registered name" name="volcano-lab-worker" val={"ID":1,"Node":"volcano-lab-worker","UUID":"GPU-12345678-1234-1234-1234-123456780001","PodMap":{},"Memory":409,"Number":10,"Type":"NVIDIA-NVIDIA A100-SXM4-40GB","Health":true,"UsedNum":0,"UsedMem":0,"UsedCore":0,"MigTemplate":[],"MigUsage":{"Index":-1,"UsageList":null}}
I0906 15:30:19.686265       1 device_info.go:111] GPU sharing mode:  hami-core
I0906 15:30:19.686270       1 device_info.go:113] "Nvidia Device registered name" name="volcano-lab-worker" val={"ID":0,"Node":"volcano-lab-worker","UUID":"GPU-12345678-1234-1234-1234-123456780000","PodMap":{},"Memory":409,"Number":10,"Type":"NVIDIA-NVIDIA A100-SXM4-40GB","Health":true,"UsedNum":0,"UsedMem":0,"UsedCore":0,"MigTemplate":[],"MigUsage":{"Index":-1,"UsageList":null}}
I0906 15:30:19.686275       1 device_info.go:113] "Nvidia Device registered name" name="volcano-lab-worker" val={"ID":1,"Node":"volcano-lab-worker","UUID":"GPU-12345678-1234-1234-1234-123456780001","PodMap":{},"Memory":409,"Number":10,"Type":"NVIDIA-NVIDIA A100-SXM4-40GB","Health":true,"UsedNum":0,"UsedMem":0,"UsedCore":0,"MigTemplate":[],"MigUsage":{"Index":-1,"UsageList":null}}
E0906 15:30:19.686283       1 device_info.go:189] pod grafana-7c5659d458-xrbnn has no annotation volcano.sh/devices-to-allocate
E0906 15:30:19.686289       1 device_info.go:189] pod volcano-device-plugin-2sg22 has no annotation volcano.sh/devices-to-allocate
E0906 15:30:19.686295       1 device_info.go:189] pod volcano-scheduler-65f6496dc8-58jzd has no annotation volcano.sh/devices-to-allocate
E0906 15:30:19.686302       1 device_info.go:189] pod kindnet-k2m7h has no annotation volcano.sh/devices-to-allocate
E0906 15:30:19.686308       1 device_info.go:189] pod kube-proxy-btcmr has no annotation volcano.sh/devices-to-allocate
E0906 15:30:19.686313       1 device_info.go:189] pod mock1-nvml-mock-9rgh9 has no annotation volcano.sh/devices-to-allocate
I0906 15:30:19.686356       1 device_info.go:111] GPU sharing mode:  hami-core
I0906 15:30:19.686369       1 device_info.go:113] "Nvidia Device registered name" name="volcano-lab-worker2" val={"ID":0,"Node":"volcano-lab-worker2","UUID":"GPU-22345678-1234-1234-1234-123456780000","PodMap":{},"Memory":409,"Number":10,"Type":"NVIDIA-NVIDIA A100-SXM4-40GB","Health":true,"UsedNum":0,"UsedMem":0,"UsedCore":0,"MigTemplate":[],"MigUsage":{"Index":-1,"UsageList":null}}
I0906 15:30:19.686386       1 device_info.go:113] "Nvidia Device registered name" name="volcano-lab-worker2" val={"ID":1,"Node":"volcano-lab-worker2","UUID":"GPU-22345678-1234-1234-1234-123456780001","PodMap":{},"Memory":409,"Number":10,"Type":"NVIDIA-NVIDIA A100-SXM4-40GB","Health":true,"UsedNum":0,"UsedMem":0,"UsedCore":0,"MigTemplate":[],"MigUsage":{"Index":-1,"UsageList":null}}
I0906 15:30:19.686402       1 device_info.go:111] GPU sharing mode:  hami-core
I0906 15:30:19.686409       1 device_info.go:113] "Nvidia Device registered name" name="volcano-lab-worker2" val={"ID":0,"Node":"volcano-lab-worker2","UUID":"GPU-22345678-1234-1234-1234-123456780000","PodMap":{},"Memory":409,"Number":10,"Type":"NVIDIA-NVIDIA A100-SXM4-40GB","Health":true,"UsedNum":0,"UsedMem":0,"UsedCore":0,"MigTemplate":[],"MigUsage":{"Index":-1,"UsageList":null}}
I0906 15:30:19.686417       1 device_info.go:113] "Nvidia Device registered name" name="volcano-lab-worker2" val={"ID":1,"Node":"volcano-lab-worker2","UUID":"GPU-22345678-1234-1234-1234-123456780001","PodMap":{},"Memory":409,"Number":10,"Type":"NVIDIA-NVIDIA A100-SXM4-40GB","Health":true,"UsedNum":0,"UsedMem":0,"UsedCore":0,"MigTemplate":[],"MigUsage":{"Index":-1,"UsageList":null}}
E0906 15:30:19.686427       1 device_info.go:189] pod kube-proxy-gwssg has no annotation volcano.sh/devices-to-allocate
E0906 15:30:19.686435       1 device_info.go:189] pod prometheus-deployment-7cb9b4545b-h2fz4 has no annotation volcano.sh/devices-to-allocate
E0906 15:30:19.686441       1 device_info.go:189] pod volcano-device-plugin-jj26z has no annotation volcano.sh/devices-to-allocate
E0906 15:30:19.686450       1 device_info.go:189] pod mock2-nvml-mock-mtnbp has no annotation volcano.sh/devices-to-allocate
E0906 15:30:19.686456       1 device_info.go:189] pod volcano-admission-5b979dc8f6-8rdzl has no annotation volcano.sh/devices-to-allocate
E0906 15:30:19.686461       1 device_info.go:189] pod kindnet-5whpw has no annotation volcano.sh/devices-to-allocate
E0906 15:30:19.686465       1 device_info.go:189] pod kube-state-metrics-5ffcdf767c-gf9d5 has no annotation volcano.sh/devices-to-allocate
E0906 15:30:19.686478       1 device_info.go:189] pod volcano-controllers-5b976c6d4b-rkqw6 has no annotation volcano.sh/devices-to-allocate
I0906 15:30:19.686539       1 cache.go:1581] "SnapShot for scheduling" jobNum=0 QueueNum=3 NodeNum=3
I0906 15:30:19.686555       1 session.go:1036] Start adjusting jobs' network topology spec according to hyperNodeTierNameMap map[]
I0906 15:30:19.686564       1 session.go:1079] Finish adjusting jobs' network topology spec according to hyperNodeTierNameMap map[]
I0906 15:30:19.686575       1 session.go:279] Open Session eea54921-90f1-48cc-b802-9db25cabaf7c with <0> Job and <3> Queues. HyperNodesReadyToSchedule: true
I0906 15:30:19.686883       1 gpuexclusive.go:437] gpuexclusive: no rules configured, skipping GPU exclusivity wrapping
I0906 15:30:19.686900       1 enqueue.go:79] Try to enqueue PodGroup to 0 Queues
I0906 15:30:19.686908       1 reclaim.go:68] There are <0> Jobs and <3> Queues in total for scheduling.
I0906 15:30:19.686915       1 allocate.go:138] Try to allocate resource to 0 Queues
I0906 15:30:19.705317       1 session.go:577] Close Session eea54921-90f1-48cc-b802-9db25cabaf7c
I0906 15:30:19.726101       1 event_handlers.go:476] Deleted pod <volcano-tests/early-2-worker-0> from cache.
I0906 15:30:19.728282       1 cache.go:1126] Try to delete Job <volcano-tests/early-2-dc4e8923-259b-4296-8410-9a7e2804fe06:volcano-tests/early-2-dc4e8923-259b-4296-8410-9a7e2804fe06>
I0906 15:30:19.728308       1 event_handlers.go:476] Deleted pod <volcano-tests/early-2-worker-1> from cache.
I0906 15:30:19.728333       1 cache.go:1166] Job <volcano-tests/early-2-dc4e8923-259b-4296-8410-9a7e2804fe06:volcano-tests/early-2-dc4e8923-259b-4296-8410-9a7e2804fe06> was deleted.
I0906 15:30:20.020360       1 cache.go:1154] Failed to find Job <volcano-tests/early-2-dc4e8923-259b-4296-8410-9a7e2804fe06>, ignore it
I0906 15:30:20.705854       1 device_info.go:111] GPU sharing mode:  hami-core
I0906 15:30:20.705911       1 device_info.go:113] "Nvidia Device registered name" name="volcano-lab-worker" val={"ID":0,"Node":"volcano-lab-worker","UUID":"GPU-12345678-1234-1234-1234-123456780000","PodMap":{},"Memory":409,"Number":10,"Type":"NVIDIA-NVIDIA A100-SXM4-40GB","Health":true,"UsedNum":0,"UsedMem":0,"UsedCore":0,"MigTemplate":[],"MigUsage":{"Index":-1,"UsageList":null}}
I0906 15:30:20.705957       1 device_info.go:113] "Nvidia Device registered name" name="volcano-lab-worker" val={"ID":1,"Node":"volcano-lab-worker","UUID":"GPU-12345678-1234-1234-1234-123456780001","PodMap":{},"Memory":409,"Number":10,"Type":"NVIDIA-NVIDIA A100-SXM4-40GB","Health":true,"UsedNum":0,"UsedMem":0,"UsedCore":0,"MigTemplate":[],"MigUsage":{"Index":-1,"UsageList":null}}
I0906 15:30:20.705992       1 device_info.go:111] GPU sharing mode:  hami-core
I0906 15:30:20.706018       1 device_info.go:113] "Nvidia Device registered name" name="volcano-lab-worker" val={"ID":0,"Node":"volcano-lab-worker","UUID":"GPU-12345678-1234-1234-1234-123456780000","PodMap":{},"Memory":409,"Number":10,"Type":"NVIDIA-NVIDIA A100-SXM4-40GB","Health":true,"UsedNum":0,"UsedMem":0,"UsedCore":0,"MigTemplate":[],"MigUsage":{"Index":-1,"UsageList":null}}
I0906 15:30:20.706067       1 device_info.go:113] "Nvidia Device registered name" name="volcano-lab-worker" val={"ID":1,"Node":"volcano-lab-worker","UUID":"GPU-12345678-1234-1234-1234-123456780001","PodMap":{},"Memory":409,"Number":10,"Type":"NVIDIA-NVIDIA A100-SXM4-40GB","Health":true,"UsedNum":0,"UsedMem":0,"UsedCore":0,"MigTemplate":[],"MigUsage":{"Index":-1,"UsageList":null}}
E0906 15:30:20.706105       1 device_info.go:189] pod grafana-7c5659d458-xrbnn has no annotation volcano.sh/devices-to-allocate
E0906 15:30:20.706125       1 device_info.go:189] pod volcano-device-plugin-2sg22 has no annotation volcano.sh/devices-to-allocate
E0906 15:30:20.706141       1 device_info.go:189] pod volcano-scheduler-65f6496dc8-58jzd has no annotation volcano.sh/devices-to-allocate
E0906 15:30:20.706155       1 device_info.go:189] pod kindnet-k2m7h has no annotation volcano.sh/devices-to-allocate
E0906 15:30:20.706169       1 device_info.go:189] pod kube-proxy-btcmr has no annotation volcano.sh/devices-to-allocate
E0906 15:30:20.706184       1 device_info.go:189] pod mock1-nvml-mock-9rgh9 has no annotation volcano.sh/devices-to-allocate
I0906 15:30:20.706261       1 device_info.go:111] GPU sharing mode:  hami-core
I0906 15:30:20.706288       1 device_info.go:113] "Nvidia Device registered name" name="volcano-lab-worker2" val={"ID":0,"Node":"volcano-lab-worker2","UUID":"GPU-22345678-1234-1234-1234-123456780000","PodMap":{},"Memory":409,"Number":10,"Type":"NVIDIA-NVIDIA A100-SXM4-40GB","Health":true,"UsedNum":0,"UsedMem":0,"UsedCore":0,"MigTemplate":[],"MigUsage":{"Index":-1,"UsageList":null}}
I0906 15:30:20.706369       1 device_info.go:113] "Nvidia Device registered name" name="volcano-lab-worker2" val={"ID":1,"Node":"volcano-lab-worker2","UUID":"GPU-22345678-1234-1234-1234-123456780001","PodMap":{},"Memory":409,"Number":10,"Type":"NVIDIA-NVIDIA A100-SXM4-40GB","Health":true,"UsedNum":0,"UsedMem":0,"UsedCore":0,"MigTemplate":[],"MigUsage":{"Index":-1,"UsageList":null}}
I0906 15:30:20.706395       1 device_info.go:111] GPU sharing mode:  hami-core
I0906 15:30:20.706423       1 device_info.go:113] "Nvidia Device registered name" name="volcano-lab-worker2" val={"ID":1,"Node":"volcano-lab-worker2","UUID":"GPU-22345678-1234-1234-1234-123456780001","PodMap":{},"Memory":409,"Number":10,"Type":"NVIDIA-NVIDIA A100-SXM4-40GB","Health":true,"UsedNum":0,"UsedMem":0,"UsedCore":0,"MigTemplate":[],"MigUsage":{"Index":-1,"UsageList":null}}
I0906 15:30:20.706465       1 device_info.go:113] "Nvidia Device registered name" name="volcano-lab-worker2" val={"ID":0,"Node":"volcano-lab-worker2","UUID":"GPU-22345678-1234-1234-1234-123456780000","PodMap":{},"Memory":409,"Number":10,"Type":"NVIDIA-NVIDIA A100-SXM4-40GB","Health":true,"UsedNum":0,"UsedMem":0,"UsedCore":0,"MigTemplate":[],"MigUsage":{"Index":-1,"UsageList":null}}
E0906 15:30:20.706496       1 device_info.go:189] pod volcano-admission-5b979dc8f6-8rdzl has no annotation volcano.sh/devices-to-allocate
E0906 15:30:20.706515       1 device_info.go:189] pod kindnet-5whpw has no annotation volcano.sh/devices-to-allocate
E0906 15:30:20.706531       1 device_info.go:189] pod kube-state-metrics-5ffcdf767c-gf9d5 has no annotation volcano.sh/devices-to-allocate
E0906 15:30:20.706545       1 device_info.go:189] pod volcano-controllers-5b976c6d4b-rkqw6 has no annotation volcano.sh/devices-to-allocate
E0906 15:30:20.706559       1 device_info.go:189] pod kube-proxy-gwssg has no annotation volcano.sh/devices-to-allocate
E0906 15:30:20.706573       1 device_info.go:189] pod prometheus-deployment-7cb9b4545b-h2fz4 has no annotation volcano.sh/devices-to-allocate
E0906 15:30:20.706587       1 device_info.go:189] pod volcano-device-plugin-jj26z has no annotation volcano.sh/devices-to-allocate
E0906 15:30:20.706602       1 device_info.go:189] pod mock2-nvml-mock-mtnbp has no annotation volcano.sh/devices-to-allocate
I0906 15:30:20.706688       1 cache.go:1581] "SnapShot for scheduling" jobNum=0 QueueNum=3 NodeNum=3
I0906 15:30:20.706720       1 session.go:1036] Start adjusting jobs' network topology spec according to hyperNodeTierNameMap map[]
I0906 15:30:20.706729       1 session.go:1079] Finish adjusting jobs' network topology spec according to hyperNodeTierNameMap map[]
I0906 15:30:20.706739       1 session.go:279] Open Session 4b5f8c02-29b9-4815-a67d-c7206767ee42 with <0> Job and <3> Queues. HyperNodesReadyToSchedule: true
I0906 15:30:20.707028       1 gpuexclusive.go:437] gpuexclusive: no rules configured, skipping GPU exclusivity wrapping
I0906 15:30:20.707043       1 enqueue.go:79] Try to enqueue PodGroup to 0 Queues
I0906 15:30:20.707065       1 reclaim.go:68] There are <0> Jobs and <3> Queues in total for scheduling.
I0906 15:30:20.707074       1 allocate.go:138] Try to allocate resource to 0 Queues
I0906 15:30:20.707144       1 session.go:577] Close Session 4b5f8c02-29b9-4815-a67d-c7206767ee42
I0906 15:30:21.707861       1 device_info.go:111] GPU sharing mode:  hami-core
I0906 15:30:21.707899       1 device_info.go:113] "Nvidia Device registered name" name="volcano-lab-worker" val={"ID":1,"Node":"volcano-lab-worker","UUID":"GPU-12345678-1234-1234-1234-123456780001","PodMap":{},"Memory":409,"Number":10,"Type":"NVIDIA-NVIDIA A100-SXM4-40GB","Health":true,"UsedNum":0,"UsedMem":0,"UsedCore":0,"MigTemplate":[],"MigUsage":{"Index":-1,"UsageList":null}}
I0906 15:30:21.707926       1 device_info.go:113] "Nvidia Device registered name" name="volcano-lab-worker" val={"ID":0,"Node":"volcano-lab-worker","UUID":"GPU-12345678-1234-1234-1234-123456780000","PodMap":{},"Memory":409,"Number":10,"Type":"NVIDIA-NVIDIA A100-SXM4-40GB","Health":true,"UsedNum":0,"UsedMem":0,"UsedCore":0,"MigTemplate":[],"MigUsage":{"Index":-1,"UsageList":null}}
I0906 15:30:21.707944       1 device_info.go:111] GPU sharing mode:  hami-core
I0906 15:30:21.707954       1 device_info.go:113] "Nvidia Device registered name" name="volcano-lab-worker" val={"ID":1,"Node":"volcano-lab-worker","UUID":"GPU-12345678-1234-1234-1234-123456780001","PodMap":{},"Memory":409,"Number":10,"Type":"NVIDIA-NVIDIA A100-SXM4-40GB","Health":true,"UsedNum":0,"UsedMem":0,"UsedCore":0,"MigTemplate":[],"MigUsage":{"Index":-1,"UsageList":null}}
I0906 15:30:21.707964       1 device_info.go:113] "Nvidia Device registered name" name="volcano-lab-worker" val={"ID":0,"Node":"volcano-lab-worker","UUID":"GPU-12345678-1234-1234-1234-123456780000","PodMap":{},"Memory":409,"Number":10,"Type":"NVIDIA-NVIDIA A100-SXM4-40GB","Health":true,"UsedNum":0,"UsedMem":0,"UsedCore":0,"MigTemplate":[],"MigUsage":{"Index":-1,"UsageList":null}}
E0906 15:30:21.707982       1 device_info.go:189] pod volcano-device-plugin-2sg22 has no annotation volcano.sh/devices-to-allocate
E0906 15:30:21.707998       1 device_info.go:189] pod volcano-scheduler-65f6496dc8-58jzd has no annotation volcano.sh/devices-to-allocate
E0906 15:30:21.708006       1 device_info.go:189] pod kindnet-k2m7h has no annotation volcano.sh/devices-to-allocate
E0906 15:30:21.708012       1 device_info.go:189] pod kube-proxy-btcmr has no annotation volcano.sh/devices-to-allocate
E0906 15:30:21.708021       1 device_info.go:189] pod mock1-nvml-mock-9rgh9 has no annotation volcano.sh/devices-to-allocate
E0906 15:30:21.708032       1 device_info.go:189] pod grafana-7c5659d458-xrbnn has no annotation volcano.sh/devices-to-allocate
I0906 15:30:21.708117       1 device_info.go:111] GPU sharing mode:  hami-core
I0906 15:30:21.708131       1 device_info.go:113] "Nvidia Device registered name" name="volcano-lab-worker2" val={"ID":0,"Node":"volcano-lab-worker2","UUID":"GPU-22345678-1234-1234-1234-123456780000","PodMap":{},"Memory":409,"Number":10,"Type":"NVIDIA-NVIDIA A100-SXM4-40GB","Health":true,"UsedNum":0,"UsedMem":0,"UsedCore":0,"MigTemplate":[],"MigUsage":{"Index":-1,"UsageList":null}}
I0906 15:30:21.708160       1 device_info.go:113] "Nvidia Device registered name" name="volcano-lab-worker2" val={"ID":1,"Node":"volcano-lab-worker2","UUID":"GPU-22345678-1234-1234-1234-123456780001","PodMap":{},"Memory":409,"Number":10,"Type":"NVIDIA-NVIDIA A100-SXM4-40GB","Health":true,"UsedNum":0,"UsedMem":0,"UsedCore":0,"MigTemplate":[],"MigUsage":{"Index":-1,"UsageList":null}}
I0906 15:30:21.708185       1 device_info.go:111] GPU sharing mode:  hami-core
I0906 15:30:21.708196       1 device_info.go:113] "Nvidia Device registered name" name="volcano-lab-worker2" val={"ID":0,"Node":"volcano-lab-worker2","UUID":"GPU-22345678-1234-1234-1234-123456780000","PodMap":{},"Memory":409,"Number":10,"Type":"NVIDIA-NVIDIA A100-SXM4-40GB","Health":true,"UsedNum":0,"UsedMem":0,"UsedCore":0,"MigTemplate":[],"MigUsage":{"Index":-1,"UsageList":null}}
I0906 15:30:21.708215       1 device_info.go:113] "Nvidia Device registered name" name="volcano-lab-worker2" val={"ID":1,"Node":"volcano-lab-worker2","UUID":"GPU-22345678-1234-1234-1234-123456780001","PodMap":{},"Memory":409,"Number":10,"Type":"NVIDIA-NVIDIA A100-SXM4-40GB","Health":true,"UsedNum":0,"UsedMem":0,"UsedCore":0,"MigTemplate":[],"MigUsage":{"Index":-1,"UsageList":null}}
E0906 15:30:21.708238       1 device_info.go:189] pod volcano-admission-5b979dc8f6-8rdzl has no annotation volcano.sh/devices-to-allocate
E0906 15:30:21.708251       1 device_info.go:189] pod kindnet-5whpw has no annotation volcano.sh/devices-to-allocate
E0906 15:30:21.708259       1 device_info.go:189] pod kube-state-metrics-5ffcdf767c-gf9d5 has no annotation volcano.sh/devices-to-allocate
E0906 15:30:21.708266       1 device_info.go:189] pod volcano-controllers-5b976c6d4b-rkqw6 has no annotation volcano.sh/devices-to-allocate
E0906 15:30:21.708273       1 device_info.go:189] pod kube-proxy-gwssg has no annotation volcano.sh/devices-to-allocate
E0906 15:30:21.708286       1 device_info.go:189] pod prometheus-deployment-7cb9b4545b-h2fz4 has no annotation volcano.sh/devices-to-allocate
E0906 15:30:21.708296       1 device_info.go:189] pod volcano-device-plugin-jj26z has no annotation volcano.sh/devices-to-allocate
E0906 15:30:21.708323       1 device_info.go:189] pod mock2-nvml-mock-mtnbp has no annotation volcano.sh/devices-to-allocate
I0906 15:30:21.708395       1 cache.go:1581] "SnapShot for scheduling" jobNum=0 QueueNum=3 NodeNum=3
I0906 15:30:21.708413       1 session.go:1036] Start adjusting jobs' network topology spec according to hyperNodeTierNameMap map[]
I0906 15:30:21.708419       1 session.go:1079] Finish adjusting jobs' network topology spec according to hyperNodeTierNameMap map[]
I0906 15:30:21.708428       1 session.go:279] Open Session 4e4e62e8-90f2-41eb-86e6-c72da311dbce with <0> Job and <3> Queues. HyperNodesReadyToSchedule: true
I0906 15:30:21.708708       1 gpuexclusive.go:437] gpuexclusive: no rules configured, skipping GPU exclusivity wrapping
I0906 15:30:21.708719       1 enqueue.go:79] Try to enqueue PodGroup to 0 Queues
I0906 15:30:21.708726       1 reclaim.go:68] There are <0> Jobs and <3> Queues in total for scheduling.
I0906 15:30:21.708734       1 allocate.go:138] Try to allocate resource to 0 Queues
I0906 15:30:21.708766       1 session.go:577] Close Session 4e4e62e8-90f2-41eb-86e6-c72da311dbce
I0906 15:30:22.709644       1 device_info.go:111] GPU sharing mode:  hami-core
I0906 15:30:22.709667       1 device_info.go:113] "Nvidia Device registered name" name="volcano-lab-worker" val={"ID":1,"Node":"volcano-lab-worker","UUID":"GPU-12345678-1234-1234-1234-123456780001","PodMap":{},"Memory":409,"Number":10,"Type":"NVIDIA-NVIDIA A100-SXM4-40GB","Health":true,"UsedNum":0,"UsedMem":0,"UsedCore":0,"MigTemplate":[],"MigUsage":{"Index":-1,"UsageList":null}}
I0906 15:30:22.709682       1 device_info.go:113] "Nvidia Device registered name" name="volcano-lab-worker" val={"ID":0,"Node":"volcano-lab-worker","UUID":"GPU-12345678-1234-1234-1234-123456780000","PodMap":{},"Memory":409,"Number":10,"Type":"NVIDIA-NVIDIA A100-SXM4-40GB","Health":true,"UsedNum":0,"UsedMem":0,"UsedCore":0,"MigTemplate":[],"MigUsage":{"Index":-1,"UsageList":null}}
I0906 15:30:22.709690       1 device_info.go:111] GPU sharing mode:  hami-core
I0906 15:30:22.709696       1 device_info.go:113] "Nvidia Device registered name" name="volcano-lab-worker" val={"ID":0,"Node":"volcano-lab-worker","UUID":"GPU-12345678-1234-1234-1234-123456780000","PodMap":{},"Memory":409,"Number":10,"Type":"NVIDIA-NVIDIA A100-SXM4-40GB","Health":true,"UsedNum":0,"UsedMem":0,"UsedCore":0,"MigTemplate":[],"MigUsage":{"Index":-1,"UsageList":null}}
I0906 15:30:22.709701       1 device_info.go:113] "Nvidia Device registered name" name="volcano-lab-worker" val={"ID":1,"Node":"volcano-lab-worker","UUID":"GPU-12345678-1234-1234-1234-123456780001","PodMap":{},"Memory":409,"Number":10,"Type":"NVIDIA-NVIDIA A100-SXM4-40GB","Health":true,"UsedNum":0,"UsedMem":0,"UsedCore":0,"MigTemplate":[],"MigUsage":{"Index":-1,"UsageList":null}}
E0906 15:30:22.709709       1 device_info.go:189] pod volcano-device-plugin-2sg22 has no annotation volcano.sh/devices-to-allocate
E0906 15:30:22.709717       1 device_info.go:189] pod volcano-scheduler-65f6496dc8-58jzd has no annotation volcano.sh/devices-to-allocate
E0906 15:30:22.709721       1 device_info.go:189] pod kindnet-k2m7h has no annotation volcano.sh/devices-to-allocate
E0906 15:30:22.709724       1 device_info.go:189] pod kube-proxy-btcmr has no annotation volcano.sh/devices-to-allocate
E0906 15:30:22.709728       1 device_info.go:189] pod mock1-nvml-mock-9rgh9 has no annotation volcano.sh/devices-to-allocate
E0906 15:30:22.709732       1 device_info.go:189] pod grafana-7c5659d458-xrbnn has no annotation volcano.sh/devices-to-allocate
I0906 15:30:22.709756       1 device_info.go:111] GPU sharing mode:  hami-core
I0906 15:30:22.709765       1 device_info.go:113] "Nvidia Device registered name" name="volcano-lab-worker2" val={"ID":0,"Node":"volcano-lab-worker2","UUID":"GPU-22345678-1234-1234-1234-123456780000","PodMap":{},"Memory":409,"Number":10,"Type":"NVIDIA-NVIDIA A100-SXM4-40GB","Health":true,"UsedNum":0,"UsedMem":0,"UsedCore":0,"MigTemplate":[],"MigUsage":{"Index":-1,"UsageList":null}}
I0906 15:30:22.709773       1 device_info.go:113] "Nvidia Device registered name" name="volcano-lab-worker2" val={"ID":1,"Node":"volcano-lab-worker2","UUID":"GPU-22345678-1234-1234-1234-123456780001","PodMap":{},"Memory":409,"Number":10,"Type":"NVIDIA-NVIDIA A100-SXM4-40GB","Health":true,"UsedNum":0,"UsedMem":0,"UsedCore":0,"MigTemplate":[],"MigUsage":{"Index":-1,"UsageList":null}}
I0906 15:30:22.709780       1 device_info.go:111] GPU sharing mode:  hami-core
I0906 15:30:22.709784       1 device_info.go:113] "Nvidia Device registered name" name="volcano-lab-worker2" val={"ID":0,"Node":"volcano-lab-worker2","UUID":"GPU-22345678-1234-1234-1234-123456780000","PodMap":{},"Memory":409,"Number":10,"Type":"NVIDIA-NVIDIA A100-SXM4-40GB","Health":true,"UsedNum":0,"UsedMem":0,"UsedCore":0,"MigTemplate":[],"MigUsage":{"Index":-1,"UsageList":null}}
I0906 15:30:22.709789       1 device_info.go:113] "Nvidia Device registered name" name="volcano-lab-worker2" val={"ID":1,"Node":"volcano-lab-worker2","UUID":"GPU-22345678-1234-1234-1234-123456780001","PodMap":{},"Memory":409,"Number":10,"Type":"NVIDIA-NVIDIA A100-SXM4-40GB","Health":true,"UsedNum":0,"UsedMem":0,"UsedCore":0,"MigTemplate":[],"MigUsage":{"Index":-1,"UsageList":null}}
E0906 15:30:22.709807       1 device_info.go:189] pod volcano-admission-5b979dc8f6-8rdzl has no annotation volcano.sh/devices-to-allocate
E0906 15:30:22.709813       1 device_info.go:189] pod kindnet-5whpw has no annotation volcano.sh/devices-to-allocate
E0906 15:30:22.709822       1 device_info.go:189] pod kube-state-metrics-5ffcdf767c-gf9d5 has no annotation volcano.sh/devices-to-allocate
E0906 15:30:22.709826       1 device_info.go:189] pod volcano-controllers-5b976c6d4b-rkqw6 has no annotation volcano.sh/devices-to-allocate
E0906 15:30:22.709829       1 device_info.go:189] pod kube-proxy-gwssg has no annotation volcano.sh/devices-to-allocate
E0906 15:30:22.709833       1 device_info.go:189] pod prometheus-deployment-7cb9b4545b-h2fz4 has no annotation volcano.sh/devices-to-allocate
E0906 15:30:22.709838       1 device_info.go:189] pod volcano-device-plugin-jj26z has no annotation volcano.sh/devices-to-allocate
E0906 15:30:22.709843       1 device_info.go:189] pod mock2-nvml-mock-mtnbp has no annotation volcano.sh/devices-to-allocate
I0906 15:30:22.709886       1 cache.go:1581] "SnapShot for scheduling" jobNum=0 QueueNum=3 NodeNum=3
I0906 15:30:22.709896       1 session.go:1036] Start adjusting jobs' network topology spec according to hyperNodeTierNameMap map[]
I0906 15:30:22.709902       1 session.go:1079] Finish adjusting jobs' network topology spec according to hyperNodeTierNameMap map[]
I0906 15:30:22.709909       1 session.go:279] Open Session d8886515-7644-4f56-9f6b-474e8428ec61 with <0> Job and <3> Queues. HyperNodesReadyToSchedule: true
I0906 15:30:22.710178       1 gpuexclusive.go:437] gpuexclusive: no rules configured, skipping GPU exclusivity wrapping
I0906 15:30:22.710190       1 enqueue.go:79] Try to enqueue PodGroup to 0 Queues
I0906 15:30:22.710195       1 reclaim.go:68] There are <0> Jobs and <3> Queues in total for scheduling.
I0906 15:30:22.710211       1 allocate.go:138] Try to allocate resource to 0 Queues
I0906 15:30:22.710242       1 session.go:577] Close Session d8886515-7644-4f56-9f6b-474e8428ec61
I0906 15:30:23.710880       1 device_info.go:111] GPU sharing mode:  hami-core
I0906 15:30:23.710933       1 device_info.go:113] "Nvidia Device registered name" name="volcano-lab-worker" val={"ID":0,"Node":"volcano-lab-worker","UUID":"GPU-12345678-1234-1234-1234-123456780000","PodMap":{},"Memory":409,"Number":10,"Type":"NVIDIA-NVIDIA A100-SXM4-40GB","Health":true,"UsedNum":0,"UsedMem":0,"UsedCore":0,"MigTemplate":[],"MigUsage":{"Index":-1,"UsageList":null}}
I0906 15:30:23.710967       1 device_info.go:113] "Nvidia Device registered name" name="volcano-lab-worker" val={"ID":1,"Node":"volcano-lab-worker","UUID":"GPU-12345678-1234-1234-1234-123456780001","PodMap":{},"Memory":409,"Number":10,"Type":"NVIDIA-NVIDIA A100-SXM4-40GB","Health":true,"UsedNum":0,"UsedMem":0,"UsedCore":0,"MigTemplate":[],"MigUsage":{"Index":-1,"UsageList":null}}
I0906 15:30:23.710992       1 device_info.go:111] GPU sharing mode:  hami-core
I0906 15:30:23.711006       1 device_info.go:113] "Nvidia Device registered name" name="volcano-lab-worker" val={"ID":1,"Node":"volcano-lab-worker","UUID":"GPU-12345678-1234-1234-1234-123456780001","PodMap":{},"Memory":409,"Number":10,"Type":"NVIDIA-NVIDIA A100-SXM4-40GB","Health":true,"UsedNum":0,"UsedMem":0,"UsedCore":0,"MigTemplate":[],"MigUsage":{"Index":-1,"UsageList":null}}
I0906 15:30:23.711021       1 device_info.go:113] "Nvidia Device registered name" name="volcano-lab-worker" val={"ID":0,"Node":"volcano-lab-worker","UUID":"GPU-12345678-1234-1234-1234-123456780000","PodMap":{},"Memory":409,"Number":10,"Type":"NVIDIA-NVIDIA A100-SXM4-40GB","Health":true,"UsedNum":0,"UsedMem":0,"UsedCore":0,"MigTemplate":[],"MigUsage":{"Index":-1,"UsageList":null}}
E0906 15:30:23.711072       1 device_info.go:189] pod kindnet-k2m7h has no annotation volcano.sh/devices-to-allocate
E0906 15:30:23.711093       1 device_info.go:189] pod kube-proxy-btcmr has no annotation volcano.sh/devices-to-allocate
E0906 15:30:23.711106       1 device_info.go:189] pod mock1-nvml-mock-9rgh9 has no annotation volcano.sh/devices-to-allocate
E0906 15:30:23.711117       1 device_info.go:189] pod grafana-7c5659d458-xrbnn has no annotation volcano.sh/devices-to-allocate
E0906 15:30:23.711170       1 device_info.go:189] pod volcano-device-plugin-2sg22 has no annotation volcano.sh/devices-to-allocate
E0906 15:30:23.711191       1 device_info.go:189] pod volcano-scheduler-65f6496dc8-58jzd has no annotation volcano.sh/devices-to-allocate
I0906 15:30:23.711309       1 device_info.go:111] GPU sharing mode:  hami-core
I0906 15:30:23.711333       1 device_info.go:113] "Nvidia Device registered name" name="volcano-lab-worker2" val={"ID":0,"Node":"volcano-lab-worker2","UUID":"GPU-22345678-1234-1234-1234-123456780000","PodMap":{},"Memory":409,"Number":10,"Type":"NVIDIA-NVIDIA A100-SXM4-40GB","Health":true,"UsedNum":0,"UsedMem":0,"UsedCore":0,"MigTemplate":[],"MigUsage":{"Index":-1,"UsageList":null}}
I0906 15:30:23.711360       1 device_info.go:113] "Nvidia Device registered name" name="volcano-lab-worker2" val={"ID":1,"Node":"volcano-lab-worker2","UUID":"GPU-22345678-1234-1234-1234-123456780001","PodMap":{},"Memory":409,"Number":10,"Type":"NVIDIA-NVIDIA A100-SXM4-40GB","Health":true,"UsedNum":0,"UsedMem":0,"UsedCore":0,"MigTemplate":[],"MigUsage":{"Index":-1,"UsageList":null}}
I0906 15:30:23.711412       1 device_info.go:111] GPU sharing mode:  hami-core
I0906 15:30:23.711434       1 device_info.go:113] "Nvidia Device registered name" name="volcano-lab-worker2" val={"ID":0,"Node":"volcano-lab-worker2","UUID":"GPU-22345678-1234-1234-1234-123456780000","PodMap":{},"Memory":409,"Number":10,"Type":"NVIDIA-NVIDIA A100-SXM4-40GB","Health":true,"UsedNum":0,"UsedMem":0,"UsedCore":0,"MigTemplate":[],"MigUsage":{"Index":-1,"UsageList":null}}
I0906 15:30:23.711449       1 device_info.go:113] "Nvidia Device registered name" name="volcano-lab-worker2" val={"ID":1,"Node":"volcano-lab-worker2","UUID":"GPU-22345678-1234-1234-1234-123456780001","PodMap":{},"Memory":409,"Number":10,"Type":"NVIDIA-NVIDIA A100-SXM4-40GB","Health":true,"UsedNum":0,"UsedMem":0,"UsedCore":0,"MigTemplate":[],"MigUsage":{"Index":-1,"UsageList":null}}
E0906 15:30:23.711469       1 device_info.go:189] pod kube-state-metrics-5ffcdf767c-gf9d5 has no annotation volcano.sh/devices-to-allocate
E0906 15:30:23.711490       1 device_info.go:189] pod volcano-controllers-5b976c6d4b-rkqw6 has no annotation volcano.sh/devices-to-allocate
E0906 15:30:23.711500       1 device_info.go:189] pod kube-proxy-gwssg has no annotation volcano.sh/devices-to-allocate
E0906 15:30:23.711511       1 device_info.go:189] pod prometheus-deployment-7cb9b4545b-h2fz4 has no annotation volcano.sh/devices-to-allocate
E0906 15:30:23.711521       1 device_info.go:189] pod volcano-device-plugin-jj26z has no annotation volcano.sh/devices-to-allocate
E0906 15:30:23.711530       1 device_info.go:189] pod mock2-nvml-mock-mtnbp has no annotation volcano.sh/devices-to-allocate
E0906 15:30:23.711539       1 device_info.go:189] pod volcano-admission-5b979dc8f6-8rdzl has no annotation volcano.sh/devices-to-allocate
E0906 15:30:23.711548       1 device_info.go:189] pod kindnet-5whpw has no annotation volcano.sh/devices-to-allocate
I0906 15:30:23.711640       1 cache.go:1581] "SnapShot for scheduling" jobNum=0 QueueNum=3 NodeNum=3
I0906 15:30:23.711653       1 session.go:1036] Start adjusting jobs' network topology spec according to hyperNodeTierNameMap map[]
I0906 15:30:23.711659       1 session.go:1079] Finish adjusting jobs' network topology spec according to hyperNodeTierNameMap map[]
I0906 15:30:23.711666       1 session.go:279] Open Session 0cd2a5df-33f8-40e8-8fee-7543b01da84c with <0> Job and <3> Queues. HyperNodesReadyToSchedule: true
I0906 15:30:23.712473       1 gpuexclusive.go:437] gpuexclusive: no rules configured, skipping GPU exclusivity wrapping
I0906 15:30:23.712495       1 enqueue.go:79] Try to enqueue PodGroup to 0 Queues
I0906 15:30:23.712503       1 reclaim.go:68] There are <0> Jobs and <3> Queues in total for scheduling.
I0906 15:30:23.712511       1 allocate.go:138] Try to allocate resource to 0 Queues
I0906 15:30:23.712562       1 session.go:577] Close Session 0cd2a5df-33f8-40e8-8fee-7543b01da84c
I0906 15:30:24.713536       1 device_info.go:111] GPU sharing mode:  hami-core
I0906 15:30:24.713585       1 device_info.go:113] "Nvidia Device registered name" name="volcano-lab-worker" val={"ID":0,"Node":"volcano-lab-worker","UUID":"GPU-12345678-1234-1234-1234-123456780000","PodMap":{},"Memory":409,"Number":10,"Type":"NVIDIA-NVIDIA A100-SXM4-40GB","Health":true,"UsedNum":0,"UsedMem":0,"UsedCore":0,"MigTemplate":[],"MigUsage":{"Index":-1,"UsageList":null}}
I0906 15:30:24.713619       1 device_info.go:113] "Nvidia Device registered name" name="volcano-lab-worker" val={"ID":1,"Node":"volcano-lab-worker","UUID":"GPU-12345678-1234-1234-1234-123456780001","PodMap":{},"Memory":409,"Number":10,"Type":"NVIDIA-NVIDIA A100-SXM4-40GB","Health":true,"UsedNum":0,"UsedMem":0,"UsedCore":0,"MigTemplate":[],"MigUsage":{"Index":-1,"UsageList":null}}
I0906 15:30:24.713640       1 device_info.go:111] GPU sharing mode:  hami-core
I0906 15:30:24.713656       1 device_info.go:113] "Nvidia Device registered name" name="volcano-lab-worker" val={"ID":0,"Node":"volcano-lab-worker","UUID":"GPU-12345678-1234-1234-1234-123456780000","PodMap":{},"Memory":409,"Number":10,"Type":"NVIDIA-NVIDIA A100-SXM4-40GB","Health":true,"UsedNum":0,"UsedMem":0,"UsedCore":0,"MigTemplate":[],"MigUsage":{"Index":-1,"UsageList":null}}
I0906 15:30:24.713666       1 device_info.go:113] "Nvidia Device registered name" name="volcano-lab-worker" val={"ID":1,"Node":"volcano-lab-worker","UUID":"GPU-12345678-1234-1234-1234-123456780001","PodMap":{},"Memory":409,"Number":10,"Type":"NVIDIA-NVIDIA A100-SXM4-40GB","Health":true,"UsedNum":0,"UsedMem":0,"UsedCore":0,"MigTemplate":[],"MigUsage":{"Index":-1,"UsageList":null}}
E0906 15:30:24.713674       1 device_info.go:189] pod grafana-7c5659d458-xrbnn has no annotation volcano.sh/devices-to-allocate
E0906 15:30:24.713710       1 device_info.go:189] pod volcano-device-plugin-2sg22 has no annotation volcano.sh/devices-to-allocate
E0906 15:30:24.713716       1 device_info.go:189] pod volcano-scheduler-65f6496dc8-58jzd has no annotation volcano.sh/devices-to-allocate
E0906 15:30:24.713720       1 device_info.go:189] pod kindnet-k2m7h has no annotation volcano.sh/devices-to-allocate
E0906 15:30:24.713724       1 device_info.go:189] pod kube-proxy-btcmr has no annotation volcano.sh/devices-to-allocate
E0906 15:30:24.713728       1 device_info.go:189] pod mock1-nvml-mock-9rgh9 has no annotation volcano.sh/devices-to-allocate
I0906 15:30:24.713752       1 device_info.go:111] GPU sharing mode:  hami-core
I0906 15:30:24.713758       1 device_info.go:113] "Nvidia Device registered name" name="volcano-lab-worker2" val={"ID":1,"Node":"volcano-lab-worker2","UUID":"GPU-22345678-1234-1234-1234-123456780001","PodMap":{},"Memory":409,"Number":10,"Type":"NVIDIA-NVIDIA A100-SXM4-40GB","Health":true,"UsedNum":0,"UsedMem":0,"UsedCore":0,"MigTemplate":[],"MigUsage":{"Index":-1,"UsageList":null}}
I0906 15:30:24.713770       1 device_info.go:113] "Nvidia Device registered name" name="volcano-lab-worker2" val={"ID":0,"Node":"volcano-lab-worker2","UUID":"GPU-22345678-1234-1234-1234-123456780000","PodMap":{},"Memory":409,"Number":10,"Type":"NVIDIA-NVIDIA A100-SXM4-40GB","Health":true,"UsedNum":0,"UsedMem":0,"UsedCore":0,"MigTemplate":[],"MigUsage":{"Index":-1,"UsageList":null}}
I0906 15:30:24.713776       1 device_info.go:111] GPU sharing mode:  hami-core
I0906 15:30:24.713780       1 device_info.go:113] "Nvidia Device registered name" name="volcano-lab-worker2" val={"ID":0,"Node":"volcano-lab-worker2","UUID":"GPU-22345678-1234-1234-1234-123456780000","PodMap":{},"Memory":409,"Number":10,"Type":"NVIDIA-NVIDIA A100-SXM4-40GB","Health":true,"UsedNum":0,"UsedMem":0,"UsedCore":0,"MigTemplate":[],"MigUsage":{"Index":-1,"UsageList":null}}
I0906 15:30:24.713785       1 device_info.go:113] "Nvidia Device registered name" name="volcano-lab-worker2" val={"ID":1,"Node":"volcano-lab-worker2","UUID":"GPU-22345678-1234-1234-1234-123456780001","PodMap":{},"Memory":409,"Number":10,"Type":"NVIDIA-NVIDIA A100-SXM4-40GB","Health":true,"UsedNum":0,"UsedMem":0,"UsedCore":0,"MigTemplate":[],"MigUsage":{"Index":-1,"UsageList":null}}
E0906 15:30:24.713792       1 device_info.go:189] pod volcano-device-plugin-jj26z has no annotation volcano.sh/devices-to-allocate
E0906 15:30:24.713797       1 device_info.go:189] pod mock2-nvml-mock-mtnbp has no annotation volcano.sh/devices-to-allocate
E0906 15:30:24.713801       1 device_info.go:189] pod volcano-admission-5b979dc8f6-8rdzl has no annotation volcano.sh/devices-to-allocate
E0906 15:30:24.713805       1 device_info.go:189] pod kindnet-5whpw has no annotation volcano.sh/devices-to-allocate
E0906 15:30:24.713809       1 device_info.go:189] pod kube-state-metrics-5ffcdf767c-gf9d5 has no annotation volcano.sh/devices-to-allocate
E0906 15:30:24.713813       1 device_info.go:189] pod volcano-controllers-5b976c6d4b-rkqw6 has no annotation volcano.sh/devices-to-allocate
E0906 15:30:24.713817       1 device_info.go:189] pod kube-proxy-gwssg has no annotation volcano.sh/devices-to-allocate
E0906 15:30:24.713821       1 device_info.go:189] pod prometheus-deployment-7cb9b4545b-h2fz4 has no annotation volcano.sh/devices-to-allocate
I0906 15:30:24.713861       1 cache.go:1581] "SnapShot for scheduling" jobNum=0 QueueNum=3 NodeNum=3
I0906 15:30:24.713871       1 session.go:1036] Start adjusting jobs' network topology spec according to hyperNodeTierNameMap map[]
I0906 15:30:24.713876       1 session.go:1079] Finish adjusting jobs' network topology spec according to hyperNodeTierNameMap map[]
I0906 15:30:24.713883       1 session.go:279] Open Session 88444d08-2e34-4bc7-b6d5-c699fde0a1a0 with <0> Job and <3> Queues. HyperNodesReadyToSchedule: true
I0906 15:30:24.714212       1 gpuexclusive.go:437] gpuexclusive: no rules configured, skipping GPU exclusivity wrapping
I0906 15:30:24.714238       1 enqueue.go:79] Try to enqueue PodGroup to 0 Queues
I0906 15:30:24.714253       1 reclaim.go:68] There are <0> Jobs and <3> Queues in total for scheduling.
I0906 15:30:24.714268       1 allocate.go:138] Try to allocate resource to 0 Queues
I0906 15:30:24.714320       1 session.go:577] Close Session 88444d08-2e34-4bc7-b6d5-c699fde0a1a0
I0906 15:30:25.714734       1 device_info.go:111] GPU sharing mode:  hami-core
I0906 15:30:25.714770       1 device_info.go:113] "Nvidia Device registered name" name="volcano-lab-worker" val={"ID":0,"Node":"volcano-lab-worker","UUID":"GPU-12345678-1234-1234-1234-123456780000","PodMap":{},"Memory":409,"Number":10,"Type":"NVIDIA-NVIDIA A100-SXM4-40GB","Health":true,"UsedNum":0,"UsedMem":0,"UsedCore":0,"MigTemplate":[],"MigUsage":{"Index":-1,"UsageList":null}}
I0906 15:30:25.714795       1 device_info.go:113] "Nvidia Device registered name" name="volcano-lab-worker" val={"ID":1,"Node":"volcano-lab-worker","UUID":"GPU-12345678-1234-1234-1234-123456780001","PodMap":{},"Memory":409,"Number":10,"Type":"NVIDIA-NVIDIA A100-SXM4-40GB","Health":true,"UsedNum":0,"UsedMem":0,"UsedCore":0,"MigTemplate":[],"MigUsage":{"Index":-1,"UsageList":null}}
I0906 15:30:25.714814       1 device_info.go:111] GPU sharing mode:  hami-core
I0906 15:30:25.714825       1 device_info.go:113] "Nvidia Device registered name" name="volcano-lab-worker" val={"ID":0,"Node":"volcano-lab-worker","UUID":"GPU-12345678-1234-1234-1234-123456780000","PodMap":{},"Memory":409,"Number":10,"Type":"NVIDIA-NVIDIA A100-SXM4-40GB","Health":true,"UsedNum":0,"UsedMem":0,"UsedCore":0,"MigTemplate":[],"MigUsage":{"Index":-1,"UsageList":null}}
I0906 15:30:25.714837       1 device_info.go:113] "Nvidia Device registered name" name="volcano-lab-worker" val={"ID":1,"Node":"volcano-lab-worker","UUID":"GPU-12345678-1234-1234-1234-123456780001","PodMap":{},"Memory":409,"Number":10,"Type":"NVIDIA-NVIDIA A100-SXM4-40GB","Health":true,"UsedNum":0,"UsedMem":0,"UsedCore":0,"MigTemplate":[],"MigUsage":{"Index":-1,"UsageList":null}}
E0906 15:30:25.714864       1 device_info.go:189] pod volcano-device-plugin-2sg22 has no annotation volcano.sh/devices-to-allocate
E0906 15:30:25.714878       1 device_info.go:189] pod volcano-scheduler-65f6496dc8-58jzd has no annotation volcano.sh/devices-to-allocate
E0906 15:30:25.714890       1 device_info.go:189] pod kindnet-k2m7h has no annotation volcano.sh/devices-to-allocate
E0906 15:30:25.714903       1 device_info.go:189] pod kube-proxy-btcmr has no annotation volcano.sh/devices-to-allocate
E0906 15:30:25.714915       1 device_info.go:189] pod mock1-nvml-mock-9rgh9 has no annotation volcano.sh/devices-to-allocate
E0906 15:30:25.714926       1 device_info.go:189] pod grafana-7c5659d458-xrbnn has no annotation volcano.sh/devices-to-allocate
I0906 15:30:25.714992       1 device_info.go:111] GPU sharing mode:  hami-core
I0906 15:30:25.715005       1 device_info.go:113] "Nvidia Device registered name" name="volcano-lab-worker2" val={"ID":0,"Node":"volcano-lab-worker2","UUID":"GPU-22345678-1234-1234-1234-123456780000","PodMap":{},"Memory":409,"Number":10,"Type":"NVIDIA-NVIDIA A100-SXM4-40GB","Health":true,"UsedNum":0,"UsedMem":0,"UsedCore":0,"MigTemplate":[],"MigUsage":{"Index":-1,"UsageList":null}}
I0906 15:30:25.715025       1 device_info.go:113] "Nvidia Device registered name" name="volcano-lab-worker2" val={"ID":1,"Node":"volcano-lab-worker2","UUID":"GPU-22345678-1234-1234-1234-123456780001","PodMap":{},"Memory":409,"Number":10,"Type":"NVIDIA-NVIDIA A100-SXM4-40GB","Health":true,"UsedNum":0,"UsedMem":0,"UsedCore":0,"MigTemplate":[],"MigUsage":{"Index":-1,"UsageList":null}}
I0906 15:30:25.715040       1 device_info.go:111] GPU sharing mode:  hami-core
I0906 15:30:25.715065       1 device_info.go:113] "Nvidia Device registered name" name="volcano-lab-worker2" val={"ID":0,"Node":"volcano-lab-worker2","UUID":"GPU-22345678-1234-1234-1234-123456780000","PodMap":{},"Memory":409,"Number":10,"Type":"NVIDIA-NVIDIA A100-SXM4-40GB","Health":true,"UsedNum":0,"UsedMem":0,"UsedCore":0,"MigTemplate":[],"MigUsage":{"Index":-1,"UsageList":null}}
I0906 15:30:25.715084       1 device_info.go:113] "Nvidia Device registered name" name="volcano-lab-worker2" val={"ID":1,"Node":"volcano-lab-worker2","UUID":"GPU-22345678-1234-1234-1234-123456780001","PodMap":{},"Memory":409,"Number":10,"Type":"NVIDIA-NVIDIA A100-SXM4-40GB","Health":true,"UsedNum":0,"UsedMem":0,"UsedCore":0,"MigTemplate":[],"MigUsage":{"Index":-1,"UsageList":null}}
E0906 15:30:25.715104       1 device_info.go:189] pod kube-state-metrics-5ffcdf767c-gf9d5 has no annotation volcano.sh/devices-to-allocate
E0906 15:30:25.715113       1 device_info.go:189] pod volcano-controllers-5b976c6d4b-rkqw6 has no annotation volcano.sh/devices-to-allocate
E0906 15:30:25.715121       1 device_info.go:189] pod kube-proxy-gwssg has no annotation volcano.sh/devices-to-allocate
E0906 15:30:25.715129       1 device_info.go:189] pod prometheus-deployment-7cb9b4545b-h2fz4 has no annotation volcano.sh/devices-to-allocate
E0906 15:30:25.715138       1 device_info.go:189] pod volcano-device-plugin-jj26z has no annotation volcano.sh/devices-to-allocate
E0906 15:30:25.715147       1 device_info.go:189] pod mock2-nvml-mock-mtnbp has no annotation volcano.sh/devices-to-allocate
E0906 15:30:25.715155       1 device_info.go:189] pod volcano-admission-5b979dc8f6-8rdzl has no annotation volcano.sh/devices-to-allocate
E0906 15:30:25.715164       1 device_info.go:189] pod kindnet-5whpw has no annotation volcano.sh/devices-to-allocate
I0906 15:30:25.715258       1 cache.go:1581] "SnapShot for scheduling" jobNum=0 QueueNum=3 NodeNum=3
I0906 15:30:25.715275       1 session.go:1036] Start adjusting jobs' network topology spec according to hyperNodeTierNameMap map[]
I0906 15:30:25.715287       1 session.go:1079] Finish adjusting jobs' network topology spec according to hyperNodeTierNameMap map[]
I0906 15:30:25.715301       1 session.go:279] Open Session 6a3c1c86-7d7c-4099-853b-40d72aecbc52 with <0> Job and <3> Queues. HyperNodesReadyToSchedule: true
I0906 15:30:25.715550       1 gpuexclusive.go:437] gpuexclusive: no rules configured, skipping GPU exclusivity wrapping
I0906 15:30:25.715561       1 enqueue.go:79] Try to enqueue PodGroup to 0 Queues
I0906 15:30:25.715567       1 reclaim.go:68] There are <0> Jobs and <3> Queues in total for scheduling.
I0906 15:30:25.715574       1 allocate.go:138] Try to allocate resource to 0 Queues
I0906 15:30:25.715600       1 session.go:577] Close Session 6a3c1c86-7d7c-4099-853b-40d72aecbc52
I0906 15:30:26.716283       1 device_info.go:111] GPU sharing mode:  hami-core
I0906 15:30:26.716329       1 device_info.go:113] "Nvidia Device registered name" name="volcano-lab-worker" val={"ID":0,"Node":"volcano-lab-worker","UUID":"GPU-12345678-1234-1234-1234-123456780000","PodMap":{},"Memory":409,"Number":10,"Type":"NVIDIA-NVIDIA A100-SXM4-40GB","Health":true,"UsedNum":0,"UsedMem":0,"UsedCore":0,"MigTemplate":[],"MigUsage":{"Index":-1,"UsageList":null}}
I0906 15:30:26.716374       1 device_info.go:113] "Nvidia Device registered name" name="volcano-lab-worker" val={"ID":1,"Node":"volcano-lab-worker","UUID":"GPU-12345678-1234-1234-1234-123456780001","PodMap":{},"Memory":409,"Number":10,"Type":"NVIDIA-NVIDIA A100-SXM4-40GB","Health":true,"UsedNum":0,"UsedMem":0,"UsedCore":0,"MigTemplate":[],"MigUsage":{"Index":-1,"UsageList":null}}
I0906 15:30:26.716433       1 device_info.go:111] GPU sharing mode:  hami-core
I0906 15:30:26.716463       1 device_info.go:113] "Nvidia Device registered name" name="volcano-lab-worker" val={"ID":1,"Node":"volcano-lab-worker","UUID":"GPU-12345678-1234-1234-1234-123456780001","PodMap":{},"Memory":409,"Number":10,"Type":"NVIDIA-NVIDIA A100-SXM4-40GB","Health":true,"UsedNum":0,"UsedMem":0,"UsedCore":0,"MigTemplate":[],"MigUsage":{"Index":-1,"UsageList":null}}
I0906 15:30:26.716491       1 device_info.go:113] "Nvidia Device registered name" name="volcano-lab-worker" val={"ID":0,"Node":"volcano-lab-worker","UUID":"GPU-12345678-1234-1234-1234-123456780000","PodMap":{},"Memory":409,"Number":10,"Type":"NVIDIA-NVIDIA A100-SXM4-40GB","Health":true,"UsedNum":0,"UsedMem":0,"UsedCore":0,"MigTemplate":[],"MigUsage":{"Index":-1,"UsageList":null}}
E0906 15:30:26.716528       1 device_info.go:189] pod volcano-device-plugin-2sg22 has no annotation volcano.sh/devices-to-allocate
E0906 15:30:26.716552       1 device_info.go:189] pod volcano-scheduler-65f6496dc8-58jzd has no annotation volcano.sh/devices-to-allocate
E0906 15:30:26.716569       1 device_info.go:189] pod kindnet-k2m7h has no annotation volcano.sh/devices-to-allocate
E0906 15:30:26.716584       1 device_info.go:189] pod kube-proxy-btcmr has no annotation volcano.sh/devices-to-allocate
E0906 15:30:26.716598       1 device_info.go:189] pod mock1-nvml-mock-9rgh9 has no annotation volcano.sh/devices-to-allocate
E0906 15:30:26.716619       1 device_info.go:189] pod grafana-7c5659d458-xrbnn has no annotation volcano.sh/devices-to-allocate
I0906 15:30:26.716698       1 device_info.go:111] GPU sharing mode:  hami-core
I0906 15:30:26.716718       1 device_info.go:113] "Nvidia Device registered name" name="volcano-lab-worker2" val={"ID":0,"Node":"volcano-lab-worker2","UUID":"GPU-22345678-1234-1234-1234-123456780000","PodMap":{},"Memory":409,"Number":10,"Type":"NVIDIA-NVIDIA A100-SXM4-40GB","Health":true,"UsedNum":0,"UsedMem":0,"UsedCore":0,"MigTemplate":[],"MigUsage":{"Index":-1,"UsageList":null}}
I0906 15:30:26.716747       1 device_info.go:113] "Nvidia Device registered name" name="volcano-lab-worker2" val={"ID":1,"Node":"volcano-lab-worker2","UUID":"GPU-22345678-1234-1234-1234-123456780001","PodMap":{},"Memory":409,"Number":10,"Type":"NVIDIA-NVIDIA A100-SXM4-40GB","Health":true,"UsedNum":0,"UsedMem":0,"UsedCore":0,"MigTemplate":[],"MigUsage":{"Index":-1,"UsageList":null}}
I0906 15:30:26.716789       1 device_info.go:111] GPU sharing mode:  hami-core
I0906 15:30:26.716808       1 device_info.go:113] "Nvidia Device registered name" name="volcano-lab-worker2" val={"ID":0,"Node":"volcano-lab-worker2","UUID":"GPU-22345678-1234-1234-1234-123456780000","PodMap":{},"Memory":409,"Number":10,"Type":"NVIDIA-NVIDIA A100-SXM4-40GB","Health":true,"UsedNum":0,"UsedMem":0,"UsedCore":0,"MigTemplate":[],"MigUsage":{"Index":-1,"UsageList":null}}
I0906 15:30:26.716840       1 device_info.go:113] "Nvidia Device registered name" name="volcano-lab-worker2" val={"ID":1,"Node":"volcano-lab-worker2","UUID":"GPU-22345678-1234-1234-1234-123456780001","PodMap":{},"Memory":409,"Number":10,"Type":"NVIDIA-NVIDIA A100-SXM4-40GB","Health":true,"UsedNum":0,"UsedMem":0,"UsedCore":0,"MigTemplate":[],"MigUsage":{"Index":-1,"UsageList":null}}
E0906 15:30:26.716862       1 device_info.go:189] pod kindnet-5whpw has no annotation volcano.sh/devices-to-allocate
E0906 15:30:26.716882       1 device_info.go:189] pod kube-state-metrics-5ffcdf767c-gf9d5 has no annotation volcano.sh/devices-to-allocate
E0906 15:30:26.716895       1 device_info.go:189] pod volcano-controllers-5b976c6d4b-rkqw6 has no annotation volcano.sh/devices-to-allocate
E0906 15:30:26.716904       1 device_info.go:189] pod kube-proxy-gwssg has no annotation volcano.sh/devices-to-allocate
E0906 15:30:26.716914       1 device_info.go:189] pod prometheus-deployment-7cb9b4545b-h2fz4 has no annotation volcano.sh/devices-to-allocate
E0906 15:30:26.716925       1 device_info.go:189] pod volcano-device-plugin-jj26z has no annotation volcano.sh/devices-to-allocate
E0906 15:30:26.716939       1 device_info.go:189] pod mock2-nvml-mock-mtnbp has no annotation volcano.sh/devices-to-allocate
E0906 15:30:26.716957       1 device_info.go:189] pod volcano-admission-5b979dc8f6-8rdzl has no annotation volcano.sh/devices-to-allocate
I0906 15:30:26.717045       1 cache.go:1581] "SnapShot for scheduling" jobNum=0 QueueNum=3 NodeNum=3
I0906 15:30:26.717090       1 session.go:1036] Start adjusting jobs' network topology spec according to hyperNodeTierNameMap map[]
I0906 15:30:26.717107       1 session.go:1079] Finish adjusting jobs' network topology spec according to hyperNodeTierNameMap map[]
I0906 15:30:26.717133       1 session.go:279] Open Session cdc9d6fa-d33e-4605-9bcb-ceeae8debdf6 with <0> Job and <3> Queues. HyperNodesReadyToSchedule: true
I0906 15:30:26.717666       1 gpuexclusive.go:437] gpuexclusive: no rules configured, skipping GPU exclusivity wrapping
I0906 15:30:26.717693       1 enqueue.go:79] Try to enqueue PodGroup to 0 Queues
I0906 15:30:26.717710       1 reclaim.go:68] There are <0> Jobs and <3> Queues in total for scheduling.
I0906 15:30:26.717730       1 allocate.go:138] Try to allocate resource to 0 Queues
I0906 15:30:26.717767       1 session.go:577] Close Session cdc9d6fa-d33e-4605-9bcb-ceeae8debdf6
I0906 15:30:27.718770       1 device_info.go:111] GPU sharing mode:  hami-core
I0906 15:30:27.718826       1 device_info.go:113] "Nvidia Device registered name" name="volcano-lab-worker2" val={"ID":0,"Node":"volcano-lab-worker2","UUID":"GPU-22345678-1234-1234-1234-123456780000","PodMap":{},"Memory":409,"Number":10,"Type":"NVIDIA-NVIDIA A100-SXM4-40GB","Health":true,"UsedNum":0,"UsedMem":0,"UsedCore":0,"MigTemplate":[],"MigUsage":{"Index":-1,"UsageList":null}}
I0906 15:30:27.718865       1 device_info.go:113] "Nvidia Device registered name" name="volcano-lab-worker2" val={"ID":1,"Node":"volcano-lab-worker2","UUID":"GPU-22345678-1234-1234-1234-123456780001","PodMap":{},"Memory":409,"Number":10,"Type":"NVIDIA-NVIDIA A100-SXM4-40GB","Health":true,"UsedNum":0,"UsedMem":0,"UsedCore":0,"MigTemplate":[],"MigUsage":{"Index":-1,"UsageList":null}}
I0906 15:30:27.718886       1 device_info.go:111] GPU sharing mode:  hami-core
I0906 15:30:27.718897       1 device_info.go:113] "Nvidia Device registered name" name="volcano-lab-worker2" val={"ID":1,"Node":"volcano-lab-worker2","UUID":"GPU-22345678-1234-1234-1234-123456780001","PodMap":{},"Memory":409,"Number":10,"Type":"NVIDIA-NVIDIA A100-SXM4-40GB","Health":true,"UsedNum":0,"UsedMem":0,"UsedCore":0,"MigTemplate":[],"MigUsage":{"Index":-1,"UsageList":null}}
I0906 15:30:27.718909       1 device_info.go:113] "Nvidia Device registered name" name="volcano-lab-worker2" val={"ID":0,"Node":"volcano-lab-worker2","UUID":"GPU-22345678-1234-1234-1234-123456780000","PodMap":{},"Memory":409,"Number":10,"Type":"NVIDIA-NVIDIA A100-SXM4-40GB","Health":true,"UsedNum":0,"UsedMem":0,"UsedCore":0,"MigTemplate":[],"MigUsage":{"Index":-1,"UsageList":null}}
E0906 15:30:27.718936       1 device_info.go:189] pod kube-state-metrics-5ffcdf767c-gf9d5 has no annotation volcano.sh/devices-to-allocate
E0906 15:30:27.718948       1 device_info.go:189] pod volcano-controllers-5b976c6d4b-rkqw6 has no annotation volcano.sh/devices-to-allocate
E0906 15:30:27.718968       1 device_info.go:189] pod kube-proxy-gwssg has no annotation volcano.sh/devices-to-allocate
E0906 15:30:27.718976       1 device_info.go:189] pod prometheus-deployment-7cb9b4545b-h2fz4 has no annotation volcano.sh/devices-to-allocate
E0906 15:30:27.718983       1 device_info.go:189] pod volcano-device-plugin-jj26z has no annotation volcano.sh/devices-to-allocate
E0906 15:30:27.718991       1 device_info.go:189] pod mock2-nvml-mock-mtnbp has no annotation volcano.sh/devices-to-allocate
E0906 15:30:27.718998       1 device_info.go:189] pod volcano-admission-5b979dc8f6-8rdzl has no annotation volcano.sh/devices-to-allocate
E0906 15:30:27.719006       1 device_info.go:189] pod kindnet-5whpw has no annotation volcano.sh/devices-to-allocate
I0906 15:30:27.719112       1 device_info.go:111] GPU sharing mode:  hami-core
I0906 15:30:27.719125       1 device_info.go:113] "Nvidia Device registered name" name="volcano-lab-worker" val={"ID":0,"Node":"volcano-lab-worker","UUID":"GPU-12345678-1234-1234-1234-123456780000","PodMap":{},"Memory":409,"Number":10,"Type":"NVIDIA-NVIDIA A100-SXM4-40GB","Health":true,"UsedNum":0,"UsedMem":0,"UsedCore":0,"MigTemplate":[],"MigUsage":{"Index":-1,"UsageList":null}}
I0906 15:30:27.719138       1 device_info.go:113] "Nvidia Device registered name" name="volcano-lab-worker" val={"ID":1,"Node":"volcano-lab-worker","UUID":"GPU-12345678-1234-1234-1234-123456780001","PodMap":{},"Memory":409,"Number":10,"Type":"NVIDIA-NVIDIA A100-SXM4-40GB","Health":true,"UsedNum":0,"UsedMem":0,"UsedCore":0,"MigTemplate":[],"MigUsage":{"Index":-1,"UsageList":null}}
I0906 15:30:27.719151       1 device_info.go:111] GPU sharing mode:  hami-core
I0906 15:30:27.719161       1 device_info.go:113] "Nvidia Device registered name" name="volcano-lab-worker" val={"ID":0,"Node":"volcano-lab-worker","UUID":"GPU-12345678-1234-1234-1234-123456780000","PodMap":{},"Memory":409,"Number":10,"Type":"NVIDIA-NVIDIA A100-SXM4-40GB","Health":true,"UsedNum":0,"UsedMem":0,"UsedCore":0,"MigTemplate":[],"MigUsage":{"Index":-1,"UsageList":null}}
I0906 15:30:27.719172       1 device_info.go:113] "Nvidia Device registered name" name="volcano-lab-worker" val={"ID":1,"Node":"volcano-lab-worker","UUID":"GPU-12345678-1234-1234-1234-123456780001","PodMap":{},"Memory":409,"Number":10,"Type":"NVIDIA-NVIDIA A100-SXM4-40GB","Health":true,"UsedNum":0,"UsedMem":0,"UsedCore":0,"MigTemplate":[],"MigUsage":{"Index":-1,"UsageList":null}}
E0906 15:30:27.719185       1 device_info.go:189] pod kindnet-k2m7h has no annotation volcano.sh/devices-to-allocate
E0906 15:30:27.719194       1 device_info.go:189] pod kube-proxy-btcmr has no annotation volcano.sh/devices-to-allocate
E0906 15:30:27.719202       1 device_info.go:189] pod mock1-nvml-mock-9rgh9 has no annotation volcano.sh/devices-to-allocate
E0906 15:30:27.719210       1 device_info.go:189] pod grafana-7c5659d458-xrbnn has no annotation volcano.sh/devices-to-allocate
E0906 15:30:27.719217       1 device_info.go:189] pod volcano-device-plugin-2sg22 has no annotation volcano.sh/devices-to-allocate
E0906 15:30:27.719225       1 device_info.go:189] pod volcano-scheduler-65f6496dc8-58jzd has no annotation volcano.sh/devices-to-allocate
I0906 15:30:27.719283       1 cache.go:1581] "SnapShot for scheduling" jobNum=0 QueueNum=3 NodeNum=3
I0906 15:30:27.719301       1 session.go:1036] Start adjusting jobs' network topology spec according to hyperNodeTierNameMap map[]
I0906 15:30:27.719313       1 session.go:1079] Finish adjusting jobs' network topology spec according to hyperNodeTierNameMap map[]
I0906 15:30:27.719327       1 session.go:279] Open Session 3b83bebd-e7a8-4d21-b491-e44f93787c28 with <0> Job and <3> Queues. HyperNodesReadyToSchedule: true
I0906 15:30:27.719628       1 gpuexclusive.go:437] gpuexclusive: no rules configured, skipping GPU exclusivity wrapping
I0906 15:30:27.719640       1 enqueue.go:79] Try to enqueue PodGroup to 0 Queues
I0906 15:30:27.719646       1 reclaim.go:68] There are <0> Jobs and <3> Queues in total for scheduling.
I0906 15:30:27.719651       1 allocate.go:138] Try to allocate resource to 0 Queues
I0906 15:30:27.719676       1 session.go:577] Close Session 3b83bebd-e7a8-4d21-b491-e44f93787c28
I0906 15:30:28.720932       1 device_info.go:111] GPU sharing mode:  hami-core
I0906 15:30:28.720978       1 device_info.go:113] "Nvidia Device registered name" name="volcano-lab-worker" val={"ID":0,"Node":"volcano-lab-worker","UUID":"GPU-12345678-1234-1234-1234-123456780000","PodMap":{},"Memory":409,"Number":10,"Type":"NVIDIA-NVIDIA A100-SXM4-40GB","Health":true,"UsedNum":0,"UsedMem":0,"UsedCore":0,"MigTemplate":[],"MigUsage":{"Index":-1,"UsageList":null}}
I0906 15:30:28.721014       1 device_info.go:113] "Nvidia Device registered name" name="volcano-lab-worker" val={"ID":1,"Node":"volcano-lab-worker","UUID":"GPU-12345678-1234-1234-1234-123456780001","PodMap":{},"Memory":409,"Number":10,"Type":"NVIDIA-NVIDIA A100-SXM4-40GB","Health":true,"UsedNum":0,"UsedMem":0,"UsedCore":0,"MigTemplate":[],"MigUsage":{"Index":-1,"UsageList":null}}
I0906 15:30:28.721034       1 device_info.go:111] GPU sharing mode:  hami-core
I0906 15:30:28.721091       1 device_info.go:113] "Nvidia Device registered name" name="volcano-lab-worker" val={"ID":0,"Node":"volcano-lab-worker","UUID":"GPU-12345678-1234-1234-1234-123456780000","PodMap":{},"Memory":409,"Number":10,"Type":"NVIDIA-NVIDIA A100-SXM4-40GB","Health":true,"UsedNum":0,"UsedMem":0,"UsedCore":0,"MigTemplate":[],"MigUsage":{"Index":-1,"UsageList":null}}
I0906 15:30:28.721114       1 device_info.go:113] "Nvidia Device registered name" name="volcano-lab-worker" val={"ID":1,"Node":"volcano-lab-worker","UUID":"GPU-12345678-1234-1234-1234-123456780001","PodMap":{},"Memory":409,"Number":10,"Type":"NVIDIA-NVIDIA A100-SXM4-40GB","Health":true,"UsedNum":0,"UsedMem":0,"UsedCore":0,"MigTemplate":[],"MigUsage":{"Index":-1,"UsageList":null}}
E0906 15:30:28.721135       1 device_info.go:189] pod grafana-7c5659d458-xrbnn has no annotation volcano.sh/devices-to-allocate
E0906 15:30:28.721166       1 device_info.go:189] pod volcano-device-plugin-2sg22 has no annotation volcano.sh/devices-to-allocate
E0906 15:30:28.721177       1 device_info.go:189] pod volcano-scheduler-65f6496dc8-58jzd has no annotation volcano.sh/devices-to-allocate
E0906 15:30:28.721186       1 device_info.go:189] pod kindnet-k2m7h has no annotation volcano.sh/devices-to-allocate
E0906 15:30:28.721195       1 device_info.go:189] pod kube-proxy-btcmr has no annotation volcano.sh/devices-to-allocate
E0906 15:30:28.721204       1 device_info.go:189] pod mock1-nvml-mock-9rgh9 has no annotation volcano.sh/devices-to-allocate
I0906 15:30:28.721264       1 device_info.go:111] GPU sharing mode:  hami-core
I0906 15:30:28.721281       1 device_info.go:113] "Nvidia Device registered name" name="volcano-lab-worker2" val={"ID":0,"Node":"volcano-lab-worker2","UUID":"GPU-22345678-1234-1234-1234-123456780000","PodMap":{},"Memory":409,"Number":10,"Type":"NVIDIA-NVIDIA A100-SXM4-40GB","Health":true,"UsedNum":0,"UsedMem":0,"UsedCore":0,"MigTemplate":[],"MigUsage":{"Index":-1,"UsageList":null}}
I0906 15:30:28.721302       1 device_info.go:113] "Nvidia Device registered name" name="volcano-lab-worker2" val={"ID":1,"Node":"volcano-lab-worker2","UUID":"GPU-22345678-1234-1234-1234-123456780001","PodMap":{},"Memory":409,"Number":10,"Type":"NVIDIA-NVIDIA A100-SXM4-40GB","Health":true,"UsedNum":0,"UsedMem":0,"UsedCore":0,"MigTemplate":[],"MigUsage":{"Index":-1,"UsageList":null}}
I0906 15:30:28.721344       1 device_info.go:111] GPU sharing mode:  hami-core
I0906 15:30:28.721360       1 device_info.go:113] "Nvidia Device registered name" name="volcano-lab-worker2" val={"ID":0,"Node":"volcano-lab-worker2","UUID":"GPU-22345678-1234-1234-1234-123456780000","PodMap":{},"Memory":409,"Number":10,"Type":"NVIDIA-NVIDIA A100-SXM4-40GB","Health":true,"UsedNum":0,"UsedMem":0,"UsedCore":0,"MigTemplate":[],"MigUsage":{"Index":-1,"UsageList":null}}
I0906 15:30:28.721378       1 device_info.go:113] "Nvidia Device registered name" name="volcano-lab-worker2" val={"ID":1,"Node":"volcano-lab-worker2","UUID":"GPU-22345678-1234-1234-1234-123456780001","PodMap":{},"Memory":409,"Number":10,"Type":"NVIDIA-NVIDIA A100-SXM4-40GB","Health":true,"UsedNum":0,"UsedMem":0,"UsedCore":0,"MigTemplate":[],"MigUsage":{"Index":-1,"UsageList":null}}
E0906 15:30:28.721397       1 device_info.go:189] pod volcano-admission-5b979dc8f6-8rdzl has no annotation volcano.sh/devices-to-allocate
E0906 15:30:28.721408       1 device_info.go:189] pod kindnet-5whpw has no annotation volcano.sh/devices-to-allocate
E0906 15:30:28.721421       1 device_info.go:189] pod kube-state-metrics-5ffcdf767c-gf9d5 has no annotation volcano.sh/devices-to-allocate
E0906 15:30:28.721430       1 device_info.go:189] pod volcano-controllers-5b976c6d4b-rkqw6 has no annotation volcano.sh/devices-to-allocate
E0906 15:30:28.721438       1 device_info.go:189] pod kube-proxy-gwssg has no annotation volcano.sh/devices-to-allocate
E0906 15:30:28.721450       1 device_info.go:189] pod prometheus-deployment-7cb9b4545b-h2fz4 has no annotation volcano.sh/devices-to-allocate
E0906 15:30:28.721459       1 device_info.go:189] pod volcano-device-plugin-jj26z has no annotation volcano.sh/devices-to-allocate
E0906 15:30:28.721469       1 device_info.go:189] pod mock2-nvml-mock-mtnbp has no annotation volcano.sh/devices-to-allocate
I0906 15:30:28.721554       1 cache.go:1581] "SnapShot for scheduling" jobNum=0 QueueNum=3 NodeNum=3
I0906 15:30:28.721579       1 session.go:1036] Start adjusting jobs' network topology spec according to hyperNodeTierNameMap map[]
I0906 15:30:28.721593       1 session.go:1079] Finish adjusting jobs' network topology spec according to hyperNodeTierNameMap map[]
I0906 15:30:28.721613       1 session.go:279] Open Session 087df42e-1cba-4a41-8229-aa687feb0b21 with <0> Job and <3> Queues. HyperNodesReadyToSchedule: true
I0906 15:30:28.721950       1 gpuexclusive.go:437] gpuexclusive: no rules configured, skipping GPU exclusivity wrapping
I0906 15:30:28.721960       1 enqueue.go:79] Try to enqueue PodGroup to 0 Queues
I0906 15:30:28.721967       1 reclaim.go:68] There are <0> Jobs and <3> Queues in total for scheduling.
I0906 15:30:28.721972       1 allocate.go:138] Try to allocate resource to 0 Queues
I0906 15:30:28.722006       1 session.go:577] Close Session 087df42e-1cba-4a41-8229-aa687feb0b21
I0906 15:30:29.722841       1 device_info.go:111] GPU sharing mode:  hami-core
I0906 15:30:29.722888       1 device_info.go:113] "Nvidia Device registered name" name="volcano-lab-worker" val={"ID":0,"Node":"volcano-lab-worker","UUID":"GPU-12345678-1234-1234-1234-123456780000","PodMap":{},"Memory":409,"Number":10,"Type":"NVIDIA-NVIDIA A100-SXM4-40GB","Health":true,"UsedNum":0,"UsedMem":0,"UsedCore":0,"MigTemplate":[],"MigUsage":{"Index":-1,"UsageList":null}}
I0906 15:30:29.722924       1 device_info.go:113] "Nvidia Device registered name" name="volcano-lab-worker" val={"ID":1,"Node":"volcano-lab-worker","UUID":"GPU-12345678-1234-1234-1234-123456780001","PodMap":{},"Memory":409,"Number":10,"Type":"NVIDIA-NVIDIA A100-SXM4-40GB","Health":true,"UsedNum":0,"UsedMem":0,"UsedCore":0,"MigTemplate":[],"MigUsage":{"Index":-1,"UsageList":null}}
I0906 15:30:29.722954       1 device_info.go:111] GPU sharing mode:  hami-core
I0906 15:30:29.722978       1 device_info.go:113] "Nvidia Device registered name" name="volcano-lab-worker" val={"ID":0,"Node":"volcano-lab-worker","UUID":"GPU-12345678-1234-1234-1234-123456780000","PodMap":{},"Memory":409,"Number":10,"Type":"NVIDIA-NVIDIA A100-SXM4-40GB","Health":true,"UsedNum":0,"UsedMem":0,"UsedCore":0,"MigTemplate":[],"MigUsage":{"Index":-1,"UsageList":null}}
I0906 15:30:29.723007       1 device_info.go:113] "Nvidia Device registered name" name="volcano-lab-worker" val={"ID":1,"Node":"volcano-lab-worker","UUID":"GPU-12345678-1234-1234-1234-123456780001","PodMap":{},"Memory":409,"Number":10,"Type":"NVIDIA-NVIDIA A100-SXM4-40GB","Health":true,"UsedNum":0,"UsedMem":0,"UsedCore":0,"MigTemplate":[],"MigUsage":{"Index":-1,"UsageList":null}}
E0906 15:30:29.723038       1 device_info.go:189] pod grafana-7c5659d458-xrbnn has no annotation volcano.sh/devices-to-allocate
E0906 15:30:29.723076       1 device_info.go:189] pod volcano-device-plugin-2sg22 has no annotation volcano.sh/devices-to-allocate
E0906 15:30:29.723115       1 device_info.go:189] pod volcano-scheduler-65f6496dc8-58jzd has no annotation volcano.sh/devices-to-allocate
E0906 15:30:29.723132       1 device_info.go:189] pod kindnet-k2m7h has no annotation volcano.sh/devices-to-allocate
E0906 15:30:29.723149       1 device_info.go:189] pod kube-proxy-btcmr has no annotation volcano.sh/devices-to-allocate
E0906 15:30:29.723169       1 device_info.go:189] pod mock1-nvml-mock-9rgh9 has no annotation volcano.sh/devices-to-allocate
I0906 15:30:29.723271       1 device_info.go:111] GPU sharing mode:  hami-core
I0906 15:30:29.723305       1 device_info.go:113] "Nvidia Device registered name" name="volcano-lab-worker2" val={"ID":0,"Node":"volcano-lab-worker2","UUID":"GPU-22345678-1234-1234-1234-123456780000","PodMap":{},"Memory":409,"Number":10,"Type":"NVIDIA-NVIDIA A100-SXM4-40GB","Health":true,"UsedNum":0,"UsedMem":0,"UsedCore":0,"MigTemplate":[],"MigUsage":{"Index":-1,"UsageList":null}}
I0906 15:30:29.723351       1 device_info.go:113] "Nvidia Device registered name" name="volcano-lab-worker2" val={"ID":1,"Node":"volcano-lab-worker2","UUID":"GPU-22345678-1234-1234-1234-123456780001","PodMap":{},"Memory":409,"Number":10,"Type":"NVIDIA-NVIDIA A100-SXM4-40GB","Health":true,"UsedNum":0,"UsedMem":0,"UsedCore":0,"MigTemplate":[],"MigUsage":{"Index":-1,"UsageList":null}}
I0906 15:30:29.723378       1 device_info.go:111] GPU sharing mode:  hami-core
I0906 15:30:29.723394       1 device_info.go:113] "Nvidia Device registered name" name="volcano-lab-worker2" val={"ID":0,"Node":"volcano-lab-worker2","UUID":"GPU-22345678-1234-1234-1234-123456780000","PodMap":{},"Memory":409,"Number":10,"Type":"NVIDIA-NVIDIA A100-SXM4-40GB","Health":true,"UsedNum":0,"UsedMem":0,"UsedCore":0,"MigTemplate":[],"MigUsage":{"Index":-1,"UsageList":null}}
I0906 15:30:29.723417       1 device_info.go:113] "Nvidia Device registered name" name="volcano-lab-worker2" val={"ID":1,"Node":"volcano-lab-worker2","UUID":"GPU-22345678-1234-1234-1234-123456780001","PodMap":{},"Memory":409,"Number":10,"Type":"NVIDIA-NVIDIA A100-SXM4-40GB","Health":true,"UsedNum":0,"UsedMem":0,"UsedCore":0,"MigTemplate":[],"MigUsage":{"Index":-1,"UsageList":null}}
E0906 15:30:29.723446       1 device_info.go:189] pod volcano-admission-5b979dc8f6-8rdzl has no annotation volcano.sh/devices-to-allocate
E0906 15:30:29.723466       1 device_info.go:189] pod kindnet-5whpw has no annotation volcano.sh/devices-to-allocate
E0906 15:30:29.723480       1 device_info.go:189] pod kube-state-metrics-5ffcdf767c-gf9d5 has no annotation volcano.sh/devices-to-allocate
E0906 15:30:29.723494       1 device_info.go:189] pod volcano-controllers-5b976c6d4b-rkqw6 has no annotation volcano.sh/devices-to-allocate
E0906 15:30:29.723507       1 device_info.go:189] pod kube-proxy-gwssg has no annotation volcano.sh/devices-to-allocate
E0906 15:30:29.723517       1 device_info.go:189] pod prometheus-deployment-7cb9b4545b-h2fz4 has no annotation volcano.sh/devices-to-allocate
E0906 15:30:29.723526       1 device_info.go:189] pod volcano-device-plugin-jj26z has no annotation volcano.sh/devices-to-allocate
E0906 15:30:29.723535       1 device_info.go:189] pod mock2-nvml-mock-mtnbp has no annotation volcano.sh/devices-to-allocate
I0906 15:30:29.723625       1 cache.go:1581] "SnapShot for scheduling" jobNum=0 QueueNum=3 NodeNum=3
I0906 15:30:29.723649       1 session.go:1036] Start adjusting jobs' network topology spec according to hyperNodeTierNameMap map[]
I0906 15:30:29.723664       1 session.go:1079] Finish adjusting jobs' network topology spec according to hyperNodeTierNameMap map[]
I0906 15:30:29.723683       1 session.go:279] Open Session e88f3f2e-e09e-4b25-abd7-10ecdabb2b30 with <0> Job and <3> Queues. HyperNodesReadyToSchedule: true
I0906 15:30:29.724005       1 gpuexclusive.go:437] gpuexclusive: no rules configured, skipping GPU exclusivity wrapping
I0906 15:30:29.724016       1 enqueue.go:79] Try to enqueue PodGroup to 0 Queues
I0906 15:30:29.724023       1 reclaim.go:68] There are <0> Jobs and <3> Queues in total for scheduling.
I0906 15:30:29.724029       1 allocate.go:138] Try to allocate resource to 0 Queues
I0906 15:30:29.724074       1 session.go:577] Close Session e88f3f2e-e09e-4b25-abd7-10ecdabb2b30
I0906 15:30:30.724317       1 device_info.go:111] GPU sharing mode:  hami-core
I0906 15:30:30.724396       1 device_info.go:113] "Nvidia Device registered name" name="volcano-lab-worker" val={"ID":0,"Node":"volcano-lab-worker","UUID":"GPU-12345678-1234-1234-1234-123456780000","PodMap":{},"Memory":409,"Number":10,"Type":"NVIDIA-NVIDIA A100-SXM4-40GB","Health":true,"UsedNum":0,"UsedMem":0,"UsedCore":0,"MigTemplate":[],"MigUsage":{"Index":-1,"UsageList":null}}
I0906 15:30:30.724422       1 device_info.go:113] "Nvidia Device registered name" name="volcano-lab-worker" val={"ID":1,"Node":"volcano-lab-worker","UUID":"GPU-12345678-1234-1234-1234-123456780001","PodMap":{},"Memory":409,"Number":10,"Type":"NVIDIA-NVIDIA A100-SXM4-40GB","Health":true,"UsedNum":0,"UsedMem":0,"UsedCore":0,"MigTemplate":[],"MigUsage":{"Index":-1,"UsageList":null}}
I0906 15:30:30.724441       1 device_info.go:111] GPU sharing mode:  hami-core
I0906 15:30:30.724452       1 device_info.go:113] "Nvidia Device registered name" name="volcano-lab-worker" val={"ID":0,"Node":"volcano-lab-worker","UUID":"GPU-12345678-1234-1234-1234-123456780000","PodMap":{},"Memory":409,"Number":10,"Type":"NVIDIA-NVIDIA A100-SXM4-40GB","Health":true,"UsedNum":0,"UsedMem":0,"UsedCore":0,"MigTemplate":[],"MigUsage":{"Index":-1,"UsageList":null}}
I0906 15:30:30.724465       1 device_info.go:113] "Nvidia Device registered name" name="volcano-lab-worker" val={"ID":1,"Node":"volcano-lab-worker","UUID":"GPU-12345678-1234-1234-1234-123456780001","PodMap":{},"Memory":409,"Number":10,"Type":"NVIDIA-NVIDIA A100-SXM4-40GB","Health":true,"UsedNum":0,"UsedMem":0,"UsedCore":0,"MigTemplate":[],"MigUsage":{"Index":-1,"UsageList":null}}
E0906 15:30:30.724485       1 device_info.go:189] pod volcano-scheduler-65f6496dc8-58jzd has no annotation volcano.sh/devices-to-allocate
E0906 15:30:30.724498       1 device_info.go:189] pod kindnet-k2m7h has no annotation volcano.sh/devices-to-allocate
E0906 15:30:30.724506       1 device_info.go:189] pod kube-proxy-btcmr has no annotation volcano.sh/devices-to-allocate
E0906 15:30:30.724514       1 device_info.go:189] pod mock1-nvml-mock-9rgh9 has no annotation volcano.sh/devices-to-allocate
E0906 15:30:30.724521       1 device_info.go:189] pod grafana-7c5659d458-xrbnn has no annotation volcano.sh/devices-to-allocate
E0906 15:30:30.724527       1 device_info.go:189] pod volcano-device-plugin-2sg22 has no annotation volcano.sh/devices-to-allocate
I0906 15:30:30.724572       1 device_info.go:111] GPU sharing mode:  hami-core
I0906 15:30:30.724583       1 device_info.go:113] "Nvidia Device registered name" name="volcano-lab-worker2" val={"ID":1,"Node":"volcano-lab-worker2","UUID":"GPU-22345678-1234-1234-1234-123456780001","PodMap":{},"Memory":409,"Number":10,"Type":"NVIDIA-NVIDIA A100-SXM4-40GB","Health":true,"UsedNum":0,"UsedMem":0,"UsedCore":0,"MigTemplate":[],"MigUsage":{"Index":-1,"UsageList":null}}
I0906 15:30:30.724605       1 device_info.go:113] "Nvidia Device registered name" name="volcano-lab-worker2" val={"ID":0,"Node":"volcano-lab-worker2","UUID":"GPU-22345678-1234-1234-1234-123456780000","PodMap":{},"Memory":409,"Number":10,"Type":"NVIDIA-NVIDIA A100-SXM4-40GB","Health":true,"UsedNum":0,"UsedMem":0,"UsedCore":0,"MigTemplate":[],"MigUsage":{"Index":-1,"UsageList":null}}
I0906 15:30:30.724615       1 device_info.go:111] GPU sharing mode:  hami-core
I0906 15:30:30.724628       1 device_info.go:113] "Nvidia Device registered name" name="volcano-lab-worker2" val={"ID":0,"Node":"volcano-lab-worker2","UUID":"GPU-22345678-1234-1234-1234-123456780000","PodMap":{},"Memory":409,"Number":10,"Type":"NVIDIA-NVIDIA A100-SXM4-40GB","Health":true,"UsedNum":0,"UsedMem":0,"UsedCore":0,"MigTemplate":[],"MigUsage":{"Index":-1,"UsageList":null}}
I0906 15:30:30.724638       1 device_info.go:113] "Nvidia Device registered name" name="volcano-lab-worker2" val={"ID":1,"Node":"volcano-lab-worker2","UUID":"GPU-22345678-1234-1234-1234-123456780001","PodMap":{},"Memory":409,"Number":10,"Type":"NVIDIA-NVIDIA A100-SXM4-40GB","Health":true,"UsedNum":0,"UsedMem":0,"UsedCore":0,"MigTemplate":[],"MigUsage":{"Index":-1,"UsageList":null}}
E0906 15:30:30.724655       1 device_info.go:189] pod kube-state-metrics-5ffcdf767c-gf9d5 has no annotation volcano.sh/devices-to-allocate
E0906 15:30:30.724663       1 device_info.go:189] pod volcano-controllers-5b976c6d4b-rkqw6 has no annotation volcano.sh/devices-to-allocate
E0906 15:30:30.724674       1 device_info.go:189] pod kube-proxy-gwssg has no annotation volcano.sh/devices-to-allocate
E0906 15:30:30.724681       1 device_info.go:189] pod prometheus-deployment-7cb9b4545b-h2fz4 has no annotation volcano.sh/devices-to-allocate
E0906 15:30:30.724688       1 device_info.go:189] pod volcano-device-plugin-jj26z has no annotation volcano.sh/devices-to-allocate
E0906 15:30:30.724697       1 device_info.go:189] pod mock2-nvml-mock-mtnbp has no annotation volcano.sh/devices-to-allocate
E0906 15:30:30.724709       1 device_info.go:189] pod volcano-admission-5b979dc8f6-8rdzl has no annotation volcano.sh/devices-to-allocate
E0906 15:30:30.724719       1 device_info.go:189] pod kindnet-5whpw has no annotation volcano.sh/devices-to-allocate
I0906 15:30:30.724811       1 cache.go:1581] "SnapShot for scheduling" jobNum=0 QueueNum=3 NodeNum=3
I0906 15:30:30.724829       1 session.go:1036] Start adjusting jobs' network topology spec according to hyperNodeTierNameMap map[]
I0906 15:30:30.724843       1 session.go:1079] Finish adjusting jobs' network topology spec according to hyperNodeTierNameMap map[]
I0906 15:30:30.724857       1 session.go:279] Open Session 0b2dc973-be96-46b7-a56c-ae61a4217e03 with <0> Job and <3> Queues. HyperNodesReadyToSchedule: true
I0906 15:30:30.725242       1 gpuexclusive.go:437] gpuexclusive: no rules configured, skipping GPU exclusivity wrapping
I0906 15:30:30.725260       1 enqueue.go:79] Try to enqueue PodGroup to 0 Queues
I0906 15:30:30.725270       1 reclaim.go:68] There are <0> Jobs and <3> Queues in total for scheduling.
I0906 15:30:30.725280       1 allocate.go:138] Try to allocate resource to 0 Queues
I0906 15:30:30.725333       1 session.go:577] Close Session 0b2dc973-be96-46b7-a56c-ae61a4217e03
I0906 15:30:31.726479       1 device_info.go:111] GPU sharing mode:  hami-core
I0906 15:30:31.726523       1 device_info.go:113] "Nvidia Device registered name" name="volcano-lab-worker" val={"ID":0,"Node":"volcano-lab-worker","UUID":"GPU-12345678-1234-1234-1234-123456780000","PodMap":{},"Memory":409,"Number":10,"Type":"NVIDIA-NVIDIA A100-SXM4-40GB","Health":true,"UsedNum":0,"UsedMem":0,"UsedCore":0,"MigTemplate":[],"MigUsage":{"Index":-1,"UsageList":null}}
I0906 15:30:31.726558       1 device_info.go:113] "Nvidia Device registered name" name="volcano-lab-worker" val={"ID":1,"Node":"volcano-lab-worker","UUID":"GPU-12345678-1234-1234-1234-123456780001","PodMap":{},"Memory":409,"Number":10,"Type":"NVIDIA-NVIDIA A100-SXM4-40GB","Health":true,"UsedNum":0,"UsedMem":0,"UsedCore":0,"MigTemplate":[],"MigUsage":{"Index":-1,"UsageList":null}}
I0906 15:30:31.726579       1 device_info.go:111] GPU sharing mode:  hami-core
I0906 15:30:31.726598       1 device_info.go:113] "Nvidia Device registered name" name="volcano-lab-worker" val={"ID":0,"Node":"volcano-lab-worker","UUID":"GPU-12345678-1234-1234-1234-123456780000","PodMap":{},"Memory":409,"Number":10,"Type":"NVIDIA-NVIDIA A100-SXM4-40GB","Health":true,"UsedNum":0,"UsedMem":0,"UsedCore":0,"MigTemplate":[],"MigUsage":{"Index":-1,"UsageList":null}}
I0906 15:30:31.726614       1 device_info.go:113] "Nvidia Device registered name" name="volcano-lab-worker" val={"ID":1,"Node":"volcano-lab-worker","UUID":"GPU-12345678-1234-1234-1234-123456780001","PodMap":{},"Memory":409,"Number":10,"Type":"NVIDIA-NVIDIA A100-SXM4-40GB","Health":true,"UsedNum":0,"UsedMem":0,"UsedCore":0,"MigTemplate":[],"MigUsage":{"Index":-1,"UsageList":null}}
E0906 15:30:31.726633       1 device_info.go:189] pod grafana-7c5659d458-xrbnn has no annotation volcano.sh/devices-to-allocate
E0906 15:30:31.726645       1 device_info.go:189] pod volcano-device-plugin-2sg22 has no annotation volcano.sh/devices-to-allocate
E0906 15:30:31.726658       1 device_info.go:189] pod volcano-scheduler-65f6496dc8-58jzd has no annotation volcano.sh/devices-to-allocate
E0906 15:30:31.726668       1 device_info.go:189] pod kindnet-k2m7h has no annotation volcano.sh/devices-to-allocate
E0906 15:30:31.726677       1 device_info.go:189] pod kube-proxy-btcmr has no annotation volcano.sh/devices-to-allocate
E0906 15:30:31.726686       1 device_info.go:189] pod mock1-nvml-mock-9rgh9 has no annotation volcano.sh/devices-to-allocate
I0906 15:30:31.726742       1 device_info.go:111] GPU sharing mode:  hami-core
I0906 15:30:31.726757       1 device_info.go:113] "Nvidia Device registered name" name="volcano-lab-worker2" val={"ID":0,"Node":"volcano-lab-worker2","UUID":"GPU-22345678-1234-1234-1234-123456780000","PodMap":{},"Memory":409,"Number":10,"Type":"NVIDIA-NVIDIA A100-SXM4-40GB","Health":true,"UsedNum":0,"UsedMem":0,"UsedCore":0,"MigTemplate":[],"MigUsage":{"Index":-1,"UsageList":null}}
I0906 15:30:31.726773       1 device_info.go:113] "Nvidia Device registered name" name="volcano-lab-worker2" val={"ID":1,"Node":"volcano-lab-worker2","UUID":"GPU-22345678-1234-1234-1234-123456780001","PodMap":{},"Memory":409,"Number":10,"Type":"NVIDIA-NVIDIA A100-SXM4-40GB","Health":true,"UsedNum":0,"UsedMem":0,"UsedCore":0,"MigTemplate":[],"MigUsage":{"Index":-1,"UsageList":null}}
I0906 15:30:31.726812       1 device_info.go:111] GPU sharing mode:  hami-core
I0906 15:30:31.726825       1 device_info.go:113] "Nvidia Device registered name" name="volcano-lab-worker2" val={"ID":1,"Node":"volcano-lab-worker2","UUID":"GPU-22345678-1234-1234-1234-123456780001","PodMap":{},"Memory":409,"Number":10,"Type":"NVIDIA-NVIDIA A100-SXM4-40GB","Health":true,"UsedNum":0,"UsedMem":0,"UsedCore":0,"MigTemplate":[],"MigUsage":{"Index":-1,"UsageList":null}}
I0906 15:30:31.726846       1 device_info.go:113] "Nvidia Device registered name" name="volcano-lab-worker2" val={"ID":0,"Node":"volcano-lab-worker2","UUID":"GPU-22345678-1234-1234-1234-123456780000","PodMap":{},"Memory":409,"Number":10,"Type":"NVIDIA-NVIDIA A100-SXM4-40GB","Health":true,"UsedNum":0,"UsedMem":0,"UsedCore":0,"MigTemplate":[],"MigUsage":{"Index":-1,"UsageList":null}}
E0906 15:30:31.726864       1 device_info.go:189] pod volcano-admission-5b979dc8f6-8rdzl has no annotation volcano.sh/devices-to-allocate
E0906 15:30:31.726875       1 device_info.go:189] pod kindnet-5whpw has no annotation volcano.sh/devices-to-allocate
E0906 15:30:31.726885       1 device_info.go:189] pod kube-state-metrics-5ffcdf767c-gf9d5 has no annotation volcano.sh/devices-to-allocate
E0906 15:30:31.726896       1 device_info.go:189] pod volcano-controllers-5b976c6d4b-rkqw6 has no annotation volcano.sh/devices-to-allocate
E0906 15:30:31.726911       1 device_info.go:189] pod kube-proxy-gwssg has no annotation volcano.sh/devices-to-allocate
E0906 15:30:31.726920       1 device_info.go:189] pod prometheus-deployment-7cb9b4545b-h2fz4 has no annotation volcano.sh/devices-to-allocate
E0906 15:30:31.726929       1 device_info.go:189] pod volcano-device-plugin-jj26z has no annotation volcano.sh/devices-to-allocate
E0906 15:30:31.726938       1 device_info.go:189] pod mock2-nvml-mock-mtnbp has no annotation volcano.sh/devices-to-allocate
I0906 15:30:31.727012       1 cache.go:1581] "SnapShot for scheduling" jobNum=0 QueueNum=3 NodeNum=3
I0906 15:30:31.727036       1 session.go:1036] Start adjusting jobs' network topology spec according to hyperNodeTierNameMap map[]
I0906 15:30:31.727073       1 session.go:1079] Finish adjusting jobs' network topology spec according to hyperNodeTierNameMap map[]
I0906 15:30:31.727094       1 session.go:279] Open Session ae1fa7d7-b0c3-4276-bea7-4e258562e529 with <0> Job and <3> Queues. HyperNodesReadyToSchedule: true
I0906 15:30:31.727719       1 gpuexclusive.go:437] gpuexclusive: no rules configured, skipping GPU exclusivity wrapping
I0906 15:30:31.727744       1 enqueue.go:79] Try to enqueue PodGroup to 0 Queues
I0906 15:30:31.727758       1 reclaim.go:68] There are <0> Jobs and <3> Queues in total for scheduling.
I0906 15:30:31.727773       1 allocate.go:138] Try to allocate resource to 0 Queues
I0906 15:30:31.727865       1 session.go:577] Close Session ae1fa7d7-b0c3-4276-bea7-4e258562e529
I0906 15:30:32.728401       1 device_info.go:111] GPU sharing mode:  hami-core
I0906 15:30:32.728433       1 device_info.go:113] "Nvidia Device registered name" name="volcano-lab-worker2" val={"ID":0,"Node":"volcano-lab-worker2","UUID":"GPU-22345678-1234-1234-1234-123456780000","PodMap":{},"Memory":409,"Number":10,"Type":"NVIDIA-NVIDIA A100-SXM4-40GB","Health":true,"UsedNum":0,"UsedMem":0,"UsedCore":0,"MigTemplate":[],"MigUsage":{"Index":-1,"UsageList":null}}
I0906 15:30:32.728456       1 device_info.go:113] "Nvidia Device registered name" name="volcano-lab-worker2" val={"ID":1,"Node":"volcano-lab-worker2","UUID":"GPU-22345678-1234-1234-1234-123456780001","PodMap":{},"Memory":409,"Number":10,"Type":"NVIDIA-NVIDIA A100-SXM4-40GB","Health":true,"UsedNum":0,"UsedMem":0,"UsedCore":0,"MigTemplate":[],"MigUsage":{"Index":-1,"UsageList":null}}
I0906 15:30:32.728477       1 device_info.go:111] GPU sharing mode:  hami-core
I0906 15:30:32.728488       1 device_info.go:113] "Nvidia Device registered name" name="volcano-lab-worker2" val={"ID":0,"Node":"volcano-lab-worker2","UUID":"GPU-22345678-1234-1234-1234-123456780000","PodMap":{},"Memory":409,"Number":10,"Type":"NVIDIA-NVIDIA A100-SXM4-40GB","Health":true,"UsedNum":0,"UsedMem":0,"UsedCore":0,"MigTemplate":[],"MigUsage":{"Index":-1,"UsageList":null}}
I0906 15:30:32.728520       1 device_info.go:113] "Nvidia Device registered name" name="volcano-lab-worker2" val={"ID":1,"Node":"volcano-lab-worker2","UUID":"GPU-22345678-1234-1234-1234-123456780001","PodMap":{},"Memory":409,"Number":10,"Type":"NVIDIA-NVIDIA A100-SXM4-40GB","Health":true,"UsedNum":0,"UsedMem":0,"UsedCore":0,"MigTemplate":[],"MigUsage":{"Index":-1,"UsageList":null}}
E0906 15:30:32.728545       1 device_info.go:189] pod kube-state-metrics-5ffcdf767c-gf9d5 has no annotation volcano.sh/devices-to-allocate
E0906 15:30:32.728558       1 device_info.go:189] pod volcano-controllers-5b976c6d4b-rkqw6 has no annotation volcano.sh/devices-to-allocate
E0906 15:30:32.728566       1 device_info.go:189] pod kube-proxy-gwssg has no annotation volcano.sh/devices-to-allocate
E0906 15:30:32.728574       1 device_info.go:189] pod prometheus-deployment-7cb9b4545b-h2fz4 has no annotation volcano.sh/devices-to-allocate
E0906 15:30:32.728581       1 device_info.go:189] pod volcano-device-plugin-jj26z has no annotation volcano.sh/devices-to-allocate
E0906 15:30:32.728588       1 device_info.go:189] pod mock2-nvml-mock-mtnbp has no annotation volcano.sh/devices-to-allocate
E0906 15:30:32.728597       1 device_info.go:189] pod volcano-admission-5b979dc8f6-8rdzl has no annotation volcano.sh/devices-to-allocate
E0906 15:30:32.728603       1 device_info.go:189] pod kindnet-5whpw has no annotation volcano.sh/devices-to-allocate
I0906 15:30:32.728689       1 device_info.go:111] GPU sharing mode:  hami-core
I0906 15:30:32.728701       1 device_info.go:113] "Nvidia Device registered name" name="volcano-lab-worker" val={"ID":0,"Node":"volcano-lab-worker","UUID":"GPU-12345678-1234-1234-1234-123456780000","PodMap":{},"Memory":409,"Number":10,"Type":"NVIDIA-NVIDIA A100-SXM4-40GB","Health":true,"UsedNum":0,"UsedMem":0,"UsedCore":0,"MigTemplate":[],"MigUsage":{"Index":-1,"UsageList":null}}
I0906 15:30:32.728714       1 device_info.go:113] "Nvidia Device registered name" name="volcano-lab-worker" val={"ID":1,"Node":"volcano-lab-worker","UUID":"GPU-12345678-1234-1234-1234-123456780001","PodMap":{},"Memory":409,"Number":10,"Type":"NVIDIA-NVIDIA A100-SXM4-40GB","Health":true,"UsedNum":0,"UsedMem":0,"UsedCore":0,"MigTemplate":[],"MigUsage":{"Index":-1,"UsageList":null}}
I0906 15:30:32.728726       1 device_info.go:111] GPU sharing mode:  hami-core
I0906 15:30:32.728735       1 device_info.go:113] "Nvidia Device registered name" name="volcano-lab-worker" val={"ID":1,"Node":"volcano-lab-worker","UUID":"GPU-12345678-1234-1234-1234-123456780001","PodMap":{},"Memory":409,"Number":10,"Type":"NVIDIA-NVIDIA A100-SXM4-40GB","Health":true,"UsedNum":0,"UsedMem":0,"UsedCore":0,"MigTemplate":[],"MigUsage":{"Index":-1,"UsageList":null}}
I0906 15:30:32.728745       1 device_info.go:113] "Nvidia Device registered name" name="volcano-lab-worker" val={"ID":0,"Node":"volcano-lab-worker","UUID":"GPU-12345678-1234-1234-1234-123456780000","PodMap":{},"Memory":409,"Number":10,"Type":"NVIDIA-NVIDIA A100-SXM4-40GB","Health":true,"UsedNum":0,"UsedMem":0,"UsedCore":0,"MigTemplate":[],"MigUsage":{"Index":-1,"UsageList":null}}
E0906 15:30:32.728762       1 device_info.go:189] pod volcano-scheduler-65f6496dc8-58jzd has no annotation volcano.sh/devices-to-allocate
E0906 15:30:32.728772       1 device_info.go:189] pod kindnet-k2m7h has no annotation volcano.sh/devices-to-allocate
E0906 15:30:32.728786       1 device_info.go:189] pod kube-proxy-btcmr has no annotation volcano.sh/devices-to-allocate
E0906 15:30:32.728797       1 device_info.go:189] pod mock1-nvml-mock-9rgh9 has no annotation volcano.sh/devices-to-allocate
E0906 15:30:32.728804       1 device_info.go:189] pod grafana-7c5659d458-xrbnn has no annotation volcano.sh/devices-to-allocate
E0906 15:30:32.728810       1 device_info.go:189] pod volcano-device-plugin-2sg22 has no annotation volcano.sh/devices-to-allocate
I0906 15:30:32.728861       1 cache.go:1581] "SnapShot for scheduling" jobNum=0 QueueNum=3 NodeNum=3
I0906 15:30:32.728877       1 session.go:1036] Start adjusting jobs' network topology spec according to hyperNodeTierNameMap map[]
I0906 15:30:32.728891       1 session.go:1079] Finish adjusting jobs' network topology spec according to hyperNodeTierNameMap map[]
I0906 15:30:32.728905       1 session.go:279] Open Session c8c4ff38-8ee1-469d-8c84-be499b56131c with <0> Job and <3> Queues. HyperNodesReadyToSchedule: true
I0906 15:30:32.729353       1 gpuexclusive.go:437] gpuexclusive: no rules configured, skipping GPU exclusivity wrapping
I0906 15:30:32.729371       1 enqueue.go:79] Try to enqueue PodGroup to 0 Queues
I0906 15:30:32.729381       1 reclaim.go:68] There are <0> Jobs and <3> Queues in total for scheduling.
I0906 15:30:32.729391       1 allocate.go:138] Try to allocate resource to 0 Queues
I0906 15:30:32.729438       1 session.go:577] Close Session c8c4ff38-8ee1-469d-8c84-be499b56131c
I0906 15:30:33.730462       1 device_info.go:111] GPU sharing mode:  hami-core
I0906 15:30:33.730529       1 device_info.go:113] "Nvidia Device registered name" name="volcano-lab-worker" val={"ID":1,"Node":"volcano-lab-worker","UUID":"GPU-12345678-1234-1234-1234-123456780001","PodMap":{},"Memory":409,"Number":10,"Type":"NVIDIA-NVIDIA A100-SXM4-40GB","Health":true,"UsedNum":0,"UsedMem":0,"UsedCore":0,"MigTemplate":[],"MigUsage":{"Index":-1,"UsageList":null}}
I0906 15:30:33.730575       1 device_info.go:113] "Nvidia Device registered name" name="volcano-lab-worker" val={"ID":0,"Node":"volcano-lab-worker","UUID":"GPU-12345678-1234-1234-1234-123456780000","PodMap":{},"Memory":409,"Number":10,"Type":"NVIDIA-NVIDIA A100-SXM4-40GB","Health":true,"UsedNum":0,"UsedMem":0,"UsedCore":0,"MigTemplate":[],"MigUsage":{"Index":-1,"UsageList":null}}
I0906 15:30:33.730611       1 device_info.go:111] GPU sharing mode:  hami-core
I0906 15:30:33.730635       1 device_info.go:113] "Nvidia Device registered name" name="volcano-lab-worker" val={"ID":0,"Node":"volcano-lab-worker","UUID":"GPU-12345678-1234-1234-1234-123456780000","PodMap":{},"Memory":409,"Number":10,"Type":"NVIDIA-NVIDIA A100-SXM4-40GB","Health":true,"UsedNum":0,"UsedMem":0,"UsedCore":0,"MigTemplate":[],"MigUsage":{"Index":-1,"UsageList":null}}
I0906 15:30:33.730702       1 device_info.go:113] "Nvidia Device registered name" name="volcano-lab-worker" val={"ID":1,"Node":"volcano-lab-worker","UUID":"GPU-12345678-1234-1234-1234-123456780001","PodMap":{},"Memory":409,"Number":10,"Type":"NVIDIA-NVIDIA A100-SXM4-40GB","Health":true,"UsedNum":0,"UsedMem":0,"UsedCore":0,"MigTemplate":[],"MigUsage":{"Index":-1,"UsageList":null}}
E0906 15:30:33.730737       1 device_info.go:189] pod grafana-7c5659d458-xrbnn has no annotation volcano.sh/devices-to-allocate
E0906 15:30:33.730757       1 device_info.go:189] pod volcano-device-plugin-2sg22 has no annotation volcano.sh/devices-to-allocate
E0906 15:30:33.730774       1 device_info.go:189] pod volcano-scheduler-65f6496dc8-58jzd has no annotation volcano.sh/devices-to-allocate
E0906 15:30:33.730788       1 device_info.go:189] pod kindnet-k2m7h has no annotation volcano.sh/devices-to-allocate
E0906 15:30:33.730802       1 device_info.go:189] pod kube-proxy-btcmr has no annotation volcano.sh/devices-to-allocate
E0906 15:30:33.730816       1 device_info.go:189] pod mock1-nvml-mock-9rgh9 has no annotation volcano.sh/devices-to-allocate
I0906 15:30:33.730892       1 device_info.go:111] GPU sharing mode:  hami-core
I0906 15:30:33.730918       1 device_info.go:113] "Nvidia Device registered name" name="volcano-lab-worker2" val={"ID":0,"Node":"volcano-lab-worker2","UUID":"GPU-22345678-1234-1234-1234-123456780000","PodMap":{},"Memory":409,"Number":10,"Type":"NVIDIA-NVIDIA A100-SXM4-40GB","Health":true,"UsedNum":0,"UsedMem":0,"UsedCore":0,"MigTemplate":[],"MigUsage":{"Index":-1,"UsageList":null}}
I0906 15:30:33.730948       1 device_info.go:113] "Nvidia Device registered name" name="volcano-lab-worker2" val={"ID":1,"Node":"volcano-lab-worker2","UUID":"GPU-22345678-1234-1234-1234-123456780001","PodMap":{},"Memory":409,"Number":10,"Type":"NVIDIA-NVIDIA A100-SXM4-40GB","Health":true,"UsedNum":0,"UsedMem":0,"UsedCore":0,"MigTemplate":[],"MigUsage":{"Index":-1,"UsageList":null}}
I0906 15:30:33.730977       1 device_info.go:111] GPU sharing mode:  hami-core
I0906 15:30:33.730999       1 device_info.go:113] "Nvidia Device registered name" name="volcano-lab-worker2" val={"ID":0,"Node":"volcano-lab-worker2","UUID":"GPU-22345678-1234-1234-1234-123456780000","PodMap":{},"Memory":409,"Number":10,"Type":"NVIDIA-NVIDIA A100-SXM4-40GB","Health":true,"UsedNum":0,"UsedMem":0,"UsedCore":0,"MigTemplate":[],"MigUsage":{"Index":-1,"UsageList":null}}
I0906 15:30:33.731026       1 device_info.go:113] "Nvidia Device registered name" name="volcano-lab-worker2" val={"ID":1,"Node":"volcano-lab-worker2","UUID":"GPU-22345678-1234-1234-1234-123456780001","PodMap":{},"Memory":409,"Number":10,"Type":"NVIDIA-NVIDIA A100-SXM4-40GB","Health":true,"UsedNum":0,"UsedMem":0,"UsedCore":0,"MigTemplate":[],"MigUsage":{"Index":-1,"UsageList":null}}
E0906 15:30:33.731067       1 device_info.go:189] pod kube-state-metrics-5ffcdf767c-gf9d5 has no annotation volcano.sh/devices-to-allocate
E0906 15:30:33.731087       1 device_info.go:189] pod volcano-controllers-5b976c6d4b-rkqw6 has no annotation volcano.sh/devices-to-allocate
E0906 15:30:33.731103       1 device_info.go:189] pod kube-proxy-gwssg has no annotation volcano.sh/devices-to-allocate
E0906 15:30:33.731118       1 device_info.go:189] pod prometheus-deployment-7cb9b4545b-h2fz4 has no annotation volcano.sh/devices-to-allocate
E0906 15:30:33.731132       1 device_info.go:189] pod volcano-device-plugin-jj26z has no annotation volcano.sh/devices-to-allocate
E0906 15:30:33.731146       1 device_info.go:189] pod mock2-nvml-mock-mtnbp has no annotation volcano.sh/devices-to-allocate
E0906 15:30:33.731160       1 device_info.go:189] pod volcano-admission-5b979dc8f6-8rdzl has no annotation volcano.sh/devices-to-allocate
E0906 15:30:33.731173       1 device_info.go:189] pod kindnet-5whpw has no annotation volcano.sh/devices-to-allocate
I0906 15:30:33.731266       1 cache.go:1581] "SnapShot for scheduling" jobNum=0 QueueNum=3 NodeNum=3
I0906 15:30:33.731298       1 session.go:1036] Start adjusting jobs' network topology spec according to hyperNodeTierNameMap map[]
I0906 15:30:33.731319       1 session.go:1079] Finish adjusting jobs' network topology spec according to hyperNodeTierNameMap map[]
I0906 15:30:33.731351       1 session.go:279] Open Session 7b9d947d-0b0a-4a74-bc6e-48d069417de1 with <0> Job and <3> Queues. HyperNodesReadyToSchedule: true
I0906 15:30:33.731858       1 gpuexclusive.go:437] gpuexclusive: no rules configured, skipping GPU exclusivity wrapping
I0906 15:30:33.731892       1 enqueue.go:79] Try to enqueue PodGroup to 0 Queues
I0906 15:30:33.731913       1 reclaim.go:68] There are <0> Jobs and <3> Queues in total for scheduling.
I0906 15:30:33.731934       1 allocate.go:138] Try to allocate resource to 0 Queues
I0906 15:30:33.732002       1 session.go:577] Close Session 7b9d947d-0b0a-4a74-bc6e-48d069417de1
I0906 15:30:34.732298       1 device_info.go:111] GPU sharing mode:  hami-core
I0906 15:30:34.732357       1 device_info.go:113] "Nvidia Device registered name" name="volcano-lab-worker" val={"ID":0,"Node":"volcano-lab-worker","UUID":"GPU-12345678-1234-1234-1234-123456780000","PodMap":{},"Memory":409,"Number":10,"Type":"NVIDIA-NVIDIA A100-SXM4-40GB","Health":true,"UsedNum":0,"UsedMem":0,"UsedCore":0,"MigTemplate":[],"MigUsage":{"Index":-1,"UsageList":null}}
I0906 15:30:34.732401       1 device_info.go:113] "Nvidia Device registered name" name="volcano-lab-worker" val={"ID":1,"Node":"volcano-lab-worker","UUID":"GPU-12345678-1234-1234-1234-123456780001","PodMap":{},"Memory":409,"Number":10,"Type":"NVIDIA-NVIDIA A100-SXM4-40GB","Health":true,"UsedNum":0,"UsedMem":0,"UsedCore":0,"MigTemplate":[],"MigUsage":{"Index":-1,"UsageList":null}}
I0906 15:30:34.732436       1 device_info.go:111] GPU sharing mode:  hami-core
I0906 15:30:34.732460       1 device_info.go:113] "Nvidia Device registered name" name="volcano-lab-worker" val={"ID":0,"Node":"volcano-lab-worker","UUID":"GPU-12345678-1234-1234-1234-123456780000","PodMap":{},"Memory":409,"Number":10,"Type":"NVIDIA-NVIDIA A100-SXM4-40GB","Health":true,"UsedNum":0,"UsedMem":0,"UsedCore":0,"MigTemplate":[],"MigUsage":{"Index":-1,"UsageList":null}}
I0906 15:30:34.732487       1 device_info.go:113] "Nvidia Device registered name" name="volcano-lab-worker" val={"ID":1,"Node":"volcano-lab-worker","UUID":"GPU-12345678-1234-1234-1234-123456780001","PodMap":{},"Memory":409,"Number":10,"Type":"NVIDIA-NVIDIA A100-SXM4-40GB","Health":true,"UsedNum":0,"UsedMem":0,"UsedCore":0,"MigTemplate":[],"MigUsage":{"Index":-1,"UsageList":null}}
E0906 15:30:34.732518       1 device_info.go:189] pod volcano-scheduler-65f6496dc8-58jzd has no annotation volcano.sh/devices-to-allocate
E0906 15:30:34.732542       1 device_info.go:189] pod kindnet-k2m7h has no annotation volcano.sh/devices-to-allocate
E0906 15:30:34.732561       1 device_info.go:189] pod kube-proxy-btcmr has no annotation volcano.sh/devices-to-allocate
E0906 15:30:34.732577       1 device_info.go:189] pod mock1-nvml-mock-9rgh9 has no annotation volcano.sh/devices-to-allocate
E0906 15:30:34.732595       1 device_info.go:189] pod grafana-7c5659d458-xrbnn has no annotation volcano.sh/devices-to-allocate
E0906 15:30:34.732616       1 device_info.go:189] pod volcano-device-plugin-2sg22 has no annotation volcano.sh/devices-to-allocate
I0906 15:30:34.732694       1 device_info.go:111] GPU sharing mode:  hami-core
I0906 15:30:34.732721       1 device_info.go:113] "Nvidia Device registered name" name="volcano-lab-worker2" val={"ID":1,"Node":"volcano-lab-worker2","UUID":"GPU-22345678-1234-1234-1234-123456780001","PodMap":{},"Memory":409,"Number":10,"Type":"NVIDIA-NVIDIA A100-SXM4-40GB","Health":true,"UsedNum":0,"UsedMem":0,"UsedCore":0,"MigTemplate":[],"MigUsage":{"Index":-1,"UsageList":null}}
I0906 15:30:34.732756       1 device_info.go:113] "Nvidia Device registered name" name="volcano-lab-worker2" val={"ID":0,"Node":"volcano-lab-worker2","UUID":"GPU-22345678-1234-1234-1234-123456780000","PodMap":{},"Memory":409,"Number":10,"Type":"NVIDIA-NVIDIA A100-SXM4-40GB","Health":true,"UsedNum":0,"UsedMem":0,"UsedCore":0,"MigTemplate":[],"MigUsage":{"Index":-1,"UsageList":null}}
I0906 15:30:34.732785       1 device_info.go:111] GPU sharing mode:  hami-core
I0906 15:30:34.732808       1 device_info.go:113] "Nvidia Device registered name" name="volcano-lab-worker2" val={"ID":1,"Node":"volcano-lab-worker2","UUID":"GPU-22345678-1234-1234-1234-123456780001","PodMap":{},"Memory":409,"Number":10,"Type":"NVIDIA-NVIDIA A100-SXM4-40GB","Health":true,"UsedNum":0,"UsedMem":0,"UsedCore":0,"MigTemplate":[],"MigUsage":{"Index":-1,"UsageList":null}}
I0906 15:30:34.732836       1 device_info.go:113] "Nvidia Device registered name" name="volcano-lab-worker2" val={"ID":0,"Node":"volcano-lab-worker2","UUID":"GPU-22345678-1234-1234-1234-123456780000","PodMap":{},"Memory":409,"Number":10,"Type":"NVIDIA-NVIDIA A100-SXM4-40GB","Health":true,"UsedNum":0,"UsedMem":0,"UsedCore":0,"MigTemplate":[],"MigUsage":{"Index":-1,"UsageList":null}}
E0906 15:30:34.732861       1 device_info.go:189] pod prometheus-deployment-7cb9b4545b-h2fz4 has no annotation volcano.sh/devices-to-allocate
E0906 15:30:34.732874       1 device_info.go:189] pod volcano-device-plugin-jj26z has no annotation volcano.sh/devices-to-allocate
E0906 15:30:34.732880       1 device_info.go:189] pod mock2-nvml-mock-mtnbp has no annotation volcano.sh/devices-to-allocate
E0906 15:30:34.732885       1 device_info.go:189] pod volcano-admission-5b979dc8f6-8rdzl has no annotation volcano.sh/devices-to-allocate
E0906 15:30:34.732890       1 device_info.go:189] pod kindnet-5whpw has no annotation volcano.sh/devices-to-allocate
E0906 15:30:34.732895       1 device_info.go:189] pod kube-state-metrics-5ffcdf767c-gf9d5 has no annotation volcano.sh/devices-to-allocate
E0906 15:30:34.732901       1 device_info.go:189] pod volcano-controllers-5b976c6d4b-rkqw6 has no annotation volcano.sh/devices-to-allocate
E0906 15:30:34.732906       1 device_info.go:189] pod kube-proxy-gwssg has no annotation volcano.sh/devices-to-allocate
I0906 15:30:34.732946       1 cache.go:1581] "SnapShot for scheduling" jobNum=0 QueueNum=3 NodeNum=3
I0906 15:30:34.732959       1 session.go:1036] Start adjusting jobs' network topology spec according to hyperNodeTierNameMap map[]
I0906 15:30:34.732968       1 session.go:1079] Finish adjusting jobs' network topology spec according to hyperNodeTierNameMap map[]
I0906 15:30:34.732978       1 session.go:279] Open Session ea8067d0-1075-402f-b472-fd3d45695a4e with <0> Job and <3> Queues. HyperNodesReadyToSchedule: true
I0906 15:30:34.733218       1 gpuexclusive.go:437] gpuexclusive: no rules configured, skipping GPU exclusivity wrapping
I0906 15:30:34.733232       1 enqueue.go:79] Try to enqueue PodGroup to 0 Queues
I0906 15:30:34.733240       1 reclaim.go:68] There are <0> Jobs and <3> Queues in total for scheduling.
I0906 15:30:34.733251       1 allocate.go:138] Try to allocate resource to 0 Queues
I0906 15:30:34.733281       1 session.go:577] Close Session ea8067d0-1075-402f-b472-fd3d45695a4e
I0906 15:30:35.733811       1 device_info.go:111] GPU sharing mode:  hami-core
I0906 15:30:35.733858       1 device_info.go:113] "Nvidia Device registered name" name="volcano-lab-worker" val={"ID":0,"Node":"volcano-lab-worker","UUID":"GPU-12345678-1234-1234-1234-123456780000","PodMap":{},"Memory":409,"Number":10,"Type":"NVIDIA-NVIDIA A100-SXM4-40GB","Health":true,"UsedNum":0,"UsedMem":0,"UsedCore":0,"MigTemplate":[],"MigUsage":{"Index":-1,"UsageList":null}}
I0906 15:30:35.733890       1 device_info.go:113] "Nvidia Device registered name" name="volcano-lab-worker" val={"ID":1,"Node":"volcano-lab-worker","UUID":"GPU-12345678-1234-1234-1234-123456780001","PodMap":{},"Memory":409,"Number":10,"Type":"NVIDIA-NVIDIA A100-SXM4-40GB","Health":true,"UsedNum":0,"UsedMem":0,"UsedCore":0,"MigTemplate":[],"MigUsage":{"Index":-1,"UsageList":null}}
I0906 15:30:35.733913       1 device_info.go:111] GPU sharing mode:  hami-core
I0906 15:30:35.733927       1 device_info.go:113] "Nvidia Device registered name" name="volcano-lab-worker" val={"ID":0,"Node":"volcano-lab-worker","UUID":"GPU-12345678-1234-1234-1234-123456780000","PodMap":{},"Memory":409,"Number":10,"Type":"NVIDIA-NVIDIA A100-SXM4-40GB","Health":true,"UsedNum":0,"UsedMem":0,"UsedCore":0,"MigTemplate":[],"MigUsage":{"Index":-1,"UsageList":null}}
I0906 15:30:35.733944       1 device_info.go:113] "Nvidia Device registered name" name="volcano-lab-worker" val={"ID":1,"Node":"volcano-lab-worker","UUID":"GPU-12345678-1234-1234-1234-123456780001","PodMap":{},"Memory":409,"Number":10,"Type":"NVIDIA-NVIDIA A100-SXM4-40GB","Health":true,"UsedNum":0,"UsedMem":0,"UsedCore":0,"MigTemplate":[],"MigUsage":{"Index":-1,"UsageList":null}}
E0906 15:30:35.733968       1 device_info.go:189] pod grafana-7c5659d458-xrbnn has no annotation volcano.sh/devices-to-allocate
E0906 15:30:35.733996       1 device_info.go:189] pod volcano-device-plugin-2sg22 has no annotation volcano.sh/devices-to-allocate
E0906 15:30:35.734015       1 device_info.go:189] pod volcano-scheduler-65f6496dc8-58jzd has no annotation volcano.sh/devices-to-allocate
E0906 15:30:35.734024       1 device_info.go:189] pod kindnet-k2m7h has no annotation volcano.sh/devices-to-allocate
E0906 15:30:35.734033       1 device_info.go:189] pod kube-proxy-btcmr has no annotation volcano.sh/devices-to-allocate
E0906 15:30:35.734044       1 device_info.go:189] pod mock1-nvml-mock-9rgh9 has no annotation volcano.sh/devices-to-allocate
I0906 15:30:35.734139       1 device_info.go:111] GPU sharing mode:  hami-core
I0906 15:30:35.734161       1 device_info.go:113] "Nvidia Device registered name" name="volcano-lab-worker2" val={"ID":0,"Node":"volcano-lab-worker2","UUID":"GPU-22345678-1234-1234-1234-123456780000","PodMap":{},"Memory":409,"Number":10,"Type":"NVIDIA-NVIDIA A100-SXM4-40GB","Health":true,"UsedNum":0,"UsedMem":0,"UsedCore":0,"MigTemplate":[],"MigUsage":{"Index":-1,"UsageList":null}}
I0906 15:30:35.734190       1 device_info.go:113] "Nvidia Device registered name" name="volcano-lab-worker2" val={"ID":1,"Node":"volcano-lab-worker2","UUID":"GPU-22345678-1234-1234-1234-123456780001","PodMap":{},"Memory":409,"Number":10,"Type":"NVIDIA-NVIDIA A100-SXM4-40GB","Health":true,"UsedNum":0,"UsedMem":0,"UsedCore":0,"MigTemplate":[],"MigUsage":{"Index":-1,"UsageList":null}}
I0906 15:30:35.734215       1 device_info.go:111] GPU sharing mode:  hami-core
I0906 15:30:35.734233       1 device_info.go:113] "Nvidia Device registered name" name="volcano-lab-worker2" val={"ID":0,"Node":"volcano-lab-worker2","UUID":"GPU-22345678-1234-1234-1234-123456780000","PodMap":{},"Memory":409,"Number":10,"Type":"NVIDIA-NVIDIA A100-SXM4-40GB","Health":true,"UsedNum":0,"UsedMem":0,"UsedCore":0,"MigTemplate":[],"MigUsage":{"Index":-1,"UsageList":null}}
I0906 15:30:35.734261       1 device_info.go:113] "Nvidia Device registered name" name="volcano-lab-worker2" val={"ID":1,"Node":"volcano-lab-worker2","UUID":"GPU-22345678-1234-1234-1234-123456780001","PodMap":{},"Memory":409,"Number":10,"Type":"NVIDIA-NVIDIA A100-SXM4-40GB","Health":true,"UsedNum":0,"UsedMem":0,"UsedCore":0,"MigTemplate":[],"MigUsage":{"Index":-1,"UsageList":null}}
E0906 15:30:35.734282       1 device_info.go:189] pod volcano-admission-5b979dc8f6-8rdzl has no annotation volcano.sh/devices-to-allocate
E0906 15:30:35.734299       1 device_info.go:189] pod kindnet-5whpw has no annotation volcano.sh/devices-to-allocate
E0906 15:30:35.734315       1 device_info.go:189] pod kube-state-metrics-5ffcdf767c-gf9d5 has no annotation volcano.sh/devices-to-allocate
E0906 15:30:35.734331       1 device_info.go:189] pod volcano-controllers-5b976c6d4b-rkqw6 has no annotation volcano.sh/devices-to-allocate
E0906 15:30:35.734346       1 device_info.go:189] pod kube-proxy-gwssg has no annotation volcano.sh/devices-to-allocate
E0906 15:30:35.734360       1 device_info.go:189] pod prometheus-deployment-7cb9b4545b-h2fz4 has no annotation volcano.sh/devices-to-allocate
E0906 15:30:35.734374       1 device_info.go:189] pod volcano-device-plugin-jj26z has no annotation volcano.sh/devices-to-allocate
E0906 15:30:35.734389       1 device_info.go:189] pod mock2-nvml-mock-mtnbp has no annotation volcano.sh/devices-to-allocate
I0906 15:30:35.734488       1 cache.go:1581] "SnapShot for scheduling" jobNum=0 QueueNum=3 NodeNum=3
I0906 15:30:35.734515       1 session.go:1036] Start adjusting jobs' network topology spec according to hyperNodeTierNameMap map[]
I0906 15:30:35.734530       1 session.go:1079] Finish adjusting jobs' network topology spec according to hyperNodeTierNameMap map[]
I0906 15:30:35.734559       1 session.go:279] Open Session 877d68b0-f0eb-440e-8df4-d01cb05710fb with <0> Job and <3> Queues. HyperNodesReadyToSchedule: true
I0906 15:30:35.735002       1 gpuexclusive.go:437] gpuexclusive: no rules configured, skipping GPU exclusivity wrapping
I0906 15:30:35.735013       1 enqueue.go:79] Try to enqueue PodGroup to 0 Queues
I0906 15:30:35.735020       1 reclaim.go:68] There are <0> Jobs and <3> Queues in total for scheduling.
I0906 15:30:35.735029       1 allocate.go:138] Try to allocate resource to 0 Queues
I0906 15:30:35.735072       1 session.go:577] Close Session 877d68b0-f0eb-440e-8df4-d01cb05710fb
I0906 15:30:36.736201       1 device_info.go:111] GPU sharing mode:  hami-core
I0906 15:30:36.736259       1 device_info.go:113] "Nvidia Device registered name" name="volcano-lab-worker" val={"ID":1,"Node":"volcano-lab-worker","UUID":"GPU-12345678-1234-1234-1234-123456780001","PodMap":{},"Memory":409,"Number":10,"Type":"NVIDIA-NVIDIA A100-SXM4-40GB","Health":true,"UsedNum":0,"UsedMem":0,"UsedCore":0,"MigTemplate":[],"MigUsage":{"Index":-1,"UsageList":null}}
I0906 15:30:36.736293       1 device_info.go:113] "Nvidia Device registered name" name="volcano-lab-worker" val={"ID":0,"Node":"volcano-lab-worker","UUID":"GPU-12345678-1234-1234-1234-123456780000","PodMap":{},"Memory":409,"Number":10,"Type":"NVIDIA-NVIDIA A100-SXM4-40GB","Health":true,"UsedNum":0,"UsedMem":0,"UsedCore":0,"MigTemplate":[],"MigUsage":{"Index":-1,"UsageList":null}}
I0906 15:30:36.736318       1 device_info.go:111] GPU sharing mode:  hami-core
I0906 15:30:36.736343       1 device_info.go:113] "Nvidia Device registered name" name="volcano-lab-worker" val={"ID":0,"Node":"volcano-lab-worker","UUID":"GPU-12345678-1234-1234-1234-123456780000","PodMap":{},"Memory":409,"Number":10,"Type":"NVIDIA-NVIDIA A100-SXM4-40GB","Health":true,"UsedNum":0,"UsedMem":0,"UsedCore":0,"MigTemplate":[],"MigUsage":{"Index":-1,"UsageList":null}}
I0906 15:30:36.736359       1 device_info.go:113] "Nvidia Device registered name" name="volcano-lab-worker" val={"ID":1,"Node":"volcano-lab-worker","UUID":"GPU-12345678-1234-1234-1234-123456780001","PodMap":{},"Memory":409,"Number":10,"Type":"NVIDIA-NVIDIA A100-SXM4-40GB","Health":true,"UsedNum":0,"UsedMem":0,"UsedCore":0,"MigTemplate":[],"MigUsage":{"Index":-1,"UsageList":null}}
E0906 15:30:36.736380       1 device_info.go:189] pod grafana-7c5659d458-xrbnn has no annotation volcano.sh/devices-to-allocate
E0906 15:30:36.736399       1 device_info.go:189] pod volcano-device-plugin-2sg22 has no annotation volcano.sh/devices-to-allocate
E0906 15:30:36.736412       1 device_info.go:189] pod volcano-scheduler-65f6496dc8-58jzd has no annotation volcano.sh/devices-to-allocate
E0906 15:30:36.736422       1 device_info.go:189] pod kindnet-k2m7h has no annotation volcano.sh/devices-to-allocate
E0906 15:30:36.736431       1 device_info.go:189] pod kube-proxy-btcmr has no annotation volcano.sh/devices-to-allocate
E0906 15:30:36.736440       1 device_info.go:189] pod mock1-nvml-mock-9rgh9 has no annotation volcano.sh/devices-to-allocate
I0906 15:30:36.736498       1 device_info.go:111] GPU sharing mode:  hami-core
I0906 15:30:36.736516       1 device_info.go:113] "Nvidia Device registered name" name="volcano-lab-worker2" val={"ID":0,"Node":"volcano-lab-worker2","UUID":"GPU-22345678-1234-1234-1234-123456780000","PodMap":{},"Memory":409,"Number":10,"Type":"NVIDIA-NVIDIA A100-SXM4-40GB","Health":true,"UsedNum":0,"UsedMem":0,"UsedCore":0,"MigTemplate":[],"MigUsage":{"Index":-1,"UsageList":null}}
I0906 15:30:36.736536       1 device_info.go:113] "Nvidia Device registered name" name="volcano-lab-worker2" val={"ID":1,"Node":"volcano-lab-worker2","UUID":"GPU-22345678-1234-1234-1234-123456780001","PodMap":{},"Memory":409,"Number":10,"Type":"NVIDIA-NVIDIA A100-SXM4-40GB","Health":true,"UsedNum":0,"UsedMem":0,"UsedCore":0,"MigTemplate":[],"MigUsage":{"Index":-1,"UsageList":null}}
I0906 15:30:36.736553       1 device_info.go:111] GPU sharing mode:  hami-core
I0906 15:30:36.736568       1 device_info.go:113] "Nvidia Device registered name" name="volcano-lab-worker2" val={"ID":0,"Node":"volcano-lab-worker2","UUID":"GPU-22345678-1234-1234-1234-123456780000","PodMap":{},"Memory":409,"Number":10,"Type":"NVIDIA-NVIDIA A100-SXM4-40GB","Health":true,"UsedNum":0,"UsedMem":0,"UsedCore":0,"MigTemplate":[],"MigUsage":{"Index":-1,"UsageList":null}}
I0906 15:30:36.736585       1 device_info.go:113] "Nvidia Device registered name" name="volcano-lab-worker2" val={"ID":1,"Node":"volcano-lab-worker2","UUID":"GPU-22345678-1234-1234-1234-123456780001","PodMap":{},"Memory":409,"Number":10,"Type":"NVIDIA-NVIDIA A100-SXM4-40GB","Health":true,"UsedNum":0,"UsedMem":0,"UsedCore":0,"MigTemplate":[],"MigUsage":{"Index":-1,"UsageList":null}}
E0906 15:30:36.736604       1 device_info.go:189] pod kube-state-metrics-5ffcdf767c-gf9d5 has no annotation volcano.sh/devices-to-allocate
E0906 15:30:36.736621       1 device_info.go:189] pod volcano-controllers-5b976c6d4b-rkqw6 has no annotation volcano.sh/devices-to-allocate
E0906 15:30:36.736634       1 device_info.go:189] pod kube-proxy-gwssg has no annotation volcano.sh/devices-to-allocate
E0906 15:30:36.736643       1 device_info.go:189] pod prometheus-deployment-7cb9b4545b-h2fz4 has no annotation volcano.sh/devices-to-allocate
E0906 15:30:36.736653       1 device_info.go:189] pod volcano-device-plugin-jj26z has no annotation volcano.sh/devices-to-allocate
E0906 15:30:36.736663       1 device_info.go:189] pod mock2-nvml-mock-mtnbp has no annotation volcano.sh/devices-to-allocate
E0906 15:30:36.736672       1 device_info.go:189] pod volcano-admission-5b979dc8f6-8rdzl has no annotation volcano.sh/devices-to-allocate
E0906 15:30:36.736743       1 device_info.go:189] pod kindnet-5whpw has no annotation volcano.sh/devices-to-allocate
I0906 15:30:36.736859       1 cache.go:1581] "SnapShot for scheduling" jobNum=0 QueueNum=3 NodeNum=3
I0906 15:30:36.736895       1 session.go:1036] Start adjusting jobs' network topology spec according to hyperNodeTierNameMap map[]
I0906 15:30:36.736910       1 session.go:1079] Finish adjusting jobs' network topology spec according to hyperNodeTierNameMap map[]
I0906 15:30:36.736922       1 session.go:279] Open Session c1da81b7-68c5-42cc-9ac8-3bc85200e824 with <0> Job and <3> Queues. HyperNodesReadyToSchedule: true
I0906 15:30:36.737173       1 gpuexclusive.go:437] gpuexclusive: no rules configured, skipping GPU exclusivity wrapping
I0906 15:30:36.737185       1 enqueue.go:79] Try to enqueue PodGroup to 0 Queues
I0906 15:30:36.737191       1 reclaim.go:68] There are <0> Jobs and <3> Queues in total for scheduling.
I0906 15:30:36.737198       1 allocate.go:138] Try to allocate resource to 0 Queues
I0906 15:30:36.737228       1 session.go:577] Close Session c1da81b7-68c5-42cc-9ac8-3bc85200e824
I0906 15:30:37.737985       1 device_info.go:111] GPU sharing mode:  hami-core
I0906 15:30:37.738036       1 device_info.go:113] "Nvidia Device registered name" name="volcano-lab-worker" val={"ID":0,"Node":"volcano-lab-worker","UUID":"GPU-12345678-1234-1234-1234-123456780000","PodMap":{},"Memory":409,"Number":10,"Type":"NVIDIA-NVIDIA A100-SXM4-40GB","Health":true,"UsedNum":0,"UsedMem":0,"UsedCore":0,"MigTemplate":[],"MigUsage":{"Index":-1,"UsageList":null}}
I0906 15:30:37.738088       1 device_info.go:113] "Nvidia Device registered name" name="volcano-lab-worker" val={"ID":1,"Node":"volcano-lab-worker","UUID":"GPU-12345678-1234-1234-1234-123456780001","PodMap":{},"Memory":409,"Number":10,"Type":"NVIDIA-NVIDIA A100-SXM4-40GB","Health":true,"UsedNum":0,"UsedMem":0,"UsedCore":0,"MigTemplate":[],"MigUsage":{"Index":-1,"UsageList":null}}
I0906 15:30:37.738152       1 device_info.go:111] GPU sharing mode:  hami-core
I0906 15:30:37.738178       1 device_info.go:113] "Nvidia Device registered name" name="volcano-lab-worker" val={"ID":0,"Node":"volcano-lab-worker","UUID":"GPU-12345678-1234-1234-1234-123456780000","PodMap":{},"Memory":409,"Number":10,"Type":"NVIDIA-NVIDIA A100-SXM4-40GB","Health":true,"UsedNum":0,"UsedMem":0,"UsedCore":0,"MigTemplate":[],"MigUsage":{"Index":-1,"UsageList":null}}
I0906 15:30:37.738204       1 device_info.go:113] "Nvidia Device registered name" name="volcano-lab-worker" val={"ID":1,"Node":"volcano-lab-worker","UUID":"GPU-12345678-1234-1234-1234-123456780001","PodMap":{},"Memory":409,"Number":10,"Type":"NVIDIA-NVIDIA A100-SXM4-40GB","Health":true,"UsedNum":0,"UsedMem":0,"UsedCore":0,"MigTemplate":[],"MigUsage":{"Index":-1,"UsageList":null}}
E0906 15:30:37.738257       1 device_info.go:189] pod grafana-7c5659d458-xrbnn has no annotation volcano.sh/devices-to-allocate
E0906 15:30:37.738274       1 device_info.go:189] pod volcano-device-plugin-2sg22 has no annotation volcano.sh/devices-to-allocate
E0906 15:30:37.738287       1 device_info.go:189] pod volcano-scheduler-65f6496dc8-58jzd has no annotation volcano.sh/devices-to-allocate
E0906 15:30:37.738301       1 device_info.go:189] pod kindnet-k2m7h has no annotation volcano.sh/devices-to-allocate
E0906 15:30:37.738322       1 device_info.go:189] pod kube-proxy-btcmr has no annotation volcano.sh/devices-to-allocate
E0906 15:30:37.738338       1 device_info.go:189] pod mock1-nvml-mock-9rgh9 has no annotation volcano.sh/devices-to-allocate
I0906 15:30:37.738455       1 device_info.go:111] GPU sharing mode:  hami-core
I0906 15:30:37.738480       1 device_info.go:113] "Nvidia Device registered name" name="volcano-lab-worker2" val={"ID":0,"Node":"volcano-lab-worker2","UUID":"GPU-22345678-1234-1234-1234-123456780000","PodMap":{},"Memory":409,"Number":10,"Type":"NVIDIA-NVIDIA A100-SXM4-40GB","Health":true,"UsedNum":0,"UsedMem":0,"UsedCore":0,"MigTemplate":[],"MigUsage":{"Index":-1,"UsageList":null}}
I0906 15:30:37.738502       1 device_info.go:113] "Nvidia Device registered name" name="volcano-lab-worker2" val={"ID":1,"Node":"volcano-lab-worker2","UUID":"GPU-22345678-1234-1234-1234-123456780001","PodMap":{},"Memory":409,"Number":10,"Type":"NVIDIA-NVIDIA A100-SXM4-40GB","Health":true,"UsedNum":0,"UsedMem":0,"UsedCore":0,"MigTemplate":[],"MigUsage":{"Index":-1,"UsageList":null}}
I0906 15:30:37.738521       1 device_info.go:111] GPU sharing mode:  hami-core
I0906 15:30:37.738535       1 device_info.go:113] "Nvidia Device registered name" name="volcano-lab-worker2" val={"ID":0,"Node":"volcano-lab-worker2","UUID":"GPU-22345678-1234-1234-1234-123456780000","PodMap":{},"Memory":409,"Number":10,"Type":"NVIDIA-NVIDIA A100-SXM4-40GB","Health":true,"UsedNum":0,"UsedMem":0,"UsedCore":0,"MigTemplate":[],"MigUsage":{"Index":-1,"UsageList":null}}
I0906 15:30:37.738552       1 device_info.go:113] "Nvidia Device registered name" name="volcano-lab-worker2" val={"ID":1,"Node":"volcano-lab-worker2","UUID":"GPU-22345678-1234-1234-1234-123456780001","PodMap":{},"Memory":409,"Number":10,"Type":"NVIDIA-NVIDIA A100-SXM4-40GB","Health":true,"UsedNum":0,"UsedMem":0,"UsedCore":0,"MigTemplate":[],"MigUsage":{"Index":-1,"UsageList":null}}
E0906 15:30:37.738581       1 device_info.go:189] pod kube-state-metrics-5ffcdf767c-gf9d5 has no annotation volcano.sh/devices-to-allocate
E0906 15:30:37.738607       1 device_info.go:189] pod volcano-controllers-5b976c6d4b-rkqw6 has no annotation volcano.sh/devices-to-allocate
E0906 15:30:37.738619       1 device_info.go:189] pod kube-proxy-gwssg has no annotation volcano.sh/devices-to-allocate
E0906 15:30:37.738629       1 device_info.go:189] pod prometheus-deployment-7cb9b4545b-h2fz4 has no annotation volcano.sh/devices-to-allocate
E0906 15:30:37.738638       1 device_info.go:189] pod volcano-device-plugin-jj26z has no annotation volcano.sh/devices-to-allocate
E0906 15:30:37.738647       1 device_info.go:189] pod mock2-nvml-mock-mtnbp has no annotation volcano.sh/devices-to-allocate
E0906 15:30:37.738657       1 device_info.go:189] pod volcano-admission-5b979dc8f6-8rdzl has no annotation volcano.sh/devices-to-allocate
E0906 15:30:37.738666       1 device_info.go:189] pod kindnet-5whpw has no annotation volcano.sh/devices-to-allocate
I0906 15:30:37.738817       1 cache.go:1581] "SnapShot for scheduling" jobNum=0 QueueNum=3 NodeNum=3
I0906 15:30:37.738862       1 session.go:1036] Start adjusting jobs' network topology spec according to hyperNodeTierNameMap map[]
I0906 15:30:37.738880       1 session.go:1079] Finish adjusting jobs' network topology spec according to hyperNodeTierNameMap map[]
I0906 15:30:37.738899       1 session.go:279] Open Session 6554a43f-3142-4f8e-99f6-f549ab43c851 with <0> Job and <3> Queues. HyperNodesReadyToSchedule: true
I0906 15:30:37.739215       1 gpuexclusive.go:437] gpuexclusive: no rules configured, skipping GPU exclusivity wrapping
I0906 15:30:37.739228       1 enqueue.go:79] Try to enqueue PodGroup to 0 Queues
I0906 15:30:37.739234       1 reclaim.go:68] There are <0> Jobs and <3> Queues in total for scheduling.
I0906 15:30:37.739240       1 allocate.go:138] Try to allocate resource to 0 Queues
I0906 15:30:37.739270       1 session.go:577] Close Session 6554a43f-3142-4f8e-99f6-f549ab43c851
I0906 15:30:38.740077       1 device_info.go:111] GPU sharing mode:  hami-core
I0906 15:30:38.740145       1 device_info.go:113] "Nvidia Device registered name" name="volcano-lab-worker" val={"ID":0,"Node":"volcano-lab-worker","UUID":"GPU-12345678-1234-1234-1234-123456780000","PodMap":{},"Memory":409,"Number":10,"Type":"NVIDIA-NVIDIA A100-SXM4-40GB","Health":true,"UsedNum":0,"UsedMem":0,"UsedCore":0,"MigTemplate":[],"MigUsage":{"Index":-1,"UsageList":null}}
I0906 15:30:38.740190       1 device_info.go:113] "Nvidia Device registered name" name="volcano-lab-worker" val={"ID":1,"Node":"volcano-lab-worker","UUID":"GPU-12345678-1234-1234-1234-123456780001","PodMap":{},"Memory":409,"Number":10,"Type":"NVIDIA-NVIDIA A100-SXM4-40GB","Health":true,"UsedNum":0,"UsedMem":0,"UsedCore":0,"MigTemplate":[],"MigUsage":{"Index":-1,"UsageList":null}}
I0906 15:30:38.740225       1 device_info.go:111] GPU sharing mode:  hami-core
I0906 15:30:38.740250       1 device_info.go:113] "Nvidia Device registered name" name="volcano-lab-worker" val={"ID":0,"Node":"volcano-lab-worker","UUID":"GPU-12345678-1234-1234-1234-123456780000","PodMap":{},"Memory":409,"Number":10,"Type":"NVIDIA-NVIDIA A100-SXM4-40GB","Health":true,"UsedNum":0,"UsedMem":0,"UsedCore":0,"MigTemplate":[],"MigUsage":{"Index":-1,"UsageList":null}}
I0906 15:30:38.740286       1 device_info.go:113] "Nvidia Device registered name" name="volcano-lab-worker" val={"ID":1,"Node":"volcano-lab-worker","UUID":"GPU-12345678-1234-1234-1234-123456780001","PodMap":{},"Memory":409,"Number":10,"Type":"NVIDIA-NVIDIA A100-SXM4-40GB","Health":true,"UsedNum":0,"UsedMem":0,"UsedCore":0,"MigTemplate":[],"MigUsage":{"Index":-1,"UsageList":null}}
E0906 15:30:38.740319       1 device_info.go:189] pod grafana-7c5659d458-xrbnn has no annotation volcano.sh/devices-to-allocate
E0906 15:30:38.740341       1 device_info.go:189] pod volcano-device-plugin-2sg22 has no annotation volcano.sh/devices-to-allocate
E0906 15:30:38.740358       1 device_info.go:189] pod volcano-scheduler-65f6496dc8-58jzd has no annotation volcano.sh/devices-to-allocate
E0906 15:30:38.740372       1 device_info.go:189] pod kindnet-k2m7h has no annotation volcano.sh/devices-to-allocate
E0906 15:30:38.740386       1 device_info.go:189] pod kube-proxy-btcmr has no annotation volcano.sh/devices-to-allocate
E0906 15:30:38.740401       1 device_info.go:189] pod mock1-nvml-mock-9rgh9 has no annotation volcano.sh/devices-to-allocate
I0906 15:30:38.740476       1 device_info.go:111] GPU sharing mode:  hami-core
I0906 15:30:38.740502       1 device_info.go:113] "Nvidia Device registered name" name="volcano-lab-worker2" val={"ID":0,"Node":"volcano-lab-worker2","UUID":"GPU-22345678-1234-1234-1234-123456780000","PodMap":{},"Memory":409,"Number":10,"Type":"NVIDIA-NVIDIA A100-SXM4-40GB","Health":true,"UsedNum":0,"UsedMem":0,"UsedCore":0,"MigTemplate":[],"MigUsage":{"Index":-1,"UsageList":null}}
I0906 15:30:38.740532       1 device_info.go:113] "Nvidia Device registered name" name="volcano-lab-worker2" val={"ID":1,"Node":"volcano-lab-worker2","UUID":"GPU-22345678-1234-1234-1234-123456780001","PodMap":{},"Memory":409,"Number":10,"Type":"NVIDIA-NVIDIA A100-SXM4-40GB","Health":true,"UsedNum":0,"UsedMem":0,"UsedCore":0,"MigTemplate":[],"MigUsage":{"Index":-1,"UsageList":null}}
I0906 15:30:38.740558       1 device_info.go:111] GPU sharing mode:  hami-core
I0906 15:30:38.740579       1 device_info.go:113] "Nvidia Device registered name" name="volcano-lab-worker2" val={"ID":0,"Node":"volcano-lab-worker2","UUID":"GPU-22345678-1234-1234-1234-123456780000","PodMap":{},"Memory":409,"Number":10,"Type":"NVIDIA-NVIDIA A100-SXM4-40GB","Health":true,"UsedNum":0,"UsedMem":0,"UsedCore":0,"MigTemplate":[],"MigUsage":{"Index":-1,"UsageList":null}}
I0906 15:30:38.740606       1 device_info.go:113] "Nvidia Device registered name" name="volcano-lab-worker2" val={"ID":1,"Node":"volcano-lab-worker2","UUID":"GPU-22345678-1234-1234-1234-123456780001","PodMap":{},"Memory":409,"Number":10,"Type":"NVIDIA-NVIDIA A100-SXM4-40GB","Health":true,"UsedNum":0,"UsedMem":0,"UsedCore":0,"MigTemplate":[],"MigUsage":{"Index":-1,"UsageList":null}}
E0906 15:30:38.740635       1 device_info.go:189] pod prometheus-deployment-7cb9b4545b-h2fz4 has no annotation volcano.sh/devices-to-allocate
E0906 15:30:38.740654       1 device_info.go:189] pod volcano-device-plugin-jj26z has no annotation volcano.sh/devices-to-allocate
E0906 15:30:38.740677       1 device_info.go:189] pod mock2-nvml-mock-mtnbp has no annotation volcano.sh/devices-to-allocate
E0906 15:30:38.740692       1 device_info.go:189] pod volcano-admission-5b979dc8f6-8rdzl has no annotation volcano.sh/devices-to-allocate
E0906 15:30:38.740706       1 device_info.go:189] pod kindnet-5whpw has no annotation volcano.sh/devices-to-allocate
E0906 15:30:38.740720       1 device_info.go:189] pod kube-state-metrics-5ffcdf767c-gf9d5 has no annotation volcano.sh/devices-to-allocate
E0906 15:30:38.740733       1 device_info.go:189] pod volcano-controllers-5b976c6d4b-rkqw6 has no annotation volcano.sh/devices-to-allocate
E0906 15:30:38.740747       1 device_info.go:189] pod kube-proxy-gwssg has no annotation volcano.sh/devices-to-allocate
I0906 15:30:38.740837       1 cache.go:1581] "SnapShot for scheduling" jobNum=0 QueueNum=3 NodeNum=3
I0906 15:30:38.740868       1 session.go:1036] Start adjusting jobs' network topology spec according to hyperNodeTierNameMap map[]
I0906 15:30:38.740891       1 session.go:1079] Finish adjusting jobs' network topology spec according to hyperNodeTierNameMap map[]
I0906 15:30:38.740920       1 session.go:279] Open Session 3a6f6f60-7377-4eeb-b70a-4f17ddf806ec with <0> Job and <3> Queues. HyperNodesReadyToSchedule: true
I0906 15:30:38.741222       1 gpuexclusive.go:437] gpuexclusive: no rules configured, skipping GPU exclusivity wrapping
I0906 15:30:38.741236       1 enqueue.go:79] Try to enqueue PodGroup to 0 Queues
I0906 15:30:38.741244       1 reclaim.go:68] There are <0> Jobs and <3> Queues in total for scheduling.
I0906 15:30:38.741254       1 allocate.go:138] Try to allocate resource to 0 Queues
I0906 15:30:38.741283       1 session.go:577] Close Session 3a6f6f60-7377-4eeb-b70a-4f17ddf806ec
I0906 15:30:38.873900       1 device_info.go:111] GPU sharing mode:  hami-core
I0906 15:30:38.873981       1 device_info.go:113] "Nvidia Device registered name" name="volcano-lab-worker" val={"ID":0,"Node":"volcano-lab-worker","UUID":"GPU-12345678-1234-1234-1234-123456780000","PodMap":{},"Memory":409,"Number":10,"Type":"NVIDIA-NVIDIA A100-SXM4-40GB","Health":true,"UsedNum":0,"UsedMem":0,"UsedCore":0,"MigTemplate":[],"MigUsage":{"Index":-1,"UsageList":null}}
I0906 15:30:38.874007       1 device_info.go:113] "Nvidia Device registered name" name="volcano-lab-worker" val={"ID":1,"Node":"volcano-lab-worker","UUID":"GPU-12345678-1234-1234-1234-123456780001","PodMap":{},"Memory":409,"Number":10,"Type":"NVIDIA-NVIDIA A100-SXM4-40GB","Health":true,"UsedNum":0,"UsedMem":0,"UsedCore":0,"MigTemplate":[],"MigUsage":{"Index":-1,"UsageList":null}}
I0906 15:30:38.874023       1 device_info.go:111] GPU sharing mode:  hami-core
I0906 15:30:38.874031       1 device_info.go:113] "Nvidia Device registered name" name="volcano-lab-worker" val={"ID":0,"Node":"volcano-lab-worker","UUID":"GPU-12345678-1234-1234-1234-123456780000","PodMap":{},"Memory":409,"Number":10,"Type":"NVIDIA-NVIDIA A100-SXM4-40GB","Health":true,"UsedNum":0,"UsedMem":0,"UsedCore":0,"MigTemplate":[],"MigUsage":{"Index":-1,"UsageList":null}}
I0906 15:30:38.874039       1 device_info.go:113] "Nvidia Device registered name" name="volcano-lab-worker" val={"ID":1,"Node":"volcano-lab-worker","UUID":"GPU-12345678-1234-1234-1234-123456780001","PodMap":{},"Memory":409,"Number":10,"Type":"NVIDIA-NVIDIA A100-SXM4-40GB","Health":true,"UsedNum":0,"UsedMem":0,"UsedCore":0,"MigTemplate":[],"MigUsage":{"Index":-1,"UsageList":null}}
E0906 15:30:38.874064       1 device_info.go:189] pod kindnet-k2m7h has no annotation volcano.sh/devices-to-allocate
E0906 15:30:38.874075       1 device_info.go:189] pod kube-proxy-btcmr has no annotation volcano.sh/devices-to-allocate
E0906 15:30:38.874081       1 device_info.go:189] pod mock1-nvml-mock-9rgh9 has no annotation volcano.sh/devices-to-allocate
E0906 15:30:38.874088       1 device_info.go:189] pod grafana-7c5659d458-xrbnn has no annotation volcano.sh/devices-to-allocate
E0906 15:30:38.874093       1 device_info.go:189] pod volcano-device-plugin-2sg22 has no annotation volcano.sh/devices-to-allocate
E0906 15:30:38.874107       1 device_info.go:189] pod volcano-scheduler-65f6496dc8-58jzd has no annotation volcano.sh/devices-to-allocate
I0906 15:30:38.874124       1 device_info.go:111] GPU sharing mode:  hami-core
I0906 15:30:38.874133       1 device_info.go:113] "Nvidia Device registered name" name="volcano-lab-worker" val={"ID":0,"Node":"volcano-lab-worker","UUID":"GPU-12345678-1234-1234-1234-123456780000","PodMap":{},"Memory":409,"Number":10,"Type":"NVIDIA-NVIDIA A100-SXM4-40GB","Health":true,"UsedNum":0,"UsedMem":0,"UsedCore":0,"MigTemplate":[],"MigUsage":{"Index":-1,"UsageList":null}}
I0906 15:30:38.874148       1 device_info.go:113] "Nvidia Device registered name" name="volcano-lab-worker" val={"ID":1,"Node":"volcano-lab-worker","UUID":"GPU-12345678-1234-1234-1234-123456780001","PodMap":{},"Memory":409,"Number":10,"Type":"NVIDIA-NVIDIA A100-SXM4-40GB","Health":true,"UsedNum":0,"UsedMem":0,"UsedCore":0,"MigTemplate":[],"MigUsage":{"Index":-1,"UsageList":null}}
I0906 15:30:38.882302       1 device_info.go:111] GPU sharing mode:  hami-core
I0906 15:30:38.882330       1 device_info.go:113] "Nvidia Device registered name" name="volcano-lab-worker" val={"ID":0,"Node":"volcano-lab-worker","UUID":"GPU-12345678-1234-1234-1234-123456780000","PodMap":{},"Memory":409,"Number":10,"Type":"NVIDIA-NVIDIA A100-SXM4-40GB","Health":true,"UsedNum":0,"UsedMem":0,"UsedCore":0,"MigTemplate":[],"MigUsage":{"Index":-1,"UsageList":null}}
I0906 15:30:38.882350       1 device_info.go:113] "Nvidia Device registered name" name="volcano-lab-worker" val={"ID":1,"Node":"volcano-lab-worker","UUID":"GPU-12345678-1234-1234-1234-123456780001","PodMap":{},"Memory":409,"Number":10,"Type":"NVIDIA-NVIDIA A100-SXM4-40GB","Health":true,"UsedNum":0,"UsedMem":0,"UsedCore":0,"MigTemplate":[],"MigUsage":{"Index":-1,"UsageList":null}}
E0906 15:30:38.885422       1 device_info.go:189] pod kube-proxy-btcmr has no annotation volcano.sh/devices-to-allocate
E0906 15:30:38.885437       1 device_info.go:189] pod mock1-nvml-mock-9rgh9 has no annotation volcano.sh/devices-to-allocate
E0906 15:30:38.885444       1 device_info.go:189] pod grafana-7c5659d458-xrbnn has no annotation volcano.sh/devices-to-allocate
E0906 15:30:38.885450       1 device_info.go:189] pod volcano-device-plugin-2sg22 has no annotation volcano.sh/devices-to-allocate
E0906 15:30:38.885455       1 device_info.go:189] pod volcano-scheduler-65f6496dc8-58jzd has no annotation volcano.sh/devices-to-allocate
E0906 15:30:38.885460       1 device_info.go:189] pod kindnet-k2m7h has no annotation volcano.sh/devices-to-allocate
I0906 15:30:38.885471       1 device_info.go:111] GPU sharing mode:  hami-core
I0906 15:30:38.885489       1 device_info.go:113] "Nvidia Device registered name" name="volcano-lab-worker" val={"ID":0,"Node":"volcano-lab-worker","UUID":"GPU-12345678-1234-1234-1234-123456780000","PodMap":{},"Memory":409,"Number":10,"Type":"NVIDIA-NVIDIA A100-SXM4-40GB","Health":true,"UsedNum":0,"UsedMem":0,"UsedCore":0,"MigTemplate":[],"MigUsage":{"Index":-1,"UsageList":null}}
I0906 15:30:38.885512       1 device_info.go:113] "Nvidia Device registered name" name="volcano-lab-worker" val={"ID":1,"Node":"volcano-lab-worker","UUID":"GPU-12345678-1234-1234-1234-123456780001","PodMap":{},"Memory":409,"Number":10,"Type":"NVIDIA-NVIDIA A100-SXM4-40GB","Health":true,"UsedNum":0,"UsedMem":0,"UsedCore":0,"MigTemplate":[],"MigUsage":{"Index":-1,"UsageList":null}}
I0906 15:30:38.891631       1 device_info.go:111] GPU sharing mode:  hami-core
I0906 15:30:38.891642       1 device_info.go:113] "Nvidia Device registered name" name="volcano-lab-worker" val={"ID":0,"Node":"volcano-lab-worker","UUID":"GPU-12345678-1234-1234-1234-123456780000","PodMap":{},"Memory":409,"Number":10,"Type":"NVIDIA-NVIDIA A100-SXM4-40GB","Health":true,"UsedNum":0,"UsedMem":0,"UsedCore":0,"MigTemplate":[],"MigUsage":{"Index":-1,"UsageList":null}}
I0906 15:30:38.891650       1 device_info.go:113] "Nvidia Device registered name" name="volcano-lab-worker" val={"ID":1,"Node":"volcano-lab-worker","UUID":"GPU-12345678-1234-1234-1234-123456780001","PodMap":{},"Memory":409,"Number":10,"Type":"NVIDIA-NVIDIA A100-SXM4-40GB","Health":true,"UsedNum":0,"UsedMem":0,"UsedCore":0,"MigTemplate":[],"MigUsage":{"Index":-1,"UsageList":null}}
E0906 15:30:38.893914       1 device_info.go:189] pod kube-proxy-btcmr has no annotation volcano.sh/devices-to-allocate
E0906 15:30:38.893920       1 device_info.go:189] pod mock1-nvml-mock-9rgh9 has no annotation volcano.sh/devices-to-allocate
E0906 15:30:38.893923       1 device_info.go:189] pod grafana-7c5659d458-xrbnn has no annotation volcano.sh/devices-to-allocate
E0906 15:30:38.893926       1 device_info.go:189] pod volcano-device-plugin-2sg22 has no annotation volcano.sh/devices-to-allocate
E0906 15:30:38.893929       1 device_info.go:189] pod volcano-scheduler-65f6496dc8-58jzd has no annotation volcano.sh/devices-to-allocate
E0906 15:30:38.893932       1 device_info.go:189] pod kindnet-k2m7h has no annotation volcano.sh/devices-to-allocate
I0906 15:30:38.893986       1 device_info.go:111] GPU sharing mode:  hami-core
I0906 15:30:38.893995       1 device_info.go:113] "Nvidia Device registered name" name="volcano-lab-worker" val={"ID":0,"Node":"volcano-lab-worker","UUID":"GPU-12345678-1234-1234-1234-123456780000","PodMap":{},"Memory":409,"Number":10,"Type":"NVIDIA-NVIDIA A100-SXM4-40GB","Health":true,"UsedNum":0,"UsedMem":0,"UsedCore":0,"MigTemplate":[],"MigUsage":{"Index":-1,"UsageList":null}}
I0906 15:30:38.894004       1 device_info.go:113] "Nvidia Device registered name" name="volcano-lab-worker" val={"ID":1,"Node":"volcano-lab-worker","UUID":"GPU-12345678-1234-1234-1234-123456780001","PodMap":{},"Memory":409,"Number":10,"Type":"NVIDIA-NVIDIA A100-SXM4-40GB","Health":true,"UsedNum":0,"UsedMem":0,"UsedCore":0,"MigTemplate":[],"MigUsage":{"Index":-1,"UsageList":null}}
I0906 15:30:38.896597       1 device_info.go:111] GPU sharing mode:  hami-core
I0906 15:30:38.896607       1 device_info.go:113] "Nvidia Device registered name" name="volcano-lab-worker" val={"ID":0,"Node":"volcano-lab-worker","UUID":"GPU-12345678-1234-1234-1234-123456780000","PodMap":{},"Memory":409,"Number":10,"Type":"NVIDIA-NVIDIA A100-SXM4-40GB","Health":true,"UsedNum":0,"UsedMem":0,"UsedCore":0,"MigTemplate":[],"MigUsage":{"Index":-1,"UsageList":null}}
I0906 15:30:38.896614       1 device_info.go:113] "Nvidia Device registered name" name="volcano-lab-worker" val={"ID":1,"Node":"volcano-lab-worker","UUID":"GPU-12345678-1234-1234-1234-123456780001","PodMap":{},"Memory":409,"Number":10,"Type":"NVIDIA-NVIDIA A100-SXM4-40GB","Health":true,"UsedNum":0,"UsedMem":0,"UsedCore":0,"MigTemplate":[],"MigUsage":{"Index":-1,"UsageList":null}}
E0906 15:30:38.899017       1 device_info.go:189] pod grafana-7c5659d458-xrbnn has no annotation volcano.sh/devices-to-allocate
E0906 15:30:38.899033       1 device_info.go:189] pod volcano-device-plugin-2sg22 has no annotation volcano.sh/devices-to-allocate
E0906 15:30:38.899042       1 device_info.go:189] pod volcano-scheduler-65f6496dc8-58jzd has no annotation volcano.sh/devices-to-allocate
E0906 15:30:38.899062       1 device_info.go:189] pod kindnet-k2m7h has no annotation volcano.sh/devices-to-allocate
E0906 15:30:38.899072       1 device_info.go:189] pod kube-proxy-btcmr has no annotation volcano.sh/devices-to-allocate
E0906 15:30:38.899082       1 device_info.go:189] pod mock1-nvml-mock-9rgh9 has no annotation volcano.sh/devices-to-allocate
I0906 15:30:38.899109       1 device_info.go:111] GPU sharing mode:  hami-core
I0906 15:30:38.899132       1 device_info.go:113] "Nvidia Device registered name" name="volcano-lab-worker" val={"ID":0,"Node":"volcano-lab-worker","UUID":"GPU-12345678-1234-1234-1234-123456780000","PodMap":{},"Memory":409,"Number":10,"Type":"NVIDIA-NVIDIA A100-SXM4-40GB","Health":true,"UsedNum":0,"UsedMem":0,"UsedCore":0,"MigTemplate":[],"MigUsage":{"Index":-1,"UsageList":null}}
I0906 15:30:38.899149       1 device_info.go:113] "Nvidia Device registered name" name="volcano-lab-worker" val={"ID":1,"Node":"volcano-lab-worker","UUID":"GPU-12345678-1234-1234-1234-123456780001","PodMap":{},"Memory":409,"Number":10,"Type":"NVIDIA-NVIDIA A100-SXM4-40GB","Health":true,"UsedNum":0,"UsedMem":0,"UsedCore":0,"MigTemplate":[],"MigUsage":{"Index":-1,"UsageList":null}}
I0906 15:30:38.899163       1 device_info.go:111] GPU sharing mode:  hami-core
I0906 15:30:38.899173       1 device_info.go:113] "Nvidia Device registered name" name="volcano-lab-worker" val={"ID":1,"Node":"volcano-lab-worker","UUID":"GPU-12345678-1234-1234-1234-123456780001","PodMap":{},"Memory":409,"Number":10,"Type":"NVIDIA-NVIDIA A100-SXM4-40GB","Health":true,"UsedNum":0,"UsedMem":0,"UsedCore":0,"MigTemplate":[],"MigUsage":{"Index":-1,"UsageList":null}}
I0906 15:30:38.899183       1 device_info.go:113] "Nvidia Device registered name" name="volcano-lab-worker" val={"ID":0,"Node":"volcano-lab-worker","UUID":"GPU-12345678-1234-1234-1234-123456780000","PodMap":{},"Memory":409,"Number":10,"Type":"NVIDIA-NVIDIA A100-SXM4-40GB","Health":true,"UsedNum":0,"UsedMem":0,"UsedCore":0,"MigTemplate":[],"MigUsage":{"Index":-1,"UsageList":null}}
E0906 15:30:38.899223       1 device_info.go:189] pod grafana-7c5659d458-xrbnn has no annotation volcano.sh/devices-to-allocate
E0906 15:30:38.899230       1 device_info.go:189] pod volcano-device-plugin-2sg22 has no annotation volcano.sh/devices-to-allocate
E0906 15:30:38.899236       1 device_info.go:189] pod volcano-scheduler-65f6496dc8-58jzd has no annotation volcano.sh/devices-to-allocate
E0906 15:30:38.899241       1 device_info.go:189] pod kindnet-k2m7h has no annotation volcano.sh/devices-to-allocate
E0906 15:30:38.899245       1 device_info.go:189] pod kube-proxy-btcmr has no annotation volcano.sh/devices-to-allocate
E0906 15:30:38.899250       1 device_info.go:189] pod mock1-nvml-mock-9rgh9 has no annotation volcano.sh/devices-to-allocate
I0906 15:30:38.899257       1 device_info.go:111] GPU sharing mode:  hami-core
I0906 15:30:38.899266       1 device_info.go:113] "Nvidia Device registered name" name="volcano-lab-worker" val={"ID":0,"Node":"volcano-lab-worker","UUID":"GPU-12345678-1234-1234-1234-123456780000","PodMap":{},"Memory":409,"Number":10,"Type":"NVIDIA-NVIDIA A100-SXM4-40GB","Health":true,"UsedNum":0,"UsedMem":0,"UsedCore":0,"MigTemplate":[],"MigUsage":{"Index":-1,"UsageList":null}}
I0906 15:30:38.899276       1 device_info.go:113] "Nvidia Device registered name" name="volcano-lab-worker" val={"ID":1,"Node":"volcano-lab-worker","UUID":"GPU-12345678-1234-1234-1234-123456780001","PodMap":{},"Memory":409,"Number":10,"Type":"NVIDIA-NVIDIA A100-SXM4-40GB","Health":true,"UsedNum":0,"UsedMem":0,"UsedCore":0,"MigTemplate":[],"MigUsage":{"Index":-1,"UsageList":null}}
I0906 15:30:38.899288       1 device_info.go:111] GPU sharing mode:  hami-core
I0906 15:30:38.899298       1 device_info.go:113] "Nvidia Device registered name" name="volcano-lab-worker" val={"ID":1,"Node":"volcano-lab-worker","UUID":"GPU-12345678-1234-1234-1234-123456780001","PodMap":{},"Memory":409,"Number":10,"Type":"NVIDIA-NVIDIA A100-SXM4-40GB","Health":true,"UsedNum":0,"UsedMem":0,"UsedCore":0,"MigTemplate":[],"MigUsage":{"Index":-1,"UsageList":null}}
I0906 15:30:38.899309       1 device_info.go:113] "Nvidia Device registered name" name="volcano-lab-worker" val={"ID":0,"Node":"volcano-lab-worker","UUID":"GPU-12345678-1234-1234-1234-123456780000","PodMap":{},"Memory":409,"Number":10,"Type":"NVIDIA-NVIDIA A100-SXM4-40GB","Health":true,"UsedNum":0,"UsedMem":0,"UsedCore":0,"MigTemplate":[],"MigUsage":{"Index":-1,"UsageList":null}}
E0906 15:30:38.899337       1 device_info.go:189] pod kube-proxy-btcmr has no annotation volcano.sh/devices-to-allocate
E0906 15:30:38.899346       1 device_info.go:189] pod mock1-nvml-mock-9rgh9 has no annotation volcano.sh/devices-to-allocate
E0906 15:30:38.899351       1 device_info.go:189] pod grafana-7c5659d458-xrbnn has no annotation volcano.sh/devices-to-allocate
E0906 15:30:38.899363       1 device_info.go:189] pod volcano-device-plugin-2sg22 has no annotation volcano.sh/devices-to-allocate
E0906 15:30:38.899368       1 device_info.go:189] pod volcano-scheduler-65f6496dc8-58jzd has no annotation volcano.sh/devices-to-allocate
E0906 15:30:38.899373       1 device_info.go:189] pod kindnet-k2m7h has no annotation volcano.sh/devices-to-allocate
I0906 15:30:39.741811       1 device_info.go:111] GPU sharing mode:  hami-core
I0906 15:30:39.741837       1 device_info.go:113] "Nvidia Device registered name" name="volcano-lab-worker" val={"ID":0,"Node":"volcano-lab-worker","UUID":"GPU-12345678-1234-1234-1234-123456780000","PodMap":{},"Memory":409,"Number":10,"Type":"NVIDIA-NVIDIA A100-SXM4-40GB","Health":true,"UsedNum":0,"UsedMem":0,"UsedCore":0,"MigTemplate":[],"MigUsage":{"Index":-1,"UsageList":null}}
I0906 15:30:39.741853       1 device_info.go:113] "Nvidia Device registered name" name="volcano-lab-worker" val={"ID":1,"Node":"volcano-lab-worker","UUID":"GPU-12345678-1234-1234-1234-123456780001","PodMap":{},"Memory":409,"Number":10,"Type":"NVIDIA-NVIDIA A100-SXM4-40GB","Health":true,"UsedNum":0,"UsedMem":0,"UsedCore":0,"MigTemplate":[],"MigUsage":{"Index":-1,"UsageList":null}}
I0906 15:30:39.741861       1 device_info.go:111] GPU sharing mode:  hami-core
I0906 15:30:39.741866       1 device_info.go:113] "Nvidia Device registered name" name="volcano-lab-worker" val={"ID":0,"Node":"volcano-lab-worker","UUID":"GPU-12345678-1234-1234-1234-123456780000","PodMap":{},"Memory":409,"Number":10,"Type":"NVIDIA-NVIDIA A100-SXM4-40GB","Health":true,"UsedNum":0,"UsedMem":0,"UsedCore":0,"MigTemplate":[],"MigUsage":{"Index":-1,"UsageList":null}}
I0906 15:30:39.741871       1 device_info.go:113] "Nvidia Device registered name" name="volcano-lab-worker" val={"ID":1,"Node":"volcano-lab-worker","UUID":"GPU-12345678-1234-1234-1234-123456780001","PodMap":{},"Memory":409,"Number":10,"Type":"NVIDIA-NVIDIA A100-SXM4-40GB","Health":true,"UsedNum":0,"UsedMem":0,"UsedCore":0,"MigTemplate":[],"MigUsage":{"Index":-1,"UsageList":null}}
E0906 15:30:39.741879       1 device_info.go:189] pod volcano-device-plugin-2sg22 has no annotation volcano.sh/devices-to-allocate
E0906 15:30:39.741884       1 device_info.go:189] pod volcano-scheduler-65f6496dc8-58jzd has no annotation volcano.sh/devices-to-allocate
E0906 15:30:39.741889       1 device_info.go:189] pod kindnet-k2m7h has no annotation volcano.sh/devices-to-allocate
E0906 15:30:39.741895       1 device_info.go:189] pod kube-proxy-btcmr has no annotation volcano.sh/devices-to-allocate
E0906 15:30:39.741900       1 device_info.go:189] pod mock1-nvml-mock-9rgh9 has no annotation volcano.sh/devices-to-allocate
E0906 15:30:39.741907       1 device_info.go:189] pod grafana-7c5659d458-xrbnn has no annotation volcano.sh/devices-to-allocate
I0906 15:30:39.741936       1 device_info.go:111] GPU sharing mode:  hami-core
I0906 15:30:39.741943       1 device_info.go:113] "Nvidia Device registered name" name="volcano-lab-worker2" val={"ID":0,"Node":"volcano-lab-worker2","UUID":"GPU-22345678-1234-1234-1234-123456780000","PodMap":{},"Memory":409,"Number":10,"Type":"NVIDIA-NVIDIA A100-SXM4-40GB","Health":true,"UsedNum":0,"UsedMem":0,"UsedCore":0,"MigTemplate":[],"MigUsage":{"Index":-1,"UsageList":null}}
I0906 15:30:39.741950       1 device_info.go:113] "Nvidia Device registered name" name="volcano-lab-worker2" val={"ID":1,"Node":"volcano-lab-worker2","UUID":"GPU-22345678-1234-1234-1234-123456780001","PodMap":{},"Memory":409,"Number":10,"Type":"NVIDIA-NVIDIA A100-SXM4-40GB","Health":true,"UsedNum":0,"UsedMem":0,"UsedCore":0,"MigTemplate":[],"MigUsage":{"Index":-1,"UsageList":null}}
I0906 15:30:39.741957       1 device_info.go:111] GPU sharing mode:  hami-core
I0906 15:30:39.741964       1 device_info.go:113] "Nvidia Device registered name" name="volcano-lab-worker2" val={"ID":0,"Node":"volcano-lab-worker2","UUID":"GPU-22345678-1234-1234-1234-123456780000","PodMap":{},"Memory":409,"Number":10,"Type":"NVIDIA-NVIDIA A100-SXM4-40GB","Health":true,"UsedNum":0,"UsedMem":0,"UsedCore":0,"MigTemplate":[],"MigUsage":{"Index":-1,"UsageList":null}}
I0906 15:30:39.741972       1 device_info.go:113] "Nvidia Device registered name" name="volcano-lab-worker2" val={"ID":1,"Node":"volcano-lab-worker2","UUID":"GPU-22345678-1234-1234-1234-123456780001","PodMap":{},"Memory":409,"Number":10,"Type":"NVIDIA-NVIDIA A100-SXM4-40GB","Health":true,"UsedNum":0,"UsedMem":0,"UsedCore":0,"MigTemplate":[],"MigUsage":{"Index":-1,"UsageList":null}}
E0906 15:30:39.741983       1 device_info.go:189] pod prometheus-deployment-7cb9b4545b-h2fz4 has no annotation volcano.sh/devices-to-allocate
E0906 15:30:39.741990       1 device_info.go:189] pod volcano-device-plugin-jj26z has no annotation volcano.sh/devices-to-allocate
E0906 15:30:39.741995       1 device_info.go:189] pod mock2-nvml-mock-mtnbp has no annotation volcano.sh/devices-to-allocate
E0906 15:30:39.742000       1 device_info.go:189] pod volcano-admission-5b979dc8f6-8rdzl has no annotation volcano.sh/devices-to-allocate
E0906 15:30:39.742005       1 device_info.go:189] pod kindnet-5whpw has no annotation volcano.sh/devices-to-allocate
E0906 15:30:39.742011       1 device_info.go:189] pod kube-state-metrics-5ffcdf767c-gf9d5 has no annotation volcano.sh/devices-to-allocate
E0906 15:30:39.742016       1 device_info.go:189] pod volcano-controllers-5b976c6d4b-rkqw6 has no annotation volcano.sh/devices-to-allocate
E0906 15:30:39.742021       1 device_info.go:189] pod kube-proxy-gwssg has no annotation volcano.sh/devices-to-allocate
I0906 15:30:39.742076       1 cache.go:1581] "SnapShot for scheduling" jobNum=0 QueueNum=3 NodeNum=3
I0906 15:30:39.742088       1 session.go:1036] Start adjusting jobs' network topology spec according to hyperNodeTierNameMap map[]
I0906 15:30:39.742097       1 session.go:1079] Finish adjusting jobs' network topology spec according to hyperNodeTierNameMap map[]
I0906 15:30:39.742108       1 session.go:279] Open Session 5c07bcd8-4caa-432c-a4e8-b3ed8023aaa7 with <0> Job and <3> Queues. HyperNodesReadyToSchedule: true
I0906 15:30:39.742377       1 gpuexclusive.go:437] gpuexclusive: no rules configured, skipping GPU exclusivity wrapping
I0906 15:30:39.742388       1 enqueue.go:79] Try to enqueue PodGroup to 0 Queues
I0906 15:30:39.742397       1 reclaim.go:68] There are <0> Jobs and <3> Queues in total for scheduling.
I0906 15:30:39.742406       1 allocate.go:138] Try to allocate resource to 0 Queues
I0906 15:30:39.742443       1 session.go:577] Close Session 5c07bcd8-4caa-432c-a4e8-b3ed8023aaa7
I0906 15:30:40.743217       1 device_info.go:111] GPU sharing mode:  hami-core
I0906 15:30:40.743277       1 device_info.go:113] "Nvidia Device registered name" name="volcano-lab-worker" val={"ID":0,"Node":"volcano-lab-worker","UUID":"GPU-12345678-1234-1234-1234-123456780000","PodMap":{},"Memory":409,"Number":10,"Type":"NVIDIA-NVIDIA A100-SXM4-40GB","Health":true,"UsedNum":0,"UsedMem":0,"UsedCore":0,"MigTemplate":[],"MigUsage":{"Index":-1,"UsageList":null}}
I0906 15:30:40.743321       1 device_info.go:113] "Nvidia Device registered name" name="volcano-lab-worker" val={"ID":1,"Node":"volcano-lab-worker","UUID":"GPU-12345678-1234-1234-1234-123456780001","PodMap":{},"Memory":409,"Number":10,"Type":"NVIDIA-NVIDIA A100-SXM4-40GB","Health":true,"UsedNum":0,"UsedMem":0,"UsedCore":0,"MigTemplate":[],"MigUsage":{"Index":-1,"UsageList":null}}
I0906 15:30:40.743351       1 device_info.go:111] GPU sharing mode:  hami-core
I0906 15:30:40.743377       1 device_info.go:113] "Nvidia Device registered name" name="volcano-lab-worker" val={"ID":1,"Node":"volcano-lab-worker","UUID":"GPU-12345678-1234-1234-1234-123456780001","PodMap":{},"Memory":409,"Number":10,"Type":"NVIDIA-NVIDIA A100-SXM4-40GB","Health":true,"UsedNum":0,"UsedMem":0,"UsedCore":0,"MigTemplate":[],"MigUsage":{"Index":-1,"UsageList":null}}
I0906 15:30:40.743407       1 device_info.go:113] "Nvidia Device registered name" name="volcano-lab-worker" val={"ID":0,"Node":"volcano-lab-worker","UUID":"GPU-12345678-1234-1234-1234-123456780000","PodMap":{},"Memory":409,"Number":10,"Type":"NVIDIA-NVIDIA A100-SXM4-40GB","Health":true,"UsedNum":0,"UsedMem":0,"UsedCore":0,"MigTemplate":[],"MigUsage":{"Index":-1,"UsageList":null}}
E0906 15:30:40.743439       1 device_info.go:189] pod volcano-device-plugin-2sg22 has no annotation volcano.sh/devices-to-allocate
E0906 15:30:40.743462       1 device_info.go:189] pod volcano-scheduler-65f6496dc8-58jzd has no annotation volcano.sh/devices-to-allocate
E0906 15:30:40.743480       1 device_info.go:189] pod kindnet-k2m7h has no annotation volcano.sh/devices-to-allocate
E0906 15:30:40.743524       1 device_info.go:189] pod kube-proxy-btcmr has no annotation volcano.sh/devices-to-allocate
E0906 15:30:40.743542       1 device_info.go:189] pod mock1-nvml-mock-9rgh9 has no annotation volcano.sh/devices-to-allocate
E0906 15:30:40.743552       1 device_info.go:189] pod grafana-7c5659d458-xrbnn has no annotation volcano.sh/devices-to-allocate
I0906 15:30:40.743619       1 device_info.go:111] GPU sharing mode:  hami-core
I0906 15:30:40.743638       1 device_info.go:113] "Nvidia Device registered name" name="volcano-lab-worker2" val={"ID":0,"Node":"volcano-lab-worker2","UUID":"GPU-22345678-1234-1234-1234-123456780000","PodMap":{},"Memory":409,"Number":10,"Type":"NVIDIA-NVIDIA A100-SXM4-40GB","Health":true,"UsedNum":0,"UsedMem":0,"UsedCore":0,"MigTemplate":[],"MigUsage":{"Index":-1,"UsageList":null}}
I0906 15:30:40.743657       1 device_info.go:113] "Nvidia Device registered name" name="volcano-lab-worker2" val={"ID":1,"Node":"volcano-lab-worker2","UUID":"GPU-22345678-1234-1234-1234-123456780001","PodMap":{},"Memory":409,"Number":10,"Type":"NVIDIA-NVIDIA A100-SXM4-40GB","Health":true,"UsedNum":0,"UsedMem":0,"UsedCore":0,"MigTemplate":[],"MigUsage":{"Index":-1,"UsageList":null}}
I0906 15:30:40.743675       1 device_info.go:111] GPU sharing mode:  hami-core
I0906 15:30:40.743699       1 device_info.go:113] "Nvidia Device registered name" name="volcano-lab-worker2" val={"ID":0,"Node":"volcano-lab-worker2","UUID":"GPU-22345678-1234-1234-1234-123456780000","PodMap":{},"Memory":409,"Number":10,"Type":"NVIDIA-NVIDIA A100-SXM4-40GB","Health":true,"UsedNum":0,"UsedMem":0,"UsedCore":0,"MigTemplate":[],"MigUsage":{"Index":-1,"UsageList":null}}
I0906 15:30:40.743716       1 device_info.go:113] "Nvidia Device registered name" name="volcano-lab-worker2" val={"ID":1,"Node":"volcano-lab-worker2","UUID":"GPU-22345678-1234-1234-1234-123456780001","PodMap":{},"Memory":409,"Number":10,"Type":"NVIDIA-NVIDIA A100-SXM4-40GB","Health":true,"UsedNum":0,"UsedMem":0,"UsedCore":0,"MigTemplate":[],"MigUsage":{"Index":-1,"UsageList":null}}
E0906 15:30:40.743735       1 device_info.go:189] pod kube-state-metrics-5ffcdf767c-gf9d5 has no annotation volcano.sh/devices-to-allocate
E0906 15:30:40.743748       1 device_info.go:189] pod volcano-controllers-5b976c6d4b-rkqw6 has no annotation volcano.sh/devices-to-allocate
E0906 15:30:40.743757       1 device_info.go:189] pod kube-proxy-gwssg has no annotation volcano.sh/devices-to-allocate
E0906 15:30:40.743766       1 device_info.go:189] pod prometheus-deployment-7cb9b4545b-h2fz4 has no annotation volcano.sh/devices-to-allocate
E0906 15:30:40.743775       1 device_info.go:189] pod volcano-device-plugin-jj26z has no annotation volcano.sh/devices-to-allocate
E0906 15:30:40.743786       1 device_info.go:189] pod mock2-nvml-mock-mtnbp has no annotation volcano.sh/devices-to-allocate
E0906 15:30:40.743795       1 device_info.go:189] pod volcano-admission-5b979dc8f6-8rdzl has no annotation volcano.sh/devices-to-allocate
E0906 15:30:40.743803       1 device_info.go:189] pod kindnet-5whpw has no annotation volcano.sh/devices-to-allocate
I0906 15:30:40.743903       1 cache.go:1581] "SnapShot for scheduling" jobNum=0 QueueNum=3 NodeNum=3
I0906 15:30:40.743927       1 session.go:1036] Start adjusting jobs' network topology spec according to hyperNodeTierNameMap map[]
I0906 15:30:40.743942       1 session.go:1079] Finish adjusting jobs' network topology spec according to hyperNodeTierNameMap map[]
I0906 15:30:40.743963       1 session.go:279] Open Session d8b2648a-cc47-49ab-a03b-3f7faa89d83e with <0> Job and <3> Queues. HyperNodesReadyToSchedule: true
I0906 15:30:40.744752       1 gpuexclusive.go:437] gpuexclusive: no rules configured, skipping GPU exclusivity wrapping
I0906 15:30:40.744790       1 enqueue.go:79] Try to enqueue PodGroup to 0 Queues
I0906 15:30:40.744805       1 reclaim.go:68] There are <0> Jobs and <3> Queues in total for scheduling.
I0906 15:30:40.744819       1 allocate.go:138] Try to allocate resource to 0 Queues
I0906 15:30:40.744902       1 session.go:577] Close Session d8b2648a-cc47-49ab-a03b-3f7faa89d83e
I0906 15:30:40.989368       1 device_info.go:111] GPU sharing mode:  hami-core
I0906 15:30:40.989404       1 device_info.go:113] "Nvidia Device registered name" name="volcano-lab-worker2" val={"ID":0,"Node":"volcano-lab-worker2","UUID":"GPU-22345678-1234-1234-1234-123456780000","PodMap":{},"Memory":409,"Number":10,"Type":"NVIDIA-NVIDIA A100-SXM4-40GB","Health":true,"UsedNum":0,"UsedMem":0,"UsedCore":0,"MigTemplate":[],"MigUsage":{"Index":-1,"UsageList":null}}
I0906 15:30:40.989424       1 device_info.go:113] "Nvidia Device registered name" name="volcano-lab-worker2" val={"ID":1,"Node":"volcano-lab-worker2","UUID":"GPU-22345678-1234-1234-1234-123456780001","PodMap":{},"Memory":409,"Number":10,"Type":"NVIDIA-NVIDIA A100-SXM4-40GB","Health":true,"UsedNum":0,"UsedMem":0,"UsedCore":0,"MigTemplate":[],"MigUsage":{"Index":-1,"UsageList":null}}
I0906 15:30:40.989434       1 device_info.go:111] GPU sharing mode:  hami-core
I0906 15:30:40.989439       1 device_info.go:113] "Nvidia Device registered name" name="volcano-lab-worker2" val={"ID":0,"Node":"volcano-lab-worker2","UUID":"GPU-22345678-1234-1234-1234-123456780000","PodMap":{},"Memory":409,"Number":10,"Type":"NVIDIA-NVIDIA A100-SXM4-40GB","Health":true,"UsedNum":0,"UsedMem":0,"UsedCore":0,"MigTemplate":[],"MigUsage":{"Index":-1,"UsageList":null}}
I0906 15:30:40.989449       1 device_info.go:113] "Nvidia Device registered name" name="volcano-lab-worker2" val={"ID":1,"Node":"volcano-lab-worker2","UUID":"GPU-22345678-1234-1234-1234-123456780001","PodMap":{},"Memory":409,"Number":10,"Type":"NVIDIA-NVIDIA A100-SXM4-40GB","Health":true,"UsedNum":0,"UsedMem":0,"UsedCore":0,"MigTemplate":[],"MigUsage":{"Index":-1,"UsageList":null}}
E0906 15:30:40.989460       1 device_info.go:189] pod volcano-admission-5b979dc8f6-8rdzl has no annotation volcano.sh/devices-to-allocate
E0906 15:30:40.989466       1 device_info.go:189] pod kindnet-5whpw has no annotation volcano.sh/devices-to-allocate
E0906 15:30:40.989470       1 device_info.go:189] pod kube-state-metrics-5ffcdf767c-gf9d5 has no annotation volcano.sh/devices-to-allocate
E0906 15:30:40.989475       1 device_info.go:189] pod volcano-controllers-5b976c6d4b-rkqw6 has no annotation volcano.sh/devices-to-allocate
E0906 15:30:40.989478       1 device_info.go:189] pod kube-proxy-gwssg has no annotation volcano.sh/devices-to-allocate
E0906 15:30:40.989487       1 device_info.go:189] pod prometheus-deployment-7cb9b4545b-h2fz4 has no annotation volcano.sh/devices-to-allocate
E0906 15:30:40.989491       1 device_info.go:189] pod volcano-device-plugin-jj26z has no annotation volcano.sh/devices-to-allocate
E0906 15:30:40.989495       1 device_info.go:189] pod mock2-nvml-mock-mtnbp has no annotation volcano.sh/devices-to-allocate
I0906 15:30:40.989506       1 device_info.go:111] GPU sharing mode:  hami-core
I0906 15:30:40.989516       1 device_info.go:113] "Nvidia Device registered name" name="volcano-lab-worker2" val={"ID":0,"Node":"volcano-lab-worker2","UUID":"GPU-22345678-1234-1234-1234-123456780000","PodMap":{},"Memory":409,"Number":10,"Type":"NVIDIA-NVIDIA A100-SXM4-40GB","Health":true,"UsedNum":0,"UsedMem":0,"UsedCore":0,"MigTemplate":[],"MigUsage":{"Index":-1,"UsageList":null}}
I0906 15:30:40.989527       1 device_info.go:113] "Nvidia Device registered name" name="volcano-lab-worker2" val={"ID":1,"Node":"volcano-lab-worker2","UUID":"GPU-22345678-1234-1234-1234-123456780001","PodMap":{},"Memory":409,"Number":10,"Type":"NVIDIA-NVIDIA A100-SXM4-40GB","Health":true,"UsedNum":0,"UsedMem":0,"UsedCore":0,"MigTemplate":[],"MigUsage":{"Index":-1,"UsageList":null}}
I0906 15:30:40.998466       1 device_info.go:111] GPU sharing mode:  hami-core
I0906 15:30:40.998502       1 device_info.go:113] "Nvidia Device registered name" name="volcano-lab-worker2" val={"ID":0,"Node":"volcano-lab-worker2","UUID":"GPU-22345678-1234-1234-1234-123456780000","PodMap":{},"Memory":409,"Number":10,"Type":"NVIDIA-NVIDIA A100-SXM4-40GB","Health":true,"UsedNum":0,"UsedMem":0,"UsedCore":0,"MigTemplate":[],"MigUsage":{"Index":-1,"UsageList":null}}
I0906 15:30:40.998535       1 device_info.go:113] "Nvidia Device registered name" name="volcano-lab-worker2" val={"ID":1,"Node":"volcano-lab-worker2","UUID":"GPU-22345678-1234-1234-1234-123456780001","PodMap":{},"Memory":409,"Number":10,"Type":"NVIDIA-NVIDIA A100-SXM4-40GB","Health":true,"UsedNum":0,"UsedMem":0,"UsedCore":0,"MigTemplate":[],"MigUsage":{"Index":-1,"UsageList":null}}
E0906 15:30:41.001581       1 device_info.go:189] pod volcano-controllers-5b976c6d4b-rkqw6 has no annotation volcano.sh/devices-to-allocate
E0906 15:30:41.001590       1 device_info.go:189] pod kube-proxy-gwssg has no annotation volcano.sh/devices-to-allocate
E0906 15:30:41.001593       1 device_info.go:189] pod prometheus-deployment-7cb9b4545b-h2fz4 has no annotation volcano.sh/devices-to-allocate
E0906 15:30:41.001596       1 device_info.go:189] pod volcano-device-plugin-jj26z has no annotation volcano.sh/devices-to-allocate
E0906 15:30:41.001602       1 device_info.go:189] pod mock2-nvml-mock-mtnbp has no annotation volcano.sh/devices-to-allocate
E0906 15:30:41.001606       1 device_info.go:189] pod volcano-admission-5b979dc8f6-8rdzl has no annotation volcano.sh/devices-to-allocate
E0906 15:30:41.001608       1 device_info.go:189] pod kindnet-5whpw has no annotation volcano.sh/devices-to-allocate
E0906 15:30:41.001611       1 device_info.go:189] pod kube-state-metrics-5ffcdf767c-gf9d5 has no annotation volcano.sh/devices-to-allocate
I0906 15:30:41.001618       1 device_info.go:111] GPU sharing mode:  hami-core
I0906 15:30:41.001630       1 device_info.go:113] "Nvidia Device registered name" name="volcano-lab-worker2" val={"ID":0,"Node":"volcano-lab-worker2","UUID":"GPU-22345678-1234-1234-1234-123456780000","PodMap":{},"Memory":409,"Number":10,"Type":"NVIDIA-NVIDIA A100-SXM4-40GB","Health":true,"UsedNum":0,"UsedMem":0,"UsedCore":0,"MigTemplate":[],"MigUsage":{"Index":-1,"UsageList":null}}
I0906 15:30:41.001642       1 device_info.go:113] "Nvidia Device registered name" name="volcano-lab-worker2" val={"ID":1,"Node":"volcano-lab-worker2","UUID":"GPU-22345678-1234-1234-1234-123456780001","PodMap":{},"Memory":409,"Number":10,"Type":"NVIDIA-NVIDIA A100-SXM4-40GB","Health":true,"UsedNum":0,"UsedMem":0,"UsedCore":0,"MigTemplate":[],"MigUsage":{"Index":-1,"UsageList":null}}
I0906 15:30:41.009523       1 device_info.go:111] GPU sharing mode:  hami-core
I0906 15:30:41.009563       1 device_info.go:113] "Nvidia Device registered name" name="volcano-lab-worker2" val={"ID":1,"Node":"volcano-lab-worker2","UUID":"GPU-22345678-1234-1234-1234-123456780001","PodMap":{},"Memory":409,"Number":10,"Type":"NVIDIA-NVIDIA A100-SXM4-40GB","Health":true,"UsedNum":0,"UsedMem":0,"UsedCore":0,"MigTemplate":[],"MigUsage":{"Index":-1,"UsageList":null}}
I0906 15:30:41.009591       1 device_info.go:113] "Nvidia Device registered name" name="volcano-lab-worker2" val={"ID":0,"Node":"volcano-lab-worker2","UUID":"GPU-22345678-1234-1234-1234-123456780000","PodMap":{},"Memory":409,"Number":10,"Type":"NVIDIA-NVIDIA A100-SXM4-40GB","Health":true,"UsedNum":0,"UsedMem":0,"UsedCore":0,"MigTemplate":[],"MigUsage":{"Index":-1,"UsageList":null}}
E0906 15:30:41.012368       1 device_info.go:189] pod kube-state-metrics-5ffcdf767c-gf9d5 has no annotation volcano.sh/devices-to-allocate
E0906 15:30:41.012376       1 device_info.go:189] pod volcano-controllers-5b976c6d4b-rkqw6 has no annotation volcano.sh/devices-to-allocate
E0906 15:30:41.012380       1 device_info.go:189] pod kube-proxy-gwssg has no annotation volcano.sh/devices-to-allocate
E0906 15:30:41.012383       1 device_info.go:189] pod prometheus-deployment-7cb9b4545b-h2fz4 has no annotation volcano.sh/devices-to-allocate
E0906 15:30:41.012386       1 device_info.go:189] pod volcano-device-plugin-jj26z has no annotation volcano.sh/devices-to-allocate
E0906 15:30:41.012389       1 device_info.go:189] pod mock2-nvml-mock-mtnbp has no annotation volcano.sh/devices-to-allocate
E0906 15:30:41.012392       1 device_info.go:189] pod volcano-admission-5b979dc8f6-8rdzl has no annotation volcano.sh/devices-to-allocate
E0906 15:30:41.012394       1 device_info.go:189] pod kindnet-5whpw has no annotation volcano.sh/devices-to-allocate
I0906 15:30:41.012450       1 device_info.go:111] GPU sharing mode:  hami-core
I0906 15:30:41.012460       1 device_info.go:113] "Nvidia Device registered name" name="volcano-lab-worker2" val={"ID":0,"Node":"volcano-lab-worker2","UUID":"GPU-22345678-1234-1234-1234-123456780000","PodMap":{},"Memory":409,"Number":10,"Type":"NVIDIA-NVIDIA A100-SXM4-40GB","Health":true,"UsedNum":0,"UsedMem":0,"UsedCore":0,"MigTemplate":[],"MigUsage":{"Index":-1,"UsageList":null}}
I0906 15:30:41.012469       1 device_info.go:113] "Nvidia Device registered name" name="volcano-lab-worker2" val={"ID":1,"Node":"volcano-lab-worker2","UUID":"GPU-22345678-1234-1234-1234-123456780001","PodMap":{},"Memory":409,"Number":10,"Type":"NVIDIA-NVIDIA A100-SXM4-40GB","Health":true,"UsedNum":0,"UsedMem":0,"UsedCore":0,"MigTemplate":[],"MigUsage":{"Index":-1,"UsageList":null}}
I0906 15:30:41.015004       1 device_info.go:111] GPU sharing mode:  hami-core
I0906 15:30:41.015027       1 device_info.go:113] "Nvidia Device registered name" name="volcano-lab-worker2" val={"ID":0,"Node":"volcano-lab-worker2","UUID":"GPU-22345678-1234-1234-1234-123456780000","PodMap":{},"Memory":409,"Number":10,"Type":"NVIDIA-NVIDIA A100-SXM4-40GB","Health":true,"UsedNum":0,"UsedMem":0,"UsedCore":0,"MigTemplate":[],"MigUsage":{"Index":-1,"UsageList":null}}
I0906 15:30:41.015042       1 device_info.go:113] "Nvidia Device registered name" name="volcano-lab-worker2" val={"ID":1,"Node":"volcano-lab-worker2","UUID":"GPU-22345678-1234-1234-1234-123456780001","PodMap":{},"Memory":409,"Number":10,"Type":"NVIDIA-NVIDIA A100-SXM4-40GB","Health":true,"UsedNum":0,"UsedMem":0,"UsedCore":0,"MigTemplate":[],"MigUsage":{"Index":-1,"UsageList":null}}
E0906 15:30:41.017952       1 device_info.go:189] pod kube-state-metrics-5ffcdf767c-gf9d5 has no annotation volcano.sh/devices-to-allocate
E0906 15:30:41.017967       1 device_info.go:189] pod volcano-controllers-5b976c6d4b-rkqw6 has no annotation volcano.sh/devices-to-allocate
E0906 15:30:41.017975       1 device_info.go:189] pod kube-proxy-gwssg has no annotation volcano.sh/devices-to-allocate
E0906 15:30:41.017985       1 device_info.go:189] pod prometheus-deployment-7cb9b4545b-h2fz4 has no annotation volcano.sh/devices-to-allocate
E0906 15:30:41.017993       1 device_info.go:189] pod volcano-device-plugin-jj26z has no annotation volcano.sh/devices-to-allocate
E0906 15:30:41.018000       1 device_info.go:189] pod mock2-nvml-mock-mtnbp has no annotation volcano.sh/devices-to-allocate
E0906 15:30:41.018007       1 device_info.go:189] pod volcano-admission-5b979dc8f6-8rdzl has no annotation volcano.sh/devices-to-allocate
E0906 15:30:41.018015       1 device_info.go:189] pod kindnet-5whpw has no annotation volcano.sh/devices-to-allocate
I0906 15:30:41.018039       1 device_info.go:111] GPU sharing mode:  hami-core
I0906 15:30:41.018080       1 device_info.go:113] "Nvidia Device registered name" name="volcano-lab-worker2" val={"ID":0,"Node":"volcano-lab-worker2","UUID":"GPU-22345678-1234-1234-1234-123456780000","PodMap":{},"Memory":409,"Number":10,"Type":"NVIDIA-NVIDIA A100-SXM4-40GB","Health":true,"UsedNum":0,"UsedMem":0,"UsedCore":0,"MigTemplate":[],"MigUsage":{"Index":-1,"UsageList":null}}
I0906 15:30:41.018098       1 device_info.go:113] "Nvidia Device registered name" name="volcano-lab-worker2" val={"ID":1,"Node":"volcano-lab-worker2","UUID":"GPU-22345678-1234-1234-1234-123456780001","PodMap":{},"Memory":409,"Number":10,"Type":"NVIDIA-NVIDIA A100-SXM4-40GB","Health":true,"UsedNum":0,"UsedMem":0,"UsedCore":0,"MigTemplate":[],"MigUsage":{"Index":-1,"UsageList":null}}
I0906 15:30:41.018114       1 device_info.go:111] GPU sharing mode:  hami-core
I0906 15:30:41.018125       1 device_info.go:113] "Nvidia Device registered name" name="volcano-lab-worker2" val={"ID":1,"Node":"volcano-lab-worker2","UUID":"GPU-22345678-1234-1234-1234-123456780001","PodMap":{},"Memory":409,"Number":10,"Type":"NVIDIA-NVIDIA A100-SXM4-40GB","Health":true,"UsedNum":0,"UsedMem":0,"UsedCore":0,"MigTemplate":[],"MigUsage":{"Index":-1,"UsageList":null}}
I0906 15:30:41.018136       1 device_info.go:113] "Nvidia Device registered name" name="volcano-lab-worker2" val={"ID":0,"Node":"volcano-lab-worker2","UUID":"GPU-22345678-1234-1234-1234-123456780000","PodMap":{},"Memory":409,"Number":10,"Type":"NVIDIA-NVIDIA A100-SXM4-40GB","Health":true,"UsedNum":0,"UsedMem":0,"UsedCore":0,"MigTemplate":[],"MigUsage":{"Index":-1,"UsageList":null}}
E0906 15:30:41.018177       1 device_info.go:189] pod volcano-controllers-5b976c6d4b-rkqw6 has no annotation volcano.sh/devices-to-allocate
E0906 15:30:41.018184       1 device_info.go:189] pod kube-proxy-gwssg has no annotation volcano.sh/devices-to-allocate
E0906 15:30:41.018189       1 device_info.go:189] pod prometheus-deployment-7cb9b4545b-h2fz4 has no annotation volcano.sh/devices-to-allocate
E0906 15:30:41.018194       1 device_info.go:189] pod volcano-device-plugin-jj26z has no annotation volcano.sh/devices-to-allocate
E0906 15:30:41.018199       1 device_info.go:189] pod mock2-nvml-mock-mtnbp has no annotation volcano.sh/devices-to-allocate
E0906 15:30:41.018203       1 device_info.go:189] pod volcano-admission-5b979dc8f6-8rdzl has no annotation volcano.sh/devices-to-allocate
E0906 15:30:41.018208       1 device_info.go:189] pod kindnet-5whpw has no annotation volcano.sh/devices-to-allocate
E0906 15:30:41.018215       1 device_info.go:189] pod kube-state-metrics-5ffcdf767c-gf9d5 has no annotation volcano.sh/devices-to-allocate
I0906 15:30:41.018223       1 device_info.go:111] GPU sharing mode:  hami-core
I0906 15:30:41.018233       1 device_info.go:113] "Nvidia Device registered name" name="volcano-lab-worker2" val={"ID":0,"Node":"volcano-lab-worker2","UUID":"GPU-22345678-1234-1234-1234-123456780000","PodMap":{},"Memory":409,"Number":10,"Type":"NVIDIA-NVIDIA A100-SXM4-40GB","Health":true,"UsedNum":0,"UsedMem":0,"UsedCore":0,"MigTemplate":[],"MigUsage":{"Index":-1,"UsageList":null}}
I0906 15:30:41.018247       1 device_info.go:113] "Nvidia Device registered name" name="volcano-lab-worker2" val={"ID":1,"Node":"volcano-lab-worker2","UUID":"GPU-22345678-1234-1234-1234-123456780001","PodMap":{},"Memory":409,"Number":10,"Type":"NVIDIA-NVIDIA A100-SXM4-40GB","Health":true,"UsedNum":0,"UsedMem":0,"UsedCore":0,"MigTemplate":[],"MigUsage":{"Index":-1,"UsageList":null}}
I0906 15:30:41.018258       1 device_info.go:111] GPU sharing mode:  hami-core
I0906 15:30:41.018267       1 device_info.go:113] "Nvidia Device registered name" name="volcano-lab-worker2" val={"ID":0,"Node":"volcano-lab-worker2","UUID":"GPU-22345678-1234-1234-1234-123456780000","PodMap":{},"Memory":409,"Number":10,"Type":"NVIDIA-NVIDIA A100-SXM4-40GB","Health":true,"UsedNum":0,"UsedMem":0,"UsedCore":0,"MigTemplate":[],"MigUsage":{"Index":-1,"UsageList":null}}
I0906 15:30:41.018278       1 device_info.go:113] "Nvidia Device registered name" name="volcano-lab-worker2" val={"ID":1,"Node":"volcano-lab-worker2","UUID":"GPU-22345678-1234-1234-1234-123456780001","PodMap":{},"Memory":409,"Number":10,"Type":"NVIDIA-NVIDIA A100-SXM4-40GB","Health":true,"UsedNum":0,"UsedMem":0,"UsedCore":0,"MigTemplate":[],"MigUsage":{"Index":-1,"UsageList":null}}
E0906 15:30:41.018318       1 device_info.go:189] pod kube-state-metrics-5ffcdf767c-gf9d5 has no annotation volcano.sh/devices-to-allocate
E0906 15:30:41.018324       1 device_info.go:189] pod volcano-controllers-5b976c6d4b-rkqw6 has no annotation volcano.sh/devices-to-allocate
E0906 15:30:41.018330       1 device_info.go:189] pod kube-proxy-gwssg has no annotation volcano.sh/devices-to-allocate
E0906 15:30:41.018334       1 device_info.go:189] pod prometheus-deployment-7cb9b4545b-h2fz4 has no annotation volcano.sh/devices-to-allocate
E0906 15:30:41.018336       1 device_info.go:189] pod volcano-device-plugin-jj26z has no annotation volcano.sh/devices-to-allocate
E0906 15:30:41.018338       1 device_info.go:189] pod mock2-nvml-mock-mtnbp has no annotation volcano.sh/devices-to-allocate
E0906 15:30:41.018340       1 device_info.go:189] pod volcano-admission-5b979dc8f6-8rdzl has no annotation volcano.sh/devices-to-allocate
E0906 15:30:41.018343       1 device_info.go:189] pod kindnet-5whpw has no annotation volcano.sh/devices-to-allocate
I0906 15:30:41.746006       1 device_info.go:111] GPU sharing mode:  hami-core
I0906 15:30:41.746096       1 device_info.go:113] "Nvidia Device registered name" name="volcano-lab-worker" val={"ID":0,"Node":"volcano-lab-worker","UUID":"GPU-12345678-1234-1234-1234-123456780000","PodMap":{},"Memory":409,"Number":10,"Type":"NVIDIA-NVIDIA A100-SXM4-40GB","Health":true,"UsedNum":0,"UsedMem":0,"UsedCore":0,"MigTemplate":[],"MigUsage":{"Index":-1,"UsageList":null}}
I0906 15:30:41.746120       1 device_info.go:113] "Nvidia Device registered name" name="volcano-lab-worker" val={"ID":1,"Node":"volcano-lab-worker","UUID":"GPU-12345678-1234-1234-1234-123456780001","PodMap":{},"Memory":409,"Number":10,"Type":"NVIDIA-NVIDIA A100-SXM4-40GB","Health":true,"UsedNum":0,"UsedMem":0,"UsedCore":0,"MigTemplate":[],"MigUsage":{"Index":-1,"UsageList":null}}
I0906 15:30:41.746131       1 device_info.go:111] GPU sharing mode:  hami-core
I0906 15:30:41.746137       1 device_info.go:113] "Nvidia Device registered name" name="volcano-lab-worker" val={"ID":0,"Node":"volcano-lab-worker","UUID":"GPU-12345678-1234-1234-1234-123456780000","PodMap":{},"Memory":409,"Number":10,"Type":"NVIDIA-NVIDIA A100-SXM4-40GB","Health":true,"UsedNum":0,"UsedMem":0,"UsedCore":0,"MigTemplate":[],"MigUsage":{"Index":-1,"UsageList":null}}
I0906 15:30:41.746145       1 device_info.go:113] "Nvidia Device registered name" name="volcano-lab-worker" val={"ID":1,"Node":"volcano-lab-worker","UUID":"GPU-12345678-1234-1234-1234-123456780001","PodMap":{},"Memory":409,"Number":10,"Type":"NVIDIA-NVIDIA A100-SXM4-40GB","Health":true,"UsedNum":0,"UsedMem":0,"UsedCore":0,"MigTemplate":[],"MigUsage":{"Index":-1,"UsageList":null}}
E0906 15:30:41.746155       1 device_info.go:189] pod volcano-scheduler-65f6496dc8-58jzd has no annotation volcano.sh/devices-to-allocate
E0906 15:30:41.746161       1 device_info.go:189] pod kindnet-k2m7h has no annotation volcano.sh/devices-to-allocate
E0906 15:30:41.746166       1 device_info.go:189] pod kube-proxy-btcmr has no annotation volcano.sh/devices-to-allocate
E0906 15:30:41.746170       1 device_info.go:189] pod mock1-nvml-mock-9rgh9 has no annotation volcano.sh/devices-to-allocate
E0906 15:30:41.746173       1 device_info.go:189] pod grafana-7c5659d458-xrbnn has no annotation volcano.sh/devices-to-allocate
E0906 15:30:41.746178       1 device_info.go:189] pod volcano-device-plugin-2sg22 has no annotation volcano.sh/devices-to-allocate
I0906 15:30:41.746207       1 device_info.go:111] GPU sharing mode:  hami-core
I0906 15:30:41.746214       1 device_info.go:113] "Nvidia Device registered name" name="volcano-lab-worker2" val={"ID":0,"Node":"volcano-lab-worker2","UUID":"GPU-22345678-1234-1234-1234-123456780000","PodMap":{},"Memory":409,"Number":10,"Type":"NVIDIA-NVIDIA A100-SXM4-40GB","Health":true,"UsedNum":0,"UsedMem":0,"UsedCore":0,"MigTemplate":[],"MigUsage":{"Index":-1,"UsageList":null}}
I0906 15:30:41.746240       1 device_info.go:113] "Nvidia Device registered name" name="volcano-lab-worker2" val={"ID":1,"Node":"volcano-lab-worker2","UUID":"GPU-22345678-1234-1234-1234-123456780001","PodMap":{},"Memory":409,"Number":10,"Type":"NVIDIA-NVIDIA A100-SXM4-40GB","Health":true,"UsedNum":0,"UsedMem":0,"UsedCore":0,"MigTemplate":[],"MigUsage":{"Index":-1,"UsageList":null}}
I0906 15:30:41.746248       1 device_info.go:111] GPU sharing mode:  hami-core
I0906 15:30:41.746253       1 device_info.go:113] "Nvidia Device registered name" name="volcano-lab-worker2" val={"ID":0,"Node":"volcano-lab-worker2","UUID":"GPU-22345678-1234-1234-1234-123456780000","PodMap":{},"Memory":409,"Number":10,"Type":"NVIDIA-NVIDIA A100-SXM4-40GB","Health":true,"UsedNum":0,"UsedMem":0,"UsedCore":0,"MigTemplate":[],"MigUsage":{"Index":-1,"UsageList":null}}
I0906 15:30:41.746259       1 device_info.go:113] "Nvidia Device registered name" name="volcano-lab-worker2" val={"ID":1,"Node":"volcano-lab-worker2","UUID":"GPU-22345678-1234-1234-1234-123456780001","PodMap":{},"Memory":409,"Number":10,"Type":"NVIDIA-NVIDIA A100-SXM4-40GB","Health":true,"UsedNum":0,"UsedMem":0,"UsedCore":0,"MigTemplate":[],"MigUsage":{"Index":-1,"UsageList":null}}
E0906 15:30:41.746266       1 device_info.go:189] pod volcano-admission-5b979dc8f6-8rdzl has no annotation volcano.sh/devices-to-allocate
E0906 15:30:41.746270       1 device_info.go:189] pod kindnet-5whpw has no annotation volcano.sh/devices-to-allocate
E0906 15:30:41.746274       1 device_info.go:189] pod kube-state-metrics-5ffcdf767c-gf9d5 has no annotation volcano.sh/devices-to-allocate
E0906 15:30:41.746278       1 device_info.go:189] pod volcano-controllers-5b976c6d4b-rkqw6 has no annotation volcano.sh/devices-to-allocate
E0906 15:30:41.746281       1 device_info.go:189] pod kube-proxy-gwssg has no annotation volcano.sh/devices-to-allocate
E0906 15:30:41.746285       1 device_info.go:189] pod prometheus-deployment-7cb9b4545b-h2fz4 has no annotation volcano.sh/devices-to-allocate
E0906 15:30:41.746290       1 device_info.go:189] pod volcano-device-plugin-jj26z has no annotation volcano.sh/devices-to-allocate
E0906 15:30:41.746293       1 device_info.go:189] pod mock2-nvml-mock-mtnbp has no annotation volcano.sh/devices-to-allocate
I0906 15:30:41.746331       1 cache.go:1581] "SnapShot for scheduling" jobNum=0 QueueNum=3 NodeNum=3
I0906 15:30:41.746341       1 session.go:1036] Start adjusting jobs' network topology spec according to hyperNodeTierNameMap map[]
I0906 15:30:41.746347       1 session.go:1079] Finish adjusting jobs' network topology spec according to hyperNodeTierNameMap map[]
I0906 15:30:41.746354       1 session.go:279] Open Session 812a1465-355a-4126-a7de-b617392598c2 with <0> Job and <3> Queues. HyperNodesReadyToSchedule: true
I0906 15:30:41.746574       1 gpuexclusive.go:437] gpuexclusive: no rules configured, skipping GPU exclusivity wrapping
I0906 15:30:41.746585       1 enqueue.go:79] Try to enqueue PodGroup to 0 Queues
I0906 15:30:41.746592       1 reclaim.go:68] There are <0> Jobs and <3> Queues in total for scheduling.
I0906 15:30:41.746597       1 allocate.go:138] Try to allocate resource to 0 Queues
I0906 15:30:41.746628       1 session.go:577] Close Session 812a1465-355a-4126-a7de-b617392598c2
I0906 15:30:42.747090       1 device_info.go:111] GPU sharing mode:  hami-core
I0906 15:30:42.747136       1 device_info.go:113] "Nvidia Device registered name" name="volcano-lab-worker" val={"ID":0,"Node":"volcano-lab-worker","UUID":"GPU-12345678-1234-1234-1234-123456780000","PodMap":{},"Memory":409,"Number":10,"Type":"NVIDIA-NVIDIA A100-SXM4-40GB","Health":true,"UsedNum":0,"UsedMem":0,"UsedCore":0,"MigTemplate":[],"MigUsage":{"Index":-1,"UsageList":null}}
I0906 15:30:42.747223       1 device_info.go:113] "Nvidia Device registered name" name="volcano-lab-worker" val={"ID":1,"Node":"volcano-lab-worker","UUID":"GPU-12345678-1234-1234-1234-123456780001","PodMap":{},"Memory":409,"Number":10,"Type":"NVIDIA-NVIDIA A100-SXM4-40GB","Health":true,"UsedNum":0,"UsedMem":0,"UsedCore":0,"MigTemplate":[],"MigUsage":{"Index":-1,"UsageList":null}}
I0906 15:30:42.747250       1 device_info.go:111] GPU sharing mode:  hami-core
I0906 15:30:42.747264       1 device_info.go:113] "Nvidia Device registered name" name="volcano-lab-worker" val={"ID":1,"Node":"volcano-lab-worker","UUID":"GPU-12345678-1234-1234-1234-123456780001","PodMap":{},"Memory":409,"Number":10,"Type":"NVIDIA-NVIDIA A100-SXM4-40GB","Health":true,"UsedNum":0,"UsedMem":0,"UsedCore":0,"MigTemplate":[],"MigUsage":{"Index":-1,"UsageList":null}}
I0906 15:30:42.747278       1 device_info.go:113] "Nvidia Device registered name" name="volcano-lab-worker" val={"ID":0,"Node":"volcano-lab-worker","UUID":"GPU-12345678-1234-1234-1234-123456780000","PodMap":{},"Memory":409,"Number":10,"Type":"NVIDIA-NVIDIA A100-SXM4-40GB","Health":true,"UsedNum":0,"UsedMem":0,"UsedCore":0,"MigTemplate":[],"MigUsage":{"Index":-1,"UsageList":null}}
E0906 15:30:42.747361       1 device_info.go:189] pod grafana-7c5659d458-xrbnn has no annotation volcano.sh/devices-to-allocate
E0906 15:30:42.747407       1 device_info.go:189] pod volcano-device-plugin-2sg22 has no annotation volcano.sh/devices-to-allocate
E0906 15:30:42.747423       1 device_info.go:189] pod volcano-scheduler-65f6496dc8-58jzd has no annotation volcano.sh/devices-to-allocate
E0906 15:30:42.747438       1 device_info.go:189] pod kindnet-k2m7h has no annotation volcano.sh/devices-to-allocate
E0906 15:30:42.747448       1 device_info.go:189] pod kube-proxy-btcmr has no annotation volcano.sh/devices-to-allocate
E0906 15:30:42.747459       1 device_info.go:189] pod mock1-nvml-mock-9rgh9 has no annotation volcano.sh/devices-to-allocate
I0906 15:30:42.747542       1 device_info.go:111] GPU sharing mode:  hami-core
I0906 15:30:42.747570       1 device_info.go:113] "Nvidia Device registered name" name="volcano-lab-worker2" val={"ID":0,"Node":"volcano-lab-worker2","UUID":"GPU-22345678-1234-1234-1234-123456780000","PodMap":{},"Memory":409,"Number":10,"Type":"NVIDIA-NVIDIA A100-SXM4-40GB","Health":true,"UsedNum":0,"UsedMem":0,"UsedCore":0,"MigTemplate":[],"MigUsage":{"Index":-1,"UsageList":null}}
I0906 15:30:42.747606       1 device_info.go:113] "Nvidia Device registered name" name="volcano-lab-worker2" val={"ID":1,"Node":"volcano-lab-worker2","UUID":"GPU-22345678-1234-1234-1234-123456780001","PodMap":{},"Memory":409,"Number":10,"Type":"NVIDIA-NVIDIA A100-SXM4-40GB","Health":true,"UsedNum":0,"UsedMem":0,"UsedCore":0,"MigTemplate":[],"MigUsage":{"Index":-1,"UsageList":null}}
I0906 15:30:42.747633       1 device_info.go:111] GPU sharing mode:  hami-core
I0906 15:30:42.747660       1 device_info.go:113] "Nvidia Device registered name" name="volcano-lab-worker2" val={"ID":0,"Node":"volcano-lab-worker2","UUID":"GPU-22345678-1234-1234-1234-123456780000","PodMap":{},"Memory":409,"Number":10,"Type":"NVIDIA-NVIDIA A100-SXM4-40GB","Health":true,"UsedNum":0,"UsedMem":0,"UsedCore":0,"MigTemplate":[],"MigUsage":{"Index":-1,"UsageList":null}}
I0906 15:30:42.747696       1 device_info.go:113] "Nvidia Device registered name" name="volcano-lab-worker2" val={"ID":1,"Node":"volcano-lab-worker2","UUID":"GPU-22345678-1234-1234-1234-123456780001","PodMap":{},"Memory":409,"Number":10,"Type":"NVIDIA-NVIDIA A100-SXM4-40GB","Health":true,"UsedNum":0,"UsedMem":0,"UsedCore":0,"MigTemplate":[],"MigUsage":{"Index":-1,"UsageList":null}}
E0906 15:30:42.747719       1 device_info.go:189] pod kube-state-metrics-5ffcdf767c-gf9d5 has no annotation volcano.sh/devices-to-allocate
E0906 15:30:42.747737       1 device_info.go:189] pod volcano-controllers-5b976c6d4b-rkqw6 has no annotation volcano.sh/devices-to-allocate
E0906 15:30:42.747748       1 device_info.go:189] pod kube-proxy-gwssg has no annotation volcano.sh/devices-to-allocate
E0906 15:30:42.747757       1 device_info.go:189] pod prometheus-deployment-7cb9b4545b-h2fz4 has no annotation volcano.sh/devices-to-allocate
E0906 15:30:42.747768       1 device_info.go:189] pod volcano-device-plugin-jj26z has no annotation volcano.sh/devices-to-allocate
E0906 15:30:42.747778       1 device_info.go:189] pod mock2-nvml-mock-mtnbp has no annotation volcano.sh/devices-to-allocate
E0906 15:30:42.747803       1 device_info.go:189] pod volcano-admission-5b979dc8f6-8rdzl has no annotation volcano.sh/devices-to-allocate
E0906 15:30:42.747814       1 device_info.go:189] pod kindnet-5whpw has no annotation volcano.sh/devices-to-allocate
I0906 15:30:42.748016       1 cache.go:1581] "SnapShot for scheduling" jobNum=1 QueueNum=3 NodeNum=3
I0906 15:30:42.748029       1 session.go:1036] Start adjusting jobs' network topology spec according to hyperNodeTierNameMap map[]
I0906 15:30:42.748036       1 session.go:1079] Finish adjusting jobs' network topology spec according to hyperNodeTierNameMap map[]
I0906 15:30:42.748043       1 session.go:279] Open Session 637af9c6-1a60-4792-b411-81c17bb0afb4 with <1> Job and <3> Queues. HyperNodesReadyToSchedule: true
I0906 15:30:42.748316       1 gpuexclusive.go:437] gpuexclusive: no rules configured, skipping GPU exclusivity wrapping
I0906 15:30:42.748330       1 enqueue.go:79] Try to enqueue PodGroup to 1 Queues
I0906 15:30:42.748347       1 reclaim.go:68] There are <1> Jobs and <3> Queues in total for scheduling.
I0906 15:30:42.748356       1 allocate.go:138] Try to allocate resource to 0 Queues
I0906 15:30:42.760363       1 session.go:577] Close Session 637af9c6-1a60-4792-b411-81c17bb0afb4
I0906 15:30:42.771358       1 event_handlers.go:421] Added pod <volcano-tests/after-heartbeat-2-worker-1> into cache.
I0906 15:30:42.771408       1 event_handlers.go:421] Added pod <volcano-tests/after-heartbeat-2-worker-0> into cache.
I0906 15:30:43.761290       1 device_info.go:111] GPU sharing mode:  hami-core
I0906 15:30:43.761351       1 device_info.go:113] "Nvidia Device registered name" name="volcano-lab-worker" val={"ID":0,"Node":"volcano-lab-worker","UUID":"GPU-12345678-1234-1234-1234-123456780000","PodMap":{},"Memory":409,"Number":10,"Type":"NVIDIA-NVIDIA A100-SXM4-40GB","Health":true,"UsedNum":0,"UsedMem":0,"UsedCore":0,"MigTemplate":[],"MigUsage":{"Index":-1,"UsageList":null}}
I0906 15:30:43.761414       1 device_info.go:113] "Nvidia Device registered name" name="volcano-lab-worker" val={"ID":1,"Node":"volcano-lab-worker","UUID":"GPU-12345678-1234-1234-1234-123456780001","PodMap":{},"Memory":409,"Number":10,"Type":"NVIDIA-NVIDIA A100-SXM4-40GB","Health":true,"UsedNum":0,"UsedMem":0,"UsedCore":0,"MigTemplate":[],"MigUsage":{"Index":-1,"UsageList":null}}
I0906 15:30:43.761448       1 device_info.go:111] GPU sharing mode:  hami-core
I0906 15:30:43.761475       1 device_info.go:113] "Nvidia Device registered name" name="volcano-lab-worker" val={"ID":0,"Node":"volcano-lab-worker","UUID":"GPU-12345678-1234-1234-1234-123456780000","PodMap":{},"Memory":409,"Number":10,"Type":"NVIDIA-NVIDIA A100-SXM4-40GB","Health":true,"UsedNum":0,"UsedMem":0,"UsedCore":0,"MigTemplate":[],"MigUsage":{"Index":-1,"UsageList":null}}
I0906 15:30:43.761502       1 device_info.go:113] "Nvidia Device registered name" name="volcano-lab-worker" val={"ID":1,"Node":"volcano-lab-worker","UUID":"GPU-12345678-1234-1234-1234-123456780001","PodMap":{},"Memory":409,"Number":10,"Type":"NVIDIA-NVIDIA A100-SXM4-40GB","Health":true,"UsedNum":0,"UsedMem":0,"UsedCore":0,"MigTemplate":[],"MigUsage":{"Index":-1,"UsageList":null}}
E0906 15:30:43.761526       1 device_info.go:189] pod volcano-device-plugin-2sg22 has no annotation volcano.sh/devices-to-allocate
E0906 15:30:43.761543       1 device_info.go:189] pod volcano-scheduler-65f6496dc8-58jzd has no annotation volcano.sh/devices-to-allocate
E0906 15:30:43.761554       1 device_info.go:189] pod kindnet-k2m7h has no annotation volcano.sh/devices-to-allocate
E0906 15:30:43.761564       1 device_info.go:189] pod kube-proxy-btcmr has no annotation volcano.sh/devices-to-allocate
E0906 15:30:43.761573       1 device_info.go:189] pod mock1-nvml-mock-9rgh9 has no annotation volcano.sh/devices-to-allocate
E0906 15:30:43.761584       1 device_info.go:189] pod grafana-7c5659d458-xrbnn has no annotation volcano.sh/devices-to-allocate
I0906 15:30:43.761652       1 device_info.go:111] GPU sharing mode:  hami-core
I0906 15:30:43.761668       1 device_info.go:113] "Nvidia Device registered name" name="volcano-lab-worker2" val={"ID":0,"Node":"volcano-lab-worker2","UUID":"GPU-22345678-1234-1234-1234-123456780000","PodMap":{},"Memory":409,"Number":10,"Type":"NVIDIA-NVIDIA A100-SXM4-40GB","Health":true,"UsedNum":0,"UsedMem":0,"UsedCore":0,"MigTemplate":[],"MigUsage":{"Index":-1,"UsageList":null}}
I0906 15:30:43.761701       1 device_info.go:113] "Nvidia Device registered name" name="volcano-lab-worker2" val={"ID":1,"Node":"volcano-lab-worker2","UUID":"GPU-22345678-1234-1234-1234-123456780001","PodMap":{},"Memory":409,"Number":10,"Type":"NVIDIA-NVIDIA A100-SXM4-40GB","Health":true,"UsedNum":0,"UsedMem":0,"UsedCore":0,"MigTemplate":[],"MigUsage":{"Index":-1,"UsageList":null}}
I0906 15:30:43.761718       1 device_info.go:111] GPU sharing mode:  hami-core
I0906 15:30:43.761731       1 device_info.go:113] "Nvidia Device registered name" name="volcano-lab-worker2" val={"ID":0,"Node":"volcano-lab-worker2","UUID":"GPU-22345678-1234-1234-1234-123456780000","PodMap":{},"Memory":409,"Number":10,"Type":"NVIDIA-NVIDIA A100-SXM4-40GB","Health":true,"UsedNum":0,"UsedMem":0,"UsedCore":0,"MigTemplate":[],"MigUsage":{"Index":-1,"UsageList":null}}
I0906 15:30:43.761752       1 device_info.go:113] "Nvidia Device registered name" name="volcano-lab-worker2" val={"ID":1,"Node":"volcano-lab-worker2","UUID":"GPU-22345678-1234-1234-1234-123456780001","PodMap":{},"Memory":409,"Number":10,"Type":"NVIDIA-NVIDIA A100-SXM4-40GB","Health":true,"UsedNum":0,"UsedMem":0,"UsedCore":0,"MigTemplate":[],"MigUsage":{"Index":-1,"UsageList":null}}
E0906 15:30:43.761769       1 device_info.go:189] pod volcano-admission-5b979dc8f6-8rdzl has no annotation volcano.sh/devices-to-allocate
E0906 15:30:43.761787       1 device_info.go:189] pod kindnet-5whpw has no annotation volcano.sh/devices-to-allocate
E0906 15:30:43.761797       1 device_info.go:189] pod kube-state-metrics-5ffcdf767c-gf9d5 has no annotation volcano.sh/devices-to-allocate
E0906 15:30:43.761806       1 device_info.go:189] pod volcano-controllers-5b976c6d4b-rkqw6 has no annotation volcano.sh/devices-to-allocate
E0906 15:30:43.761815       1 device_info.go:189] pod kube-proxy-gwssg has no annotation volcano.sh/devices-to-allocate
E0906 15:30:43.761824       1 device_info.go:189] pod prometheus-deployment-7cb9b4545b-h2fz4 has no annotation volcano.sh/devices-to-allocate
E0906 15:30:43.761833       1 device_info.go:189] pod volcano-device-plugin-jj26z has no annotation volcano.sh/devices-to-allocate
E0906 15:30:43.761843       1 device_info.go:189] pod mock2-nvml-mock-mtnbp has no annotation volcano.sh/devices-to-allocate
I0906 15:30:43.761992       1 cache.go:1581] "SnapShot for scheduling" jobNum=1 QueueNum=3 NodeNum=3
I0906 15:30:43.762005       1 session.go:1036] Start adjusting jobs' network topology spec according to hyperNodeTierNameMap map[]
I0906 15:30:43.762012       1 session.go:1079] Finish adjusting jobs' network topology spec according to hyperNodeTierNameMap map[]
I0906 15:30:43.762020       1 session.go:279] Open Session 000fb6e6-a3c4-4bb1-bed7-474c131a667d with <1> Job and <3> Queues. HyperNodesReadyToSchedule: true
I0906 15:30:43.762494       1 gpuexclusive.go:437] gpuexclusive: no rules configured, skipping GPU exclusivity wrapping
I0906 15:30:43.762524       1 enqueue.go:79] Try to enqueue PodGroup to 0 Queues
I0906 15:30:43.762537       1 reclaim.go:68] There are <1> Jobs and <3> Queues in total for scheduling.
I0906 15:30:43.762562       1 reclaim.go:140] Considering reclaim for 2 tasks of job <volcano-tests/after-heartbeat-2-9700cafb-bd18-4783-a870-b698a7acaee4>.
I0906 15:30:43.762625       1 predicate_helper.go:115] Predicates failed: task volcano-tests/after-heartbeat-2-worker-0 on node volcano-lab-control-plane fit failed: node(s) had untolerated taint(s)
I0906 15:30:43.762646       1 util.go:238] counts= [{1 NVIDIA 30 101 20}]
I0906 15:30:43.762703       1 utils.go:399] "Allocating device for container" request={"Nums":1,"Type":"NVIDIA","Memreq":30,"MemPercentagereq":101,"Coresreq":20}
I0906 15:30:43.762715       1 utils.go:402] "Scoring pod request" memReq=30 memPercentageReq=101 coresReq=20 Nums=1 Index=0 ID=0
I0906 15:30:43.762646       1 util.go:238] counts= [{1 NVIDIA 30 101 20}]
I0906 15:30:43.762735       1 utils.go:399] "Allocating device for container" request={"Nums":1,"Type":"NVIDIA","Memreq":30,"MemPercentagereq":101,"Coresreq":20}
I0906 15:30:43.762744       1 utils.go:402] "Scoring pod request" memReq=30 memPercentageReq=101 coresReq=20 Nums=1 Index=0 ID=0
I0906 15:30:43.762747       1 utils.go:403] "Current Device" Index=0 TotalMemory=409 UsedMemory=0 UsedCores=0 UsedNum=0 Number=10 replicate=true
I0906 15:30:43.762752       1 utils.go:403] "Current Device" Index=0 TotalMemory=409 UsedMemory=0 UsedCores=0 UsedNum=0 Number=10 replicate=true
I0906 15:30:43.762755       1 utils.go:449] fitted uuid: GPU-22345678-1234-1234-1234-123456780000
I0906 15:30:43.762759       1 utils.go:449] fitted uuid: GPU-12345678-1234-1234-1234-123456780000
I0906 15:30:43.762777       1 reclaim.go:185] Considering Task <volcano-tests/after-heartbeat-2-worker-0> on Node <volcano-lab-worker2>.
I0906 15:30:43.762785       1 reclaim.go:185] Considering Task <volcano-tests/after-heartbeat-2-worker-0> on Node <volcano-lab-worker>.
I0906 15:30:43.762791       1 reclaim.go:140] Considering reclaim for 1 tasks of job <volcano-tests/after-heartbeat-2-9700cafb-bd18-4783-a870-b698a7acaee4>.
I0906 15:30:43.762837       1 predicate_helper.go:115] Predicates failed: task volcano-tests/after-heartbeat-2-worker-1 on node volcano-lab-control-plane fit failed: node(s) had untolerated taint(s)
I0906 15:30:43.762845       1 util.go:238] counts= [{1 NVIDIA 30 101 20}]
I0906 15:30:43.762855       1 utils.go:399] "Allocating device for container" request={"Nums":1,"Type":"NVIDIA","Memreq":30,"MemPercentagereq":101,"Coresreq":20}
I0906 15:30:43.762856       1 util.go:238] counts= [{1 NVIDIA 30 101 20}]
I0906 15:30:43.762861       1 utils.go:402] "Scoring pod request" memReq=30 memPercentageReq=101 coresReq=20 Nums=1 Index=0 ID=0
I0906 15:30:43.762868       1 utils.go:403] "Current Device" Index=0 TotalMemory=409 UsedMemory=0 UsedCores=0 UsedNum=0 Number=10 replicate=true
I0906 15:30:43.762870       1 utils.go:399] "Allocating device for container" request={"Nums":1,"Type":"NVIDIA","Memreq":30,"MemPercentagereq":101,"Coresreq":20}
I0906 15:30:43.762872       1 utils.go:449] fitted uuid: GPU-12345678-1234-1234-1234-123456780000
I0906 15:30:43.762877       1 utils.go:402] "Scoring pod request" memReq=30 memPercentageReq=101 coresReq=20 Nums=1 Index=0 ID=0
I0906 15:30:43.762892       1 utils.go:403] "Current Device" Index=0 TotalMemory=409 UsedMemory=0 UsedCores=0 UsedNum=0 Number=10 replicate=true
I0906 15:30:43.762898       1 utils.go:449] fitted uuid: GPU-22345678-1234-1234-1234-123456780000
I0906 15:30:43.762906       1 reclaim.go:185] Considering Task <volcano-tests/after-heartbeat-2-worker-1> on Node <volcano-lab-worker>.
I0906 15:30:43.762909       1 reclaim.go:185] Considering Task <volcano-tests/after-heartbeat-2-worker-1> on Node <volcano-lab-worker2>.
I0906 15:30:43.762915       1 reclaim.go:135] No preemptor task in job <volcano-tests/after-heartbeat-2-9700cafb-bd18-4783-a870-b698a7acaee4>.
I0906 15:30:43.762920       1 statement.go:366] Discarding operations ...
I0906 15:30:43.762937       1 allocate.go:138] Try to allocate resource to 1 Queues
I0906 15:30:43.762948       1 allocate.go:328] "Try to allocate resource" queue="lab" job="volcano-tests/after-heartbeat-2-9700cafb-bd18-4783-a870-b698a7acaee4" taskNum=2
I0906 15:30:43.762960       1 allocate.go:757] There are <3> nodes for Job <volcano-tests/after-heartbeat-2-9700cafb-bd18-4783-a870-b698a7acaee4>
I0906 15:30:43.762981       1 predicate_helper.go:115] Predicates failed: task volcano-tests/after-heartbeat-2-worker-0 on node volcano-lab-control-plane fit failed: Insufficient volcano.sh/vgpu-memory
I0906 15:30:43.762999       1 util.go:238] counts= [{1 NVIDIA 30 101 20}]
I0906 15:30:43.763001       1 util.go:238] counts= [{1 NVIDIA 30 101 20}]
I0906 15:30:43.763005       1 utils.go:399] "Allocating device for container" request={"Nums":1,"Type":"NVIDIA","Memreq":30,"MemPercentagereq":101,"Coresreq":20}
I0906 15:30:43.763009       1 utils.go:399] "Allocating device for container" request={"Nums":1,"Type":"NVIDIA","Memreq":30,"MemPercentagereq":101,"Coresreq":20}
I0906 15:30:43.763010       1 utils.go:402] "Scoring pod request" memReq=30 memPercentageReq=101 coresReq=20 Nums=1 Index=0 ID=0
I0906 15:30:43.763014       1 utils.go:402] "Scoring pod request" memReq=30 memPercentageReq=101 coresReq=20 Nums=1 Index=0 ID=0
I0906 15:30:43.763015       1 utils.go:403] "Current Device" Index=0 TotalMemory=409 UsedMemory=0 UsedCores=0 UsedNum=0 Number=10 replicate=true
I0906 15:30:43.763020       1 utils.go:449] fitted uuid: GPU-12345678-1234-1234-1234-123456780000
I0906 15:30:43.763021       1 utils.go:403] "Current Device" Index=0 TotalMemory=409 UsedMemory=0 UsedCores=0 UsedNum=0 Number=10 replicate=true
I0906 15:30:43.763028       1 utils.go:449] fitted uuid: GPU-22345678-1234-1234-1234-123456780000
I0906 15:30:43.763118       1 allocate.go:934] Binding Task <volcano-tests/after-heartbeat-2-worker-0> to node <volcano-lab-worker>
E0906 15:30:43.763129       1 device_info.go:189] pod after-heartbeat-2-worker-0 has no annotation volcano.sh/devices-to-allocate
I0906 15:30:43.763134       1 statement.go:277] After allocated Task <volcano-tests/after-heartbeat-2-worker-0> to Node <volcano-lab-worker>: idle <cpu 11290.00, memory 27959619584.00, ephemeral-storage 1005867986944000.00, hugepages-1Gi 0.00, hugepages-2Mi 0.00, pods 103.00, volcano.sh/vgpu-cores 180000.00, volcano.sh/vgpu-memory 788000.00, volcano.sh/vgpu-number 19000.00>, used <cpu 710.00, memory 1193279488.00, pods 7.00, volcano.sh/vgpu-cores 20000.00, volcano.sh/vgpu-memory 30000.00, volcano.sh/vgpu-number 1000.00>, releasing <cpu 0.00, memory 0.00>
I0906 15:30:43.763167       1 util.go:238] counts= [{1 NVIDIA 30 101 20}]
I0906 15:30:43.763174       1 utils.go:399] "Allocating device for container" request={"Nums":1,"Type":"NVIDIA","Memreq":30,"MemPercentagereq":101,"Coresreq":20}
I0906 15:30:43.763180       1 utils.go:402] "Scoring pod request" memReq=30 memPercentageReq=101 coresReq=20 Nums=1 Index=0 ID=0
I0906 15:30:43.763184       1 utils.go:403] "Current Device" Index=0 TotalMemory=409 UsedMemory=0 UsedCores=0 UsedNum=0 Number=10 replicate=false
I0906 15:30:43.763188       1 utils.go:449] fitted uuid: GPU-12345678-1234-1234-1234-123456780000
I0906 15:30:43.771328       1 device_info.go:343] DeviceSharing:Allocate Success
I0906 15:30:43.771378       1 statement.go:307] Allocating operations ...
I0906 15:30:43.771404       1 allocate.go:757] There are <3> nodes for Job <volcano-tests/after-heartbeat-2-9700cafb-bd18-4783-a870-b698a7acaee4>
I0906 15:30:43.771471       1 util.go:238] counts= [{1 NVIDIA 30 101 20}]
I0906 15:30:43.771472       1 util.go:238] counts= [{1 NVIDIA 30 101 20}]
I0906 15:30:43.771487       1 utils.go:399] "Allocating device for container" request={"Nums":1,"Type":"NVIDIA","Memreq":30,"MemPercentagereq":101,"Coresreq":20}
I0906 15:30:43.771487       1 utils.go:399] "Allocating device for container" request={"Nums":1,"Type":"NVIDIA","Memreq":30,"MemPercentagereq":101,"Coresreq":20}
I0906 15:30:43.771496       1 utils.go:402] "Scoring pod request" memReq=30 memPercentageReq=101 coresReq=20 Nums=1 Index=1 ID=1
I0906 15:30:43.771497       1 utils.go:402] "Scoring pod request" memReq=30 memPercentageReq=101 coresReq=20 Nums=1 Index=0 ID=0
I0906 15:30:43.771502       1 utils.go:403] "Current Device" Index=1 TotalMemory=409 UsedMemory=0 UsedCores=0 UsedNum=0 Number=10 replicate=true
I0906 15:30:43.771503       1 utils.go:403] "Current Device" Index=0 TotalMemory=409 UsedMemory=0 UsedCores=0 UsedNum=0 Number=10 replicate=true
I0906 15:30:43.771508       1 utils.go:449] fitted uuid: GPU-12345678-1234-1234-1234-123456780001
I0906 15:30:43.771509       1 utils.go:449] fitted uuid: GPU-22345678-1234-1234-1234-123456780000
I0906 15:30:43.771614       1 allocate.go:934] Binding Task <volcano-tests/after-heartbeat-2-worker-1> to node <volcano-lab-worker>
E0906 15:30:43.771628       1 device_info.go:189] pod after-heartbeat-2-worker-1 has no annotation volcano.sh/devices-to-allocate
I0906 15:30:43.771633       1 statement.go:277] After allocated Task <volcano-tests/after-heartbeat-2-worker-1> to Node <volcano-lab-worker>: idle <cpu 11190.00, memory 27926065152.00, ephemeral-storage 1005867986944000.00, hugepages-1Gi 0.00, hugepages-2Mi 0.00, pods 102.00, volcano.sh/vgpu-cores 160000.00, volcano.sh/vgpu-memory 758000.00, volcano.sh/vgpu-number 18000.00>, used <cpu 810.00, memory 1226833920.00, pods 8.00, volcano.sh/vgpu-cores 40000.00, volcano.sh/vgpu-memory 60000.00, volcano.sh/vgpu-number 2000.00>, releasing <cpu 0.00, memory 0.00>
I0906 15:30:43.771670       1 util.go:238] counts= [{1 NVIDIA 30 101 20}]
I0906 15:30:43.771677       1 utils.go:399] "Allocating device for container" request={"Nums":1,"Type":"NVIDIA","Memreq":30,"MemPercentagereq":101,"Coresreq":20}
I0906 15:30:43.771682       1 utils.go:402] "Scoring pod request" memReq=30 memPercentageReq=101 coresReq=20 Nums=1 Index=1 ID=1
I0906 15:30:43.771687       1 utils.go:403] "Current Device" Index=1 TotalMemory=409 UsedMemory=0 UsedCores=0 UsedNum=0 Number=10 replicate=false
I0906 15:30:43.771693       1 utils.go:449] fitted uuid: GPU-12345678-1234-1234-1234-123456780001
I0906 15:30:43.779497       1 device_info.go:343] DeviceSharing:Allocate Success
I0906 15:30:43.779561       1 statement.go:307] Allocating operations ...
I0906 15:30:43.779596       1 allocate.go:833] "SubJob ready, return statement" job="volcano-tests/after-heartbeat-2-9700cafb-bd18-4783-a870-b698a7acaee4" subJob="volcano-tests/after-heartbeat-2-9700cafb-bd18-4783-a870-b698a7acaee4"
I0906 15:30:43.779610       1 statement.go:393] Committing operations ...
I0906 15:30:43.779732       1 proportion.go:326] Queue <lab> is overused: deserved <cpu 200.00, memory 67108864.00, ephemeral-storage 0.00, hugepages-1Gi 0.00, hugepages-2Mi 0.00, pods 2.00, volcano.sh/vgpu-cores 40000.00, volcano.sh/vgpu-memory 60000.00, volcano.sh/vgpu-number 2000.00>, allocated <cpu 200.00, memory 67108864.00, pods 2.00, volcano.sh/vgpu-cores 40000.00, volcano.sh/vgpu-memory 60000.00, volcano.sh/vgpu-number 2000.00>, share <1>
I0906 15:30:43.779755       1 allocate.go:295] Queue <lab> is overused, ignore it.
E0906 15:30:43.787703       1 device_info.go:159] pod after-heartbeat-2-worker-0 has no annotation volcano.sh/devices-to-allocate
E0906 15:30:43.787717       1 device_info.go:159] pod after-heartbeat-2-worker-1 has no annotation volcano.sh/devices-to-allocate
I0906 15:30:43.801470       1 session.go:577] Close Session 000fb6e6-a3c4-4bb1-bed7-474c131a667d
I0906 15:30:43.805616       1 cache.go:992] bind ok, latency 10.194808ms
I0906 15:30:43.805618       1 cache.go:992] bind ok, latency 10.193115ms
I0906 15:30:44.802627       1 device_info.go:111] GPU sharing mode:  hami-core
I0906 15:30:44.802673       1 device_info.go:113] "Nvidia Device registered name" name="volcano-lab-worker" val={"ID":0,"Node":"volcano-lab-worker","UUID":"GPU-12345678-1234-1234-1234-123456780000","PodMap":{},"Memory":409,"Number":10,"Type":"NVIDIA-NVIDIA A100-SXM4-40GB","Health":true,"UsedNum":0,"UsedMem":0,"UsedCore":0,"MigTemplate":[],"MigUsage":{"Index":-1,"UsageList":null}}
I0906 15:30:44.802709       1 device_info.go:113] "Nvidia Device registered name" name="volcano-lab-worker" val={"ID":1,"Node":"volcano-lab-worker","UUID":"GPU-12345678-1234-1234-1234-123456780001","PodMap":{},"Memory":409,"Number":10,"Type":"NVIDIA-NVIDIA A100-SXM4-40GB","Health":true,"UsedNum":0,"UsedMem":0,"UsedCore":0,"MigTemplate":[],"MigUsage":{"Index":-1,"UsageList":null}}
I0906 15:30:44.802750       1 device_info.go:111] GPU sharing mode:  hami-core
I0906 15:30:44.802765       1 device_info.go:113] "Nvidia Device registered name" name="volcano-lab-worker" val={"ID":0,"Node":"volcano-lab-worker","UUID":"GPU-12345678-1234-1234-1234-123456780000","PodMap":{},"Memory":409,"Number":10,"Type":"NVIDIA-NVIDIA A100-SXM4-40GB","Health":true,"UsedNum":0,"UsedMem":0,"UsedCore":0,"MigTemplate":[],"MigUsage":{"Index":-1,"UsageList":null}}
I0906 15:30:44.802778       1 device_info.go:113] "Nvidia Device registered name" name="volcano-lab-worker" val={"ID":1,"Node":"volcano-lab-worker","UUID":"GPU-12345678-1234-1234-1234-123456780001","PodMap":{},"Memory":409,"Number":10,"Type":"NVIDIA-NVIDIA A100-SXM4-40GB","Health":true,"UsedNum":0,"UsedMem":0,"UsedCore":0,"MigTemplate":[],"MigUsage":{"Index":-1,"UsageList":null}}
E0906 15:30:44.802805       1 device_info.go:189] pod kindnet-k2m7h has no annotation volcano.sh/devices-to-allocate
E0906 15:30:44.802824       1 device_info.go:189] pod kube-proxy-btcmr has no annotation volcano.sh/devices-to-allocate
E0906 15:30:44.802835       1 device_info.go:189] pod mock1-nvml-mock-9rgh9 has no annotation volcano.sh/devices-to-allocate
E0906 15:30:44.802882       1 device_info.go:189] pod grafana-7c5659d458-xrbnn has no annotation volcano.sh/devices-to-allocate
E0906 15:30:44.802892       1 device_info.go:189] pod volcano-device-plugin-2sg22 has no annotation volcano.sh/devices-to-allocate
E0906 15:30:44.802905       1 device_info.go:189] pod volcano-scheduler-65f6496dc8-58jzd has no annotation volcano.sh/devices-to-allocate
I0906 15:30:44.802970       1 device_info.go:111] GPU sharing mode:  hami-core
I0906 15:30:44.802986       1 device_info.go:113] "Nvidia Device registered name" name="volcano-lab-worker2" val={"ID":0,"Node":"volcano-lab-worker2","UUID":"GPU-22345678-1234-1234-1234-123456780000","PodMap":{},"Memory":409,"Number":10,"Type":"NVIDIA-NVIDIA A100-SXM4-40GB","Health":true,"UsedNum":0,"UsedMem":0,"UsedCore":0,"MigTemplate":[],"MigUsage":{"Index":-1,"UsageList":null}}
I0906 15:30:44.803005       1 device_info.go:113] "Nvidia Device registered name" name="volcano-lab-worker2" val={"ID":1,"Node":"volcano-lab-worker2","UUID":"GPU-22345678-1234-1234-1234-123456780001","PodMap":{},"Memory":409,"Number":10,"Type":"NVIDIA-NVIDIA A100-SXM4-40GB","Health":true,"UsedNum":0,"UsedMem":0,"UsedCore":0,"MigTemplate":[],"MigUsage":{"Index":-1,"UsageList":null}}
I0906 15:30:44.803026       1 device_info.go:111] GPU sharing mode:  hami-core
I0906 15:30:44.803038       1 device_info.go:113] "Nvidia Device registered name" name="volcano-lab-worker2" val={"ID":0,"Node":"volcano-lab-worker2","UUID":"GPU-22345678-1234-1234-1234-123456780000","PodMap":{},"Memory":409,"Number":10,"Type":"NVIDIA-NVIDIA A100-SXM4-40GB","Health":true,"UsedNum":0,"UsedMem":0,"UsedCore":0,"MigTemplate":[],"MigUsage":{"Index":-1,"UsageList":null}}
I0906 15:30:44.803085       1 device_info.go:113] "Nvidia Device registered name" name="volcano-lab-worker2" val={"ID":1,"Node":"volcano-lab-worker2","UUID":"GPU-22345678-1234-1234-1234-123456780001","PodMap":{},"Memory":409,"Number":10,"Type":"NVIDIA-NVIDIA A100-SXM4-40GB","Health":true,"UsedNum":0,"UsedMem":0,"UsedCore":0,"MigTemplate":[],"MigUsage":{"Index":-1,"UsageList":null}}
E0906 15:30:44.803117       1 device_info.go:189] pod volcano-controllers-5b976c6d4b-rkqw6 has no annotation volcano.sh/devices-to-allocate
E0906 15:30:44.803146       1 device_info.go:189] pod kube-proxy-gwssg has no annotation volcano.sh/devices-to-allocate
E0906 15:30:44.803158       1 device_info.go:189] pod prometheus-deployment-7cb9b4545b-h2fz4 has no annotation volcano.sh/devices-to-allocate
E0906 15:30:44.803169       1 device_info.go:189] pod volcano-device-plugin-jj26z has no annotation volcano.sh/devices-to-allocate
E0906 15:30:44.803178       1 device_info.go:189] pod mock2-nvml-mock-mtnbp has no annotation volcano.sh/devices-to-allocate
E0906 15:30:44.803189       1 device_info.go:189] pod volcano-admission-5b979dc8f6-8rdzl has no annotation volcano.sh/devices-to-allocate
E0906 15:30:44.803198       1 device_info.go:189] pod kindnet-5whpw has no annotation volcano.sh/devices-to-allocate
E0906 15:30:44.803207       1 device_info.go:189] pod kube-state-metrics-5ffcdf767c-gf9d5 has no annotation volcano.sh/devices-to-allocate
I0906 15:30:44.803407       1 cache.go:1581] "SnapShot for scheduling" jobNum=1 QueueNum=3 NodeNum=3
I0906 15:30:44.803436       1 session.go:1036] Start adjusting jobs' network topology spec according to hyperNodeTierNameMap map[]
I0906 15:30:44.803457       1 session.go:1079] Finish adjusting jobs' network topology spec according to hyperNodeTierNameMap map[]
I0906 15:30:44.803477       1 session.go:279] Open Session b0da5c6d-d725-426a-8477-b903c63ab575 with <1> Job and <3> Queues. HyperNodesReadyToSchedule: true
I0906 15:30:44.803847       1 gpuexclusive.go:437] gpuexclusive: no rules configured, skipping GPU exclusivity wrapping
I0906 15:30:44.803862       1 enqueue.go:79] Try to enqueue PodGroup to 0 Queues
I0906 15:30:44.803868       1 reclaim.go:68] There are <1> Jobs and <3> Queues in total for scheduling.
I0906 15:30:44.803877       1 proportion.go:326] Queue <lab> is overused: deserved <cpu 200.00, memory 67108864.00, ephemeral-storage 0.00, hugepages-1Gi 0.00, hugepages-2Mi 0.00, pods 2.00, volcano.sh/vgpu-cores 40000.00, volcano.sh/vgpu-memory 60000.00, volcano.sh/vgpu-number 2000.00>, allocated <cpu 200.00, memory 67108864.00, pods 2.00, volcano.sh/vgpu-cores 40000.00, volcano.sh/vgpu-memory 60000.00, volcano.sh/vgpu-number 2000.00>, share <1>
I0906 15:30:44.803891       1 reclaim.go:112] Queue <lab> is overused, ignore it.
I0906 15:30:44.803900       1 allocate.go:138] Try to allocate resource to 0 Queues
I0906 15:30:44.821392       1 session.go:577] Close Session b0da5c6d-d725-426a-8477-b903c63ab575
